index,date,open,high,low,close,volume
0,2020/12/18 09:45:00,66.9,67.0,66.75,66.85,8563.0
1,2020/12/18 09:46:00,66.85,66.85,66.7,66.8,10598.0
2,2020/12/18 09:47:00,66.7,66.85,66.7,66.85,13961.0
3,2020/12/18 09:48:00,66.85,66.95,66.85,66.95,2941.0
4,2020/12/18 09:49:00,66.9,67.0,66.8,67.0,2613.0
5,2020/12/18 09:50:00,66.9,66.9,66.8,66.9,3278.0
6,2020/12/18 09:51:00,66.75,66.95,66.75,66.95,5341.0
7,2020/12/18 09:52:00,66.95,66.95,66.75,66.9,1377.0
8,2020/12/18 09:53:00,66.75,66.85,66.75,66.85,3564.0
9,2020/12/18 09:54:00,66.75,66.75,66.75,66.75,250.0
10,2020/12/18 09:55:00,66.75,66.75,66.65,66.75,5127.0
11,2020/12/18 09:56:00,66.65,66.65,66.65,66.65,250.0
12,2020/12/18 09:57:00,66.75,66.8,66.6,66.8,3730.0
13,2020/12/18 09:58:00,66.8,66.8,66.7,66.75,3364.0
14,2020/12/18 09:59:00,66.7,66.7,66.6,66.7,1051.0
15,2020/12/18 10:00:00,66.6,66.6,66.55,66.6,3350.0
16,2020/12/18 10:01:00,66.7,66.75,66.6,66.75,2937.0
17,2020/12/18 10:02:00,66.8,66.85,66.7,66.75,3693.0
18,2020/12/18 10:03:00,66.85,66.85,66.7,66.8,777.0
19,2020/12/18 10:04:00,66.85,66.85,66.7,66.7,1784.0
20,2020/12/18 10:05:00,66.7,66.8,66.7,66.8,1700.0
21,2020/12/18 10:06:00,66.75,66.85,66.75,66.85,1807.0
22,2020/12/18 10:07:00,66.85,66.85,66.8,66.8,2118.0
23,2020/12/18 10:08:00,66.85,66.95,66.85,66.95,22287.0
24,2020/12/18 10:09:00,66.95,66.95,66.8,66.8,3739.0
25,2020/12/18 10:10:00,66.85,66.9,66.8,66.8,3276.0
26,2020/12/18 10:11:00,66.75,66.9,66.75,66.9,1091.0
27,2020/12/18 10:12:00,66.85,66.9,66.85,66.9,1830.0
28,2020/12/18 10:13:00,66.9,66.9,66.85,66.9,437.0
29,2020/12/18 10:14:00,66.9,66.9,66.8,66.9,813.0
30,2020/12/18 10:15:00,66.9,66.9,66.7,66.7,20670.0
31,2020/12/18 10:16:00,66.7,66.85,66.7,66.85,5527.0
32,2020/12/18 10:17:00,66.95,67.0,66.8,66.9,8122.0
33,2020/12/18 10:18:00,66.9,66.95,66.8,66.85,2884.0
34,2020/12/18 10:19:00,66.9,67.0,66.8,67.0,2941.0
35,2020/12/18 10:20:00,66.8,67.0,66.8,66.85,2121.0
36,2020/12/18 10:21:00,67.0,67.0,66.95,67.0,622.0
37,2020/12/18 10:22:00,67.0,67.0,66.95,67.0,14186.0
38,2020/12/18 10:23:00,67.0,67.0,66.9,66.95,21689.0
39,2020/12/18 10:24:00,66.95,66.95,66.95,66.95,3659.0
40,2020/12/18 10:25:00,66.95,66.95,66.95,66.95,1838.0
41,2020/12/18 10:26:00,66.9,67.0,66.9,67.0,6262.0
42,2020/12/18 10:27:00,67.0,67.0,67.0,67.0,371.0
43,2020/12/18 10:28:00,67.0,67.0,66.95,66.95,1271.0
44,2020/12/18 10:29:00,66.95,66.95,66.9,66.95,534.0
45,2020/12/18 10:30:00,66.95,67.0,66.95,66.95,808.0
46,2020/12/18 10:31:00,66.9,66.95,66.9,66.95,2461.0
47,2020/12/18 10:32:00,66.95,66.95,66.95,66.95,1.0
48,2020/12/18 10:33:00,66.95,66.95,66.85,66.85,249.0
49,2020/12/18 10:34:00,66.95,67.0,66.95,67.0,3515.0
50,2020/12/18 10:35:00,67.0,67.0,67.0,67.0,1377.0
51,2020/12/18 10:36:00,66.95,67.0,66.95,67.0,480.0
52,2020/12/18 10:37:00,67.0,67.0,66.95,67.0,394.0
53,2020/12/18 10:38:00,67.0,67.0,66.9,66.95,660.0
54,2020/12/18 10:39:00,66.95,66.95,66.85,66.9,4361.0
55,2020/12/18 10:40:00,66.9,66.95,66.9,66.95,1499.0
56,2020/12/18 10:41:00,66.95,66.95,66.9,66.9,673.0
57,2020/12/18 10:42:00,66.9,66.95,66.9,66.95,1010.0
58,2020/12/18 10:43:00,67.0,67.0,66.9,66.9,2853.0
59,2020/12/18 10:45:00,67.0,67.0,67.0,67.0,1334.0
60,2020/12/18 10:46:00,67.0,67.0,67.0,67.0,915.0
61,2020/12/18 10:47:00,67.0,67.0,67.0,67.0,950.0
62,2020/12/18 10:48:00,66.95,67.0,66.95,67.0,4181.0
63,2020/12/18 10:49:00,67.0,67.0,67.0,67.0,2571.0
64,2020/12/18 10:50:00,67.0,67.0,67.0,67.0,734.0
65,2020/12/18 10:51:00,67.0,67.0,67.0,67.0,107.0
66,2020/12/18 10:52:00,67.0,67.0,66.9,66.9,3721.0
67,2020/12/18 10:54:00,66.95,66.95,66.95,66.95,35.0
68,2020/12/18 10:55:00,67.0,67.0,66.9,67.0,18620.0
69,2020/12/18 10:56:00,67.0,67.0,67.0,67.0,1110.0
70,2020/12/18 10:57:00,67.0,67.0,67.0,67.0,31.0
71,2020/12/18 10:58:00,66.9,67.0,66.9,66.9,2300.0
72,2020/12/18 10:59:00,67.0,67.0,66.9,66.95,152.0
73,2020/12/18 11:00:00,66.95,66.95,66.95,66.95,545.0
74,2020/12/18 11:01:00,66.95,66.95,66.9,66.9,3755.0
75,2020/12/18 11:02:00,67.0,67.0,66.9,66.9,567.0
76,2020/12/18 11:03:00,67.0,67.0,66.9,67.0,1171.0
77,2020/12/18 11:04:00,67.0,67.0,67.0,67.0,11505.0
78,2020/12/18 11:05:00,67.0,67.1,67.0,67.1,3564.0
79,2020/12/18 11:06:00,67.15,67.15,67.15,67.15,2000.0
80,2020/12/18 11:07:00,67.35,67.4,67.35,67.35,18236.0
81,2020/12/18 11:08:00,67.3,67.3,67.0,67.0,16305.0
82,2020/12/18 11:09:00,67.2,67.2,67.2,67.2,890.0
83,2020/12/18 11:10:00,67.2,67.25,67.2,67.2,2985.0
84,2020/12/18 11:11:00,67.25,67.3,67.2,67.2,1560.0
85,2020/12/18 11:12:00,67.25,67.3,67.2,67.2,3487.0
86,2020/12/18 11:13:00,67.15,67.3,67.15,67.3,3383.0
87,2020/12/18 11:14:00,67.3,67.3,67.2,67.25,550.0
88,2020/12/18 11:15:00,67.3,67.45,67.3,67.45,4369.0
89,2020/12/18 11:16:00,67.45,67.45,67.35,67.35,743.0
90,2020/12/18 11:17:00,67.4,67.4,67.25,67.25,3970.0
91,2020/12/18 11:18:00,67.25,67.25,67.2,67.25,849.0
92,2020/12/18 11:19:00,67.25,67.25,67.2,67.25,2625.0
93,2020/12/18 11:20:00,67.25,67.25,67.25,67.25,1750.0
94,2020/12/18 11:21:00,67.35,67.35,67.25,67.25,1265.0
95,2020/12/18 11:22:00,67.25,67.3,67.25,67.3,2100.0
96,2020/12/18 11:23:00,67.25,67.3,67.25,67.3,1010.0
97,2020/12/18 11:24:00,67.3,67.35,67.3,67.35,1064.0
98,2020/12/18 11:25:00,67.25,67.4,67.25,67.4,4200.0
99,2020/12/18 11:26:00,67.35,67.35,67.25,67.25,120.0
100,2020/12/18 11:27:00,67.35,67.35,67.35,67.35,1473.0
101,2020/12/18 11:28:00,67.35,67.4,67.3,67.3,1515.0
102,2020/12/18 11:29:00,67.3,67.3,67.3,67.3,500.0
103,2020/12/18 11:30:00,67.35,67.4,67.35,67.4,150.0
104,2020/12/18 11:31:00,67.45,67.45,67.45,67.45,500.0
105,2020/12/18 11:32:00,67.45,67.45,67.45,67.45,1500.0
106,2020/12/18 11:33:00,67.4,67.45,67.4,67.45,535.0
107,2020/12/18 11:34:00,67.4,67.4,67.4,67.4,1.0
108,2020/12/18 11:35:00,67.4,67.4,67.4,67.4,100.0
109,2020/12/18 11:36:00,67.35,67.35,67.35,67.35,3.0
110,2020/12/18 11:37:00,67.3,67.3,67.3,67.3,220.0
111,2020/12/18 11:38:00,67.35,67.35,67.3,67.3,426.0
112,2020/12/18 11:39:00,67.35,67.35,67.35,67.35,204.0
113,2020/12/18 11:40:00,67.3,67.3,67.25,67.25,1812.0
114,2020/12/18 11:41:00,67.25,67.3,67.25,67.3,1642.0
115,2020/12/18 11:42:00,67.3,67.3,67.3,67.3,5.0
116,2020/12/18 11:43:00,67.3,67.3,67.25,67.3,1870.0
117,2020/12/18 11:44:00,67.25,67.35,67.25,67.35,1805.0
118,2020/12/18 11:45:00,67.3,67.3,67.3,67.3,103.0
119,2020/12/18 11:46:00,67.25,67.3,67.25,67.3,106.0
120,2020/12/18 11:47:00,67.25,67.3,67.2,67.2,2637.0
121,2020/12/18 11:48:00,67.2,67.2,67.1,67.1,6096.0
122,2020/12/18 11:49:00,67.25,67.35,67.25,67.3,3337.0
123,2020/12/18 11:50:00,67.5,67.5,67.35,67.35,8801.0
124,2020/12/18 11:51:00,67.35,67.35,67.35,67.35,22.0
125,2020/12/18 11:52:00,67.45,67.45,67.35,67.35,35.0
126,2020/12/18 11:53:00,67.35,67.45,67.35,67.45,2794.0
127,2020/12/18 11:54:00,67.35,67.45,67.35,67.35,2756.0
128,2020/12/18 11:55:00,67.4,67.4,67.25,67.25,4709.0
129,2020/12/18 11:56:00,67.2,67.2,67.2,67.2,5.0
130,2020/12/18 11:57:00,67.3,67.35,67.3,67.35,1500.0
131,2020/12/18 11:58:00,67.3,67.35,67.3,67.35,115.0
132,2020/12/18 11:59:00,67.35,67.35,67.3,67.3,10.0
133,2020/12/18 12:01:00,67.3,67.3,67.3,67.3,2.0
134,2020/12/18 12:02:00,67.2,67.2,67.2,67.2,300.0
135,2020/12/18 12:03:00,67.3,67.3,67.2,67.2,1200.0
136,2020/12/18 12:04:00,67.2,67.2,67.2,67.2,190.0
137,2020/12/18 12:05:00,67.25,67.25,67.2,67.2,305.0
138,2020/12/18 12:06:00,67.15,67.2,67.15,67.15,3877.0
139,2020/12/18 12:07:00,67.15,67.15,67.1,67.1,201.0
140,2020/12/18 12:08:00,67.15,67.15,67.05,67.15,606.0
141,2020/12/18 12:09:00,67.15,67.15,67.15,67.15,27.0
142,2020/12/18 12:11:00,67.2,67.2,67.2,67.2,1758.0
143,2020/12/18 12:13:00,67.2,67.2,67.2,67.2,1.0
144,2020/12/18 12:14:00,67.2,67.2,67.2,67.2,50.0
145,2020/12/18 12:15:00,67.2,67.2,67.15,67.15,2386.0
146,2020/12/18 12:16:00,67.15,67.15,67.15,67.15,300.0
147,2020/12/18 12:17:00,67.2,67.2,67.2,67.2,500.0
148,2020/12/18 12:18:00,67.2,67.2,67.2,67.2,705.0
149,2020/12/18 12:19:00,67.2,67.2,67.15,67.15,1180.0
150,2020/12/18 12:21:00,67.0,67.0,66.9,66.9,9807.0
151,2020/12/18 12:22:00,66.9,67.0,66.9,67.0,2960.0
152,2020/12/18 12:23:00,67.0,67.0,67.0,67.0,2650.0
153,2020/12/18 12:24:00,67.1,67.1,67.1,67.1,100.0
154,2020/12/18 12:25:00,67.1,67.1,67.1,67.1,100.0
155,2020/12/18 12:26:00,67.1,67.1,67.05,67.05,494.0
156,2020/12/18 12:27:00,67.05,67.05,67.05,67.05,250.0
157,2020/12/18 12:28:00,67.05,67.05,67.05,67.05,457.0
158,2020/12/18 12:29:00,67.05,67.05,67.0,67.05,411.0
159,2020/12/18 12:30:00,67.0,67.05,66.9,66.9,2816.0
160,2020/12/18 12:31:00,67.0,67.0,67.0,67.0,50.0
161,2020/12/18 12:32:00,67.0,67.05,67.0,67.05,112.0
162,2020/12/18 12:33:00,67.0,67.0,67.0,67.0,120.0
163,2020/12/18 12:34:00,67.05,67.05,67.0,67.05,146.0
164,2020/12/18 12:35:00,67.15,67.2,67.1,67.1,5562.0
165,2020/12/18 12:36:00,67.1,67.1,67.1,67.1,500.0
166,2020/12/18 12:37:00,67.1,67.1,66.8,66.9,15842.0
167,2020/12/18 12:38:00,66.9,66.9,66.9,66.9,1.0
168,2020/12/18 12:39:00,66.9,66.9,66.9,66.9,71.0
169,2020/12/18 12:40:00,66.85,66.95,66.85,66.95,1200.0
170,2020/12/18 12:41:00,66.9,66.9,66.9,66.9,200.0
171,2020/12/18 12:42:00,66.9,66.9,66.9,66.9,150.0
172,2020/12/18 12:43:00,66.85,66.85,66.8,66.85,1100.0
173,2020/12/18 12:44:00,66.9,66.95,66.9,66.95,1062.0
174,2020/12/18 12:45:00,66.85,66.95,66.85,66.95,186.0
175,2020/12/18 12:46:00,66.95,66.95,66.95,66.95,20.0
176,2020/12/18 12:47:00,66.9,66.95,66.9,66.95,325.0
177,2020/12/18 12:48:00,66.9,66.9,66.9,66.9,1000.0
178,2020/12/18 12:49:00,66.95,66.95,66.95,66.95,25.0
179,2020/12/18 12:50:00,66.95,67.1,66.95,67.0,9784.0
180,2020/12/18 12:51:00,67.0,67.1,67.0,67.1,281.0
181,2020/12/18 12:52:00,67.0,67.0,67.0,67.0,200.0
182,2020/12/18 12:54:00,67.1,67.1,67.05,67.05,225.0
183,2020/12/18 12:55:00,67.05,67.15,67.05,67.15,226.0
184,2020/12/18 12:56:00,67.05,67.15,67.05,67.15,1025.0
185,2020/12/18 12:57:00,67.15,67.25,67.15,67.2,1973.0
186,2020/12/18 12:58:00,67.15,67.15,67.1,67.1,2633.0
187,2020/12/18 12:59:00,67.15,67.15,67.15,67.15,100.0
188,2020/12/18 13:00:00,67.25,67.25,67.25,67.25,500.0
189,2020/12/18 13:01:00,67.15,67.15,67.0,67.0,6474.0
190,2020/12/18 13:02:00,67.0,67.0,66.9,66.9,2005.0
191,2020/12/18 13:03:00,66.95,66.95,66.95,66.95,300.0
192,2020/12/18 13:04:00,66.95,66.95,66.85,66.85,10421.0
193,2020/12/18 13:05:00,66.95,66.95,66.8,66.8,108.0
194,2020/12/18 13:06:00,66.8,66.85,66.8,66.85,620.0
195,2020/12/18 13:07:00,66.9,66.9,66.9,66.9,370.0
196,2020/12/18 13:08:00,66.9,66.9,66.9,66.9,98.0
197,2020/12/18 13:09:00,66.8,66.8,66.8,66.8,800.0
198,2020/12/18 13:10:00,66.8,66.85,66.75,66.8,9422.0
199,2020/12/18 13:11:00,66.8,66.85,66.8,66.85,430.0
200,2020/12/18 13:12:00,66.85,66.85,66.85,66.85,10.0
201,2020/12/18 13:13:00,66.85,66.85,66.8,66.8,730.0
202,2020/12/18 13:14:00,66.95,66.95,66.95,66.95,1100.0
203,2020/12/18 13:15:00,66.95,66.95,66.95,66.95,1010.0
204,2020/12/18 13:16:00,66.85,66.9,66.85,66.9,77.0
205,2020/12/18 13:17:00,66.85,66.9,66.85,66.85,207.0
206,2020/12/18 13:19:00,66.8,66.85,66.75,66.85,1196.0
207,2020/12/18 13:20:00,66.85,66.85,66.85,66.85,797.0
208,2020/12/18 13:21:00,66.9,66.9,66.9,66.9,100.0
209,2020/12/18 13:22:00,66.9,66.95,66.9,66.9,51.0
210,2020/12/18 13:23:00,66.8,66.8,66.8,66.8,3675.0
211,2020/12/18 13:24:00,66.9,66.9,66.85,66.85,325.0
212,2020/12/18 13:25:00,66.9,66.95,66.9,66.9,4950.0
213,2020/12/18 13:26:00,66.9,66.95,66.85,66.85,226.0
214,2020/12/18 13:27:00,66.9,66.95,66.9,66.95,625.0
215,2020/12/18 13:28:00,66.9,66.95,66.85,66.85,165.0
216,2020/12/18 13:29:00,66.95,66.95,66.9,66.95,287.0
217,2020/12/18 13:30:00,66.95,67.1,66.95,67.0,3711.0
218,2020/12/18 13:31:00,67.1,67.15,67.1,67.1,2440.0
219,2020/12/18 13:32:00,67.2,67.25,67.2,67.2,3590.0
220,2020/12/18 13:33:00,67.2,67.2,67.2,67.2,1.0
221,2020/12/18 13:34:00,67.3,67.3,67.3,67.3,4802.0
222,2020/12/18 13:35:00,67.3,67.4,67.25,67.35,2327.0
223,2020/12/18 13:36:00,67.35,67.35,67.25,67.35,7937.0
224,2020/12/18 13:37:00,67.35,67.35,67.35,67.35,852.0
225,2020/12/18 13:38:00,67.4,67.4,67.35,67.35,2896.0
226,2020/12/18 13:39:00,67.35,67.35,67.3,67.35,1657.0
227,2020/12/18 13:40:00,67.3,67.35,67.3,67.35,372.0
228,2020/12/18 13:41:00,67.35,67.35,67.2,67.2,1149.0
229,2020/12/18 13:42:00,67.2,67.2,67.2,67.2,2051.0
230,2020/12/18 13:43:00,67.25,67.25,67.25,67.25,14.0
231,2020/12/18 13:44:00,67.3,67.3,67.2,67.3,2145.0
232,2020/12/18 13:45:00,67.3,67.3,67.3,67.3,1000.0
233,2020/12/18 13:46:00,67.3,67.3,67.2,67.2,1300.0
234,2020/12/18 13:47:00,67.15,67.15,67.15,67.15,1000.0
235,2020/12/18 13:48:00,67.1,67.2,67.1,67.2,626.0
236,2020/12/18 13:49:00,67.2,67.3,67.2,67.3,3001.0
237,2020/12/18 13:50:00,67.2,67.2,67.2,67.2,50.0
238,2020/12/18 13:51:00,67.35,67.35,67.35,67.35,500.0
239,2020/12/18 13:52:00,67.3,67.35,67.3,67.35,1100.0
240,2020/12/18 13:53:00,67.35,67.35,67.35,67.35,120.0
241,2020/12/18 13:54:00,67.25,67.3,67.25,67.3,15.0
242,2020/12/18 13:55:00,67.25,67.3,67.25,67.3,230.0
243,2020/12/18 13:56:00,67.3,67.3,67.3,67.3,428.0
244,2020/12/18 13:57:00,67.35,67.7,67.35,67.7,12316.0
245,2020/12/18 13:58:00,67.6,67.8,67.6,67.8,7955.0
246,2020/12/18 13:59:00,67.75,67.75,67.5,67.65,15305.0
247,2020/12/18 14:00:00,67.7,67.75,67.65,67.7,4032.0
248,2020/12/18 14:01:00,67.7,67.7,67.6,67.6,2146.0
249,2020/12/18 14:02:00,67.55,67.7,67.55,67.55,1236.0
250,2020/12/18 14:03:00,67.55,67.55,67.5,67.55,67.0
251,2020/12/18 14:04:00,67.55,67.55,67.55,67.55,1698.0
252,2020/12/18 14:05:00,67.55,67.55,67.5,67.5,1160.0
253,2020/12/18 14:06:00,67.5,67.5,67.4,67.4,5447.0
254,2020/12/18 14:07:00,67.5,67.5,67.25,67.25,2976.0
255,2020/12/18 14:08:00,67.35,67.35,67.25,67.25,505.0
256,2020/12/18 14:09:00,67.35,67.4,67.3,67.4,276.0
257,2020/12/18 14:10:00,67.5,67.5,67.5,67.5,1708.0
258,2020/12/18 14:11:00,67.5,67.5,67.5,67.5,759.0
259,2020/12/18 14:12:00,67.5,67.5,67.4,67.5,407.0
260,2020/12/18 14:13:00,67.4,67.45,67.35,67.45,251.0
261,2020/12/18 14:15:00,67.4,67.55,67.4,67.55,1659.0
262,2020/12/18 14:16:00,67.5,67.5,67.5,67.5,1001.0
263,2020/12/18 14:17:00,67.55,67.55,67.5,67.55,811.0
264,2020/12/18 14:18:00,67.5,67.55,67.5,67.5,1610.0
265,2020/12/18 14:19:00,67.4,67.4,67.4,67.4,4615.0
266,2020/12/18 14:20:00,67.4,67.4,67.4,67.4,5.0
267,2020/12/18 14:21:00,67.3,67.3,67.25,67.3,1271.0
268,2020/12/18 14:22:00,67.3,67.3,67.25,67.25,3619.0
269,2020/12/18 14:23:00,67.1,67.2,67.1,67.2,5332.0
270,2020/12/18 14:24:00,67.2,67.2,67.2,67.2,77.0
271,2020/12/18 14:25:00,67.0,67.2,67.0,67.2,4140.0
272,2020/12/18 14:26:00,67.15,67.2,67.1,67.2,4824.0
273,2020/12/18 14:27:00,67.1,67.1,67.1,67.1,1.0
274,2020/12/18 14:28:00,67.1,67.2,67.1,67.2,1020.0
275,2020/12/18 14:29:00,67.2,67.35,67.2,67.35,205.0
276,2020/12/18 14:30:00,67.3,67.3,67.3,67.3,889.0
277,2020/12/18 14:31:00,67.25,67.25,67.2,67.25,1495.0
278,2020/12/18 14:32:00,67.2,67.25,67.15,67.15,4346.0
279,2020/12/18 14:33:00,67.1,67.2,67.05,67.1,887.0
280,2020/12/18 14:34:00,67.1,67.15,67.1,67.1,428.0
281,2020/12/18 14:35:00,67.15,67.15,67.15,67.15,275.0
282,2020/12/18 14:36:00,67.15,67.25,67.15,67.25,1631.0
283,2020/12/18 14:37:00,67.2,67.25,67.2,67.25,135.0
284,2020/12/18 14:38:00,67.35,67.35,67.25,67.25,1100.0
285,2020/12/18 14:39:00,67.3,67.3,67.2,67.2,160.0
286,2020/12/18 14:40:00,67.3,67.3,67.3,67.3,300.0
287,2020/12/18 14:41:00,67.25,67.35,67.25,67.3,1800.0
288,2020/12/18 14:42:00,67.25,67.3,67.2,67.3,1769.0
289,2020/12/18 14:43:00,67.2,67.35,67.2,67.35,5374.0
290,2020/12/18 14:44:00,67.25,67.3,67.25,67.25,620.0
291,2020/12/18 14:45:00,67.25,67.3,67.2,67.2,7469.0
292,2020/12/18 14:46:00,67.2,67.2,67.2,67.2,3142.0
293,2020/12/18 14:47:00,67.15,67.15,67.1,67.15,709.0
294,2020/12/18 14:48:00,67.15,67.15,67.05,67.05,3632.0
295,2020/12/18 14:49:00,67.15,67.15,67.0,67.0,1770.0
296,2020/12/18 14:50:00,67.0,67.05,67.0,67.05,2356.0
297,2020/12/18 14:51:00,67.1,67.2,67.1,67.15,1108.0
298,2020/12/18 14:52:00,67.15,67.2,67.15,67.15,1700.0
299,2020/12/18 14:53:00,67.2,67.2,66.9,66.95,13917.0
300,2020/12/18 14:54:00,66.95,67.0,66.95,67.0,3162.0
301,2020/12/18 14:55:00,67.0,67.0,66.9,66.9,11498.0
302,2020/12/18 14:56:00,66.9,66.95,66.8,66.8,21164.0
303,2020/12/18 14:57:00,66.85,66.9,66.8,66.85,1770.0
304,2020/12/18 14:58:00,66.85,66.85,66.8,66.8,1716.0
305,2020/12/18 14:59:00,66.8,66.85,66.75,66.85,1483.0
306,2020/12/18 15:00:00,66.8,66.85,66.7,66.7,28010.0
307,2020/12/18 15:01:00,66.75,66.9,66.75,66.8,52251.0
308,2020/12/18 15:02:00,66.8,66.9,66.8,66.85,3281.0
309,2020/12/18 15:03:00,66.85,66.85,66.85,66.85,11557.0
310,2020/12/18 15:04:00,66.85,67.4,66.85,67.3,21564.0
311,2020/12/18 15:05:00,67.35,67.4,67.35,67.35,25818.0
312,2020/12/18 15:06:00,67.35,67.55,67.35,67.55,27037.0
313,2020/12/18 15:07:00,67.5,67.55,67.5,67.55,27223.0
314,2020/12/18 15:08:00,67.55,67.6,67.5,67.55,14214.0
315,2020/12/18 15:09:00,67.6,67.7,67.55,67.7,20123.0
316,2020/12/18 15:10:00,67.7,68.0,67.7,67.95,46067.0
317,2020/12/18 15:11:00,68.0,68.1,68.0,68.0,30703.0
318,2020/12/18 15:12:00,68.0,68.05,67.55,67.65,44608.0
319,2020/12/18 15:13:00,67.65,67.65,67.6,67.6,7225.0
320,2020/12/18 15:14:00,67.6,67.85,67.6,67.8,15502.0
321,2020/12/18 15:15:00,67.85,68.1,67.85,68.05,32090.0
322,2020/12/18 15:16:00,68.15,68.25,68.1,68.2,53403.0
323,2020/12/18 15:17:00,68.25,68.3,68.2,68.25,15110.0
324,2020/12/18 15:18:00,68.25,68.25,68.2,68.2,22615.0
325,2020/12/18 15:19:00,68.2,68.25,68.2,68.2,11143.0
326,2020/12/18 15:20:00,68.25,68.25,68.2,68.2,32578.0
327,2020/12/18 15:21:00,68.25,68.25,68.2,68.2,17054.0
328,2020/12/18 15:22:00,68.25,68.4,68.2,68.35,14512.0
329,2020/12/18 15:23:00,68.4,69.1,68.4,69.0,44979.0
330,2020/12/18 15:24:00,69.15,69.95,69.05,69.55,69448.0
331,2020/12/18 15:25:00,69.8,70.5,69.8,70.4,154035.0
332,2020/12/18 15:26:00,70.45,70.45,70.0,70.0,99671.0
333,2020/12/18 15:27:00,70.0,70.25,70.0,70.0,70369.0
334,2020/12/18 15:28:00,70.0,70.05,70.0,70.0,37373.0
335,2020/12/18 15:29:00,70.0,70.05,70.0,70.0,72862.0
336,2020/12/18 15:30:00,70.05,70.05,70.05,70.05,1301.0
337,2020/12/18 15:40:00,68.8,68.8,68.8,68.8,400.0
338,2020/12/18 15:44:00,68.8,68.8,68.8,68.8,1.0
339,2020/12/18 15:47:00,68.8,68.8,68.8,68.8,400.0
340,2020/12/18 15:54:00,68.8,68.8,68.8,68.8,5.0
341,2020/12/21 09:07:00,69.95,69.95,69.95,69.95,12557.0
342,2020/12/21 09:15:00,69.9,70.5,69.5,70.0,41060.0
343,2020/12/21 09:16:00,69.8,69.95,69.6,69.7,11366.0
344,2020/12/21 09:17:00,69.65,69.8,69.5,69.55,14879.0
345,2020/12/21 09:18:00,69.6,69.9,69.6,69.85,20206.0
346,2020/12/21 09:19:00,69.7,69.9,69.7,69.85,9720.0
347,2020/12/21 09:20:00,69.75,69.95,69.75,69.95,14250.0
348,2020/12/21 09:21:00,69.95,70.0,69.8,69.9,15038.0
349,2020/12/21 09:22:00,70.15,70.4,70.0,70.4,45643.0
350,2020/12/21 09:23:00,70.25,70.4,70.25,70.3,28488.0
351,2020/12/21 09:24:00,70.4,70.45,70.3,70.3,7227.0
352,2020/12/21 09:25:00,70.35,70.45,70.3,70.3,8578.0
353,2020/12/21 09:26:00,70.45,70.45,70.25,70.35,35427.0
354,2020/12/21 09:27:00,70.4,70.4,70.2,70.2,12157.0
355,2020/12/21 09:28:00,70.15,70.2,70.0,70.0,11341.0
356,2020/12/21 09:29:00,70.05,70.15,70.0,70.05,12294.0
357,2020/12/21 09:30:00,70.1,70.3,70.1,70.3,27086.0
358,2020/12/21 09:31:00,70.45,70.5,70.3,70.5,28608.0
359,2020/12/21 09:32:00,70.6,70.9,70.6,70.75,34783.0
360,2020/12/21 09:33:00,70.8,70.85,70.65,70.75,8782.0
361,2020/12/21 09:34:00,70.7,70.8,70.55,70.7,49379.0
362,2020/12/21 09:35:00,70.75,70.75,70.6,70.6,5198.0
363,2020/12/21 09:36:00,70.7,70.7,70.55,70.55,5888.0
364,2020/12/21 09:37:00,70.6,70.6,70.3,70.35,10355.0
365,2020/12/21 09:38:00,70.4,70.4,70.25,70.25,1302.0
366,2020/12/21 09:39:00,70.35,70.35,70.15,70.2,12609.0
367,2020/12/21 09:40:00,70.15,70.3,70.15,70.15,3819.0
368,2020/12/21 09:41:00,70.15,70.4,70.1,70.25,4869.0
369,2020/12/21 09:42:00,70.15,70.4,70.15,70.2,4015.0
370,2020/12/21 09:43:00,70.5,70.7,70.45,70.65,16240.0
371,2020/12/21 09:44:00,70.6,70.65,70.5,70.55,5250.0
372,2020/12/21 09:45:00,70.55,70.6,70.45,70.55,3820.0
373,2020/12/21 09:46:00,70.5,70.8,70.5,70.7,11630.0
374,2020/12/21 09:47:00,70.75,70.75,70.6,70.7,4274.0
375,2020/12/21 09:48:00,70.65,70.75,70.65,70.75,6834.0
376,2020/12/21 09:49:00,70.75,70.75,70.65,70.65,6853.0
377,2020/12/21 09:50:00,70.75,70.75,70.65,70.75,6196.0
378,2020/12/21 09:51:00,70.6,70.65,70.45,70.5,8405.0
379,2020/12/21 09:52:00,70.4,70.5,70.4,70.5,4283.0
380,2020/12/21 09:53:00,70.45,70.55,70.4,70.55,6622.0
381,2020/12/21 09:54:00,70.55,70.75,70.5,70.7,13128.0
382,2020/12/21 09:55:00,70.55,70.7,70.5,70.5,5008.0
383,2020/12/21 09:56:00,70.6,70.6,70.5,70.6,5239.0
384,2020/12/21 09:57:00,70.6,70.6,70.4,70.5,2307.0
385,2020/12/21 09:58:00,70.4,70.5,70.35,70.4,3018.0
386,2020/12/21 09:59:00,70.4,70.5,70.4,70.4,1669.0
387,2020/12/21 10:00:00,70.45,70.45,70.4,70.45,641.0
388,2020/12/21 10:01:00,70.4,70.5,70.4,70.5,2819.0
389,2020/12/21 10:02:00,70.5,70.5,70.4,70.4,809.0
390,2020/12/21 10:03:00,70.35,70.45,70.35,70.45,1092.0
391,2020/12/21 10:04:00,70.4,70.5,70.25,70.35,4452.0
392,2020/12/21 10:05:00,70.3,70.3,70.2,70.2,2652.0
393,2020/12/21 10:06:00,70.2,70.3,70.05,70.05,12680.0
394,2020/12/21 10:07:00,70.0,70.2,70.0,70.2,7181.0
395,2020/12/21 10:08:00,70.1,70.2,70.1,70.15,8898.0
396,2020/12/21 10:09:00,70.15,70.3,70.15,70.25,18079.0
397,2020/12/21 10:10:00,70.25,70.25,70.1,70.15,5033.0
398,2020/12/21 10:11:00,70.15,70.25,70.15,70.2,4986.0
399,2020/12/21 10:12:00,70.15,70.2,70.15,70.15,1948.0
400,2020/12/21 10:13:00,70.2,70.35,70.2,70.35,6020.0
401,2020/12/21 10:14:00,70.3,70.65,70.3,70.65,23647.0
402,2020/12/21 10:15:00,70.65,70.7,70.5,70.6,2422.0
403,2020/12/21 10:16:00,70.5,70.7,70.5,70.65,11463.0
404,2020/12/21 10:17:00,70.5,70.6,69.85,69.85,79522.0
405,2020/12/21 10:18:00,69.95,70.05,69.8,69.95,24548.0
406,2020/12/21 10:19:00,69.95,70.0,69.8,69.95,2784.0
407,2020/12/21 10:20:00,70.0,70.0,69.95,69.95,16177.0
408,2020/12/21 10:21:00,69.9,69.9,69.85,69.9,3751.0
409,2020/12/21 10:22:00,69.85,69.95,69.85,69.9,2500.0
410,2020/12/21 10:23:00,69.95,69.95,69.85,69.95,1879.0
411,2020/12/21 10:24:00,69.9,70.0,69.9,69.95,21985.0
412,2020/12/21 10:25:00,69.9,70.0,69.9,69.95,5294.0
413,2020/12/21 10:26:00,69.85,70.0,69.85,70.0,6722.0
414,2020/12/21 10:27:00,70.0,70.0,69.9,70.0,2432.0
415,2020/12/21 10:28:00,69.85,69.85,69.85,69.85,175.0
416,2020/12/21 10:29:00,69.95,70.0,69.9,70.0,15654.0
417,2020/12/21 10:30:00,69.9,69.9,69.7,69.7,12511.0
418,2020/12/21 10:31:00,69.9,69.9,69.7,69.9,3171.0
419,2020/12/21 10:32:00,69.85,69.85,69.8,69.85,672.0
420,2020/12/21 10:33:00,69.85,69.85,69.75,69.85,6010.0
421,2020/12/21 10:34:00,69.85,69.85,69.8,69.8,2114.0
422,2020/12/21 10:35:00,69.85,69.95,69.8,69.8,7190.0
423,2020/12/21 10:36:00,69.9,69.9,69.8,69.8,2096.0
424,2020/12/21 10:37:00,69.85,69.95,69.85,69.95,502.0
425,2020/12/21 10:38:00,70.0,70.0,69.9,69.95,953.0
426,2020/12/21 10:39:00,69.9,70.0,69.9,70.0,2100.0
427,2020/12/21 10:40:00,70.0,70.0,69.85,69.95,2216.0
428,2020/12/21 10:41:00,69.75,69.9,69.75,69.8,17845.0
429,2020/12/21 10:42:00,69.8,69.95,69.8,69.95,5178.0
430,2020/12/21 10:43:00,69.85,69.85,69.8,69.85,1690.0
431,2020/12/21 10:44:00,69.9,69.9,69.85,69.85,513.0
432,2020/12/21 10:45:00,69.8,69.85,69.75,69.85,6436.0
433,2020/12/21 10:46:00,69.85,69.85,69.8,69.8,573.0
434,2020/12/21 10:47:00,69.75,69.85,69.75,69.8,1202.0
435,2020/12/21 10:48:00,69.7,69.8,69.7,69.8,7149.0
436,2020/12/21 10:49:00,69.7,69.75,69.7,69.7,2369.0
437,2020/12/21 10:50:00,69.8,69.8,69.75,69.75,850.0
438,2020/12/21 10:51:00,69.8,69.8,69.75,69.75,1531.0
439,2020/12/21 10:52:00,69.7,69.75,69.7,69.7,1895.0
440,2020/12/21 10:53:00,69.7,69.75,69.7,69.7,892.0
441,2020/12/21 10:54:00,69.75,69.85,69.75,69.85,1926.0
442,2020/12/21 10:55:00,69.8,69.85,69.75,69.85,5454.0
443,2020/12/21 10:56:00,69.85,69.85,69.75,69.8,689.0
444,2020/12/21 10:57:00,69.8,69.8,69.7,69.7,3957.0
445,2020/12/21 10:58:00,69.7,69.85,69.7,69.7,21034.0
446,2020/12/21 10:59:00,69.75,69.75,69.7,69.7,1242.0
447,2020/12/21 11:00:00,69.7,69.85,69.7,69.85,7148.0
448,2020/12/21 11:01:00,69.75,69.85,69.75,69.75,200.0
449,2020/12/21 11:02:00,69.75,69.85,69.75,69.85,22484.0
450,2020/12/21 11:03:00,69.8,69.85,69.7,69.8,9220.0
451,2020/12/21 11:04:00,69.7,69.9,69.7,69.9,1897.0
452,2020/12/21 11:05:00,69.75,69.95,69.75,69.9,1871.0
453,2020/12/21 11:06:00,69.9,69.9,69.8,69.85,1013.0
454,2020/12/21 11:07:00,69.8,70.15,69.8,70.05,76518.0
455,2020/12/21 11:08:00,70.05,70.05,69.75,69.85,40427.0
456,2020/12/21 11:09:00,69.8,69.9,69.8,69.8,12125.0
457,2020/12/21 11:10:00,69.85,70.0,69.85,69.9,6925.0
458,2020/12/21 11:11:00,69.95,70.0,69.85,69.95,14382.0
459,2020/12/21 11:12:00,70.0,70.0,69.95,69.95,12166.0
460,2020/12/21 11:13:00,69.95,69.95,69.8,69.9,3848.0
461,2020/12/21 11:14:00,69.9,69.95,69.75,69.75,12717.0
462,2020/12/21 11:15:00,69.9,69.9,69.8,69.8,535.0
463,2020/12/21 11:16:00,69.8,69.9,69.8,69.85,2832.0
464,2020/12/21 11:17:00,69.8,69.9,69.8,69.8,3712.0
465,2020/12/21 11:18:00,69.75,69.85,69.75,69.75,1171.0
466,2020/12/21 11:19:00,69.8,69.85,69.75,69.75,3770.0
467,2020/12/21 11:20:00,69.8,69.85,69.75,69.8,1227.0
468,2020/12/21 11:21:00,69.8,69.85,69.75,69.75,8200.0
469,2020/12/21 11:22:00,69.8,69.9,69.8,69.9,1684.0
470,2020/12/21 11:23:00,69.85,69.9,69.85,69.9,7893.0
471,2020/12/21 11:24:00,69.95,69.95,69.9,69.9,4762.0
472,2020/12/21 11:25:00,69.95,70.0,69.85,70.0,3610.0
473,2020/12/21 11:26:00,70.0,70.0,69.9,69.9,1415.0
474,2020/12/21 11:27:00,69.9,70.0,69.9,70.0,1329.0
475,2020/12/21 11:28:00,69.95,70.0,69.9,69.9,2110.0
476,2020/12/21 11:29:00,69.9,69.95,69.9,69.95,963.0
477,2020/12/21 11:30:00,69.9,69.95,69.85,69.85,3741.0
478,2020/12/21 11:31:00,69.95,69.95,69.95,69.95,539.0
479,2020/12/21 11:32:00,69.85,69.9,69.85,69.9,1334.0
480,2020/12/21 11:33:00,69.85,69.85,69.8,69.8,8557.0
481,2020/12/21 11:34:00,69.8,69.85,69.8,69.8,1019.0
482,2020/12/21 11:35:00,69.8,69.85,69.75,69.85,7827.0
483,2020/12/21 11:36:00,69.8,69.95,69.8,69.9,6011.0
484,2020/12/21 11:37:00,69.85,69.95,69.85,69.9,3382.0
485,2020/12/21 11:38:00,69.85,69.95,69.85,69.9,2341.0
486,2020/12/21 11:39:00,69.9,69.9,69.8,69.85,956.0
487,2020/12/21 11:40:00,69.8,69.9,69.75,69.85,5145.0
488,2020/12/21 11:41:00,69.8,69.9,69.8,69.8,2431.0
489,2020/12/21 11:42:00,69.8,69.85,69.75,69.8,2034.0
490,2020/12/21 11:43:00,69.8,69.9,69.75,69.8,3275.0
491,2020/12/21 11:44:00,69.8,69.9,69.75,69.75,3855.0
492,2020/12/21 11:45:00,69.85,69.95,69.85,69.9,6535.0
493,2020/12/21 11:46:00,69.85,70.0,69.85,69.9,15884.0
494,2020/12/21 11:47:00,69.95,70.0,69.85,70.0,4994.0
495,2020/12/21 11:48:00,70.0,70.0,69.9,70.0,2749.0
496,2020/12/21 11:49:00,69.95,69.95,69.85,69.95,873.0
497,2020/12/21 11:50:00,69.9,70.0,69.9,69.95,8182.0
498,2020/12/21 11:51:00,69.95,70.0,69.9,69.95,5226.0
499,2020/12/21 11:52:00,69.9,70.0,69.9,69.95,893.0
500,2020/12/21 11:53:00,69.95,70.0,69.9,69.95,4256.0
501,2020/12/21 11:54:00,69.9,69.9,69.85,69.9,994.0
502,2020/12/21 11:55:00,69.9,70.0,69.9,69.95,2426.0
503,2020/12/21 11:56:00,70.0,70.0,69.9,69.95,2162.0
504,2020/12/21 11:57:00,69.9,70.0,69.9,70.0,3810.0
505,2020/12/21 11:58:00,69.9,70.0,69.9,70.0,17389.0
506,2020/12/21 11:59:00,69.95,70.0,69.95,69.95,30469.0
507,2020/12/21 12:00:00,69.9,70.0,69.9,70.0,11971.0
508,2020/12/21 12:01:00,70.0,70.2,69.9,70.2,56279.0
509,2020/12/21 12:02:00,70.35,70.4,70.3,70.4,17886.0
510,2020/12/21 12:03:00,70.3,70.5,70.25,70.3,52792.0
511,2020/12/21 12:04:00,70.45,70.5,70.25,70.35,19555.0
512,2020/12/21 12:05:00,70.35,70.5,70.3,70.3,9718.0
513,2020/12/21 12:06:00,70.3,70.4,70.25,70.35,10083.0
514,2020/12/21 12:07:00,70.3,70.5,70.3,70.4,7974.0
515,2020/12/21 12:08:00,70.35,70.5,70.35,70.5,5181.0
516,2020/12/21 12:09:00,70.5,70.5,70.4,70.4,2128.0
517,2020/12/21 12:10:00,70.4,70.5,70.4,70.4,12787.0
518,2020/12/21 12:11:00,70.4,70.45,70.35,70.4,8483.0
519,2020/12/21 12:12:00,70.35,70.5,70.3,70.3,6537.0
520,2020/12/21 12:13:00,70.35,70.5,70.3,70.35,6291.0
521,2020/12/21 12:14:00,70.3,70.35,70.25,70.25,6065.0
522,2020/12/21 12:15:00,70.3,70.4,70.25,70.4,8872.0
523,2020/12/21 12:16:00,70.4,70.5,70.3,70.45,10033.0
524,2020/12/21 12:17:00,70.4,70.45,70.4,70.4,1579.0
525,2020/12/21 12:18:00,70.35,70.45,70.35,70.35,1344.0
526,2020/12/21 12:19:00,70.35,70.45,70.3,70.4,2331.0
527,2020/12/21 12:20:00,70.35,70.4,70.35,70.4,2926.0
528,2020/12/21 12:21:00,70.4,70.4,70.35,70.35,925.0
529,2020/12/21 12:22:00,70.4,70.4,70.35,70.35,351.0
530,2020/12/21 12:23:00,70.3,70.4,69.75,69.8,155790.0
531,2020/12/21 12:24:00,69.8,69.85,69.8,69.85,9162.0
532,2020/12/21 12:25:00,69.8,69.95,69.75,69.9,11390.0
533,2020/12/21 12:26:00,70.0,70.0,69.9,69.95,8590.0
534,2020/12/21 12:27:00,69.9,70.0,69.85,70.0,1484.0
535,2020/12/21 12:28:00,70.0,70.0,69.95,69.95,5065.0
536,2020/12/21 12:29:00,70.0,70.0,69.9,69.95,3007.0
537,2020/12/21 12:30:00,69.95,69.95,69.9,69.9,3604.0
538,2020/12/21 12:31:00,69.9,70.0,69.85,70.0,6262.0
539,2020/12/21 12:32:00,69.95,70.0,69.95,69.95,8192.0
540,2020/12/21 12:33:00,70.0,70.0,69.9,69.95,3711.0
541,2020/12/21 12:34:00,69.95,70.0,69.85,70.0,566.0
542,2020/12/21 12:35:00,69.95,70.0,69.95,69.95,8726.0
543,2020/12/21 12:36:00,69.9,70.0,69.9,69.95,4993.0
544,2020/12/21 12:37:00,69.9,70.0,69.9,70.0,981.0
545,2020/12/21 12:38:00,69.9,70.0,69.9,69.95,7096.0
546,2020/12/21 12:39:00,70.0,70.0,69.9,70.0,2689.0
547,2020/12/21 12:40:00,70.0,70.0,69.9,69.95,2088.0
548,2020/12/21 12:41:00,69.95,69.95,69.95,69.95,2656.0
549,2020/12/21 12:42:00,69.95,69.95,69.9,69.9,8394.0
550,2020/12/21 12:43:00,69.95,69.95,69.9,69.9,1994.0
551,2020/12/21 12:44:00,69.9,69.9,69.7,69.7,34753.0
552,2020/12/21 12:45:00,69.85,69.85,69.75,69.75,2660.0
553,2020/12/21 12:46:00,69.85,69.85,69.75,69.85,4650.0
554,2020/12/21 12:47:00,69.8,69.9,69.8,69.85,1561.0
555,2020/12/21 12:48:00,69.8,69.95,69.8,69.9,1942.0
556,2020/12/21 12:49:00,69.9,69.95,69.85,69.85,1896.0
557,2020/12/21 12:50:00,69.85,69.9,69.8,69.8,4817.0
558,2020/12/21 12:51:00,69.9,69.95,69.8,69.9,16629.0
559,2020/12/21 12:52:00,69.9,69.9,69.75,69.75,4036.0
560,2020/12/21 12:53:00,69.7,69.8,69.7,69.7,3864.0
561,2020/12/21 12:54:00,69.75,69.75,69.6,69.6,6010.0
562,2020/12/21 12:55:00,69.6,69.6,69.1,69.3,54669.0
563,2020/12/21 12:56:00,69.25,69.4,69.1,69.2,8058.0
564,2020/12/21 12:57:00,69.2,69.4,69.2,69.3,2496.0
565,2020/12/21 12:58:00,69.3,69.35,69.1,69.1,12736.0
566,2020/12/21 12:59:00,69.2,69.25,69.05,69.1,7565.0
567,2020/12/21 13:00:00,69.05,69.1,68.65,68.75,26625.0
568,2020/12/21 13:01:00,68.6,68.9,68.6,68.85,5175.0
569,2020/12/21 13:02:00,68.9,68.9,68.65,68.8,7262.0
570,2020/12/21 13:03:00,68.75,68.8,68.7,68.8,3952.0
571,2020/12/21 13:04:00,68.8,69.15,68.8,69.15,3738.0
572,2020/12/21 13:05:00,69.1,69.15,69.1,69.1,3503.0
573,2020/12/21 13:06:00,69.1,69.15,69.0,69.15,2976.0
574,2020/12/21 13:07:00,69.15,69.15,69.0,69.0,912.0
575,2020/12/21 13:08:00,69.0,69.0,68.65,68.9,8591.0
576,2020/12/21 13:09:00,68.9,68.95,68.85,68.9,631.0
577,2020/12/21 13:10:00,68.8,68.95,68.8,68.85,4301.0
578,2020/12/21 13:11:00,68.95,68.95,68.8,68.8,3516.0
579,2020/12/21 13:12:00,68.9,68.95,68.9,68.95,2538.0
580,2020/12/21 13:13:00,68.95,69.0,68.8,68.8,6816.0
581,2020/12/21 13:14:00,68.9,69.05,68.9,69.05,1577.0
582,2020/12/21 13:15:00,69.05,69.15,68.95,69.0,5619.0
583,2020/12/21 13:16:00,68.95,69.0,68.95,69.0,575.0
584,2020/12/21 13:17:00,69.05,69.1,69.0,69.1,405.0
585,2020/12/21 13:18:00,69.0,69.05,68.9,69.05,4763.0
586,2020/12/21 13:19:00,68.9,68.95,68.9,68.9,1717.0
587,2020/12/21 13:20:00,68.9,69.0,68.85,68.9,3497.0
588,2020/12/21 13:21:00,69.0,69.0,69.0,69.0,1729.0
589,2020/12/21 13:22:00,69.0,69.05,68.7,68.7,6326.0
590,2020/12/21 13:23:00,68.8,68.9,68.55,68.7,8979.0
591,2020/12/21 13:24:00,68.8,68.85,68.7,68.8,2283.0
592,2020/12/21 13:25:00,68.7,68.8,68.7,68.8,210.0
593,2020/12/21 13:26:00,69.0,69.1,68.9,69.1,6627.0
594,2020/12/21 13:27:00,69.15,69.2,69.0,69.15,4929.0
595,2020/12/21 13:28:00,69.15,69.2,69.05,69.15,3705.0
596,2020/12/21 13:29:00,69.05,69.15,69.05,69.15,225.0
597,2020/12/21 13:30:00,69.15,69.15,69.1,69.1,1566.0
598,2020/12/21 13:31:00,69.15,69.15,69.05,69.05,1130.0
599,2020/12/21 13:32:00,69.15,69.15,69.05,69.05,310.0
600,2020/12/21 13:33:00,69.1,69.1,69.0,69.0,1356.0
601,2020/12/21 13:34:00,69.0,69.0,68.95,68.95,10517.0
602,2020/12/21 13:35:00,68.9,68.9,68.65,68.75,9821.0
603,2020/12/21 13:36:00,68.6,68.6,68.5,68.5,12315.0
604,2020/12/21 13:37:00,68.4,68.5,68.1,68.2,19317.0
605,2020/12/21 13:38:00,68.4,68.4,68.2,68.2,1933.0
606,2020/12/21 13:39:00,68.25,68.45,68.25,68.45,7368.0
607,2020/12/21 13:40:00,68.35,68.5,68.3,68.5,6648.0
608,2020/12/21 13:41:00,68.25,68.4,68.2,68.3,6448.0
609,2020/12/21 13:42:00,68.3,68.5,68.3,68.5,1141.0
610,2020/12/21 13:43:00,68.4,68.5,68.4,68.5,2749.0
611,2020/12/21 13:44:00,68.5,68.5,68.4,68.4,667.0
612,2020/12/21 13:45:00,68.45,68.5,68.4,68.5,1604.0
613,2020/12/21 13:46:00,68.4,68.4,68.3,68.3,2410.0
614,2020/12/21 13:47:00,68.35,68.4,68.3,68.3,4851.0
615,2020/12/21 13:48:00,68.25,68.3,68.1,68.1,7966.0
616,2020/12/21 13:49:00,68.3,68.3,67.7,67.9,43546.0
617,2020/12/21 13:50:00,67.9,68.0,67.75,68.0,3920.0
618,2020/12/21 13:51:00,68.0,68.0,67.8,67.8,1296.0
619,2020/12/21 13:52:00,67.8,67.8,67.7,67.8,1836.0
620,2020/12/21 13:53:00,67.7,67.95,67.7,67.8,2951.0
621,2020/12/21 13:54:00,67.85,67.95,67.85,67.95,2407.0
622,2020/12/21 13:55:00,67.95,67.95,67.95,67.95,951.0
623,2020/12/21 13:56:00,67.9,68.0,67.75,67.75,3218.0
624,2020/12/21 13:57:00,67.95,67.95,67.75,67.75,3872.0
625,2020/12/21 13:58:00,67.95,68.0,67.95,68.0,168.0
626,2020/12/21 13:59:00,67.8,67.9,67.8,67.8,4032.0
627,2020/12/21 14:00:00,67.85,67.85,67.65,67.85,6404.0
628,2020/12/21 14:01:00,67.65,67.85,67.65,67.7,8558.0
629,2020/12/21 14:02:00,67.7,67.85,67.65,67.65,5444.0
630,2020/12/21 14:03:00,67.65,67.7,67.55,67.7,7916.0
631,2020/12/21 14:04:00,67.7,67.75,67.6,67.75,11455.0
632,2020/12/21 14:05:00,67.85,68.0,67.8,68.0,14332.0
633,2020/12/21 14:06:00,68.0,68.0,68.0,68.0,2427.0
634,2020/12/21 14:07:00,68.0,68.0,67.85,67.95,8181.0
635,2020/12/21 14:08:00,68.0,68.0,68.0,68.0,700.0
636,2020/12/21 14:09:00,68.0,68.05,67.85,68.05,4605.0
637,2020/12/21 14:10:00,68.05,68.1,67.85,67.85,1286.0
638,2020/12/21 14:11:00,67.9,68.0,67.9,68.0,1630.0
639,2020/12/21 14:12:00,68.15,68.15,68.0,68.15,1383.0
640,2020/12/21 14:13:00,68.1,68.1,67.95,67.95,1023.0
641,2020/12/21 14:14:00,67.9,67.95,67.9,67.9,332.0
642,2020/12/21 14:15:00,68.05,68.05,67.9,67.9,1107.0
643,2020/12/21 14:16:00,67.8,67.9,67.5,67.8,31159.0
644,2020/12/21 14:17:00,67.75,67.75,67.6,67.65,4151.0
645,2020/12/21 14:18:00,67.5,67.6,67.1,67.2,32741.0
646,2020/12/21 14:19:00,67.2,67.25,67.1,67.15,8642.0
647,2020/12/21 14:20:00,67.2,67.2,66.6,66.65,55798.0
648,2020/12/21 14:21:00,66.6,66.85,66.6,66.75,5844.0
649,2020/12/21 14:22:00,66.75,66.75,66.55,66.6,8398.0
650,2020/12/21 14:23:00,66.65,66.8,66.55,66.75,12627.0
651,2020/12/21 14:24:00,66.8,66.8,66.55,66.55,6232.0
652,2020/12/21 14:25:00,66.55,66.75,66.55,66.75,4280.0
653,2020/12/21 14:26:00,66.6,66.6,66.5,66.5,4135.0
654,2020/12/21 14:27:00,66.5,66.85,66.5,66.85,3719.0
655,2020/12/21 14:28:00,66.6,66.75,66.6,66.6,1664.0
656,2020/12/21 14:29:00,66.6,66.7,66.45,66.45,16335.0
657,2020/12/21 14:30:00,66.45,66.45,66.1,66.15,38020.0
658,2020/12/21 14:31:00,66.1,66.15,66.1,66.1,5027.0
659,2020/12/21 14:32:00,66.1,66.2,66.1,66.1,23453.0
660,2020/12/21 14:33:00,66.1,66.1,66.0,66.0,76774.0
661,2020/12/21 14:34:00,66.0,66.0,65.0,65.25,92562.0
662,2020/12/21 14:35:00,65.0,65.3,65.0,65.3,74436.0
663,2020/12/21 14:36:00,65.25,65.45,65.2,65.45,6977.0
664,2020/12/21 14:37:00,65.45,65.9,65.45,65.9,65953.0
665,2020/12/21 14:38:00,65.9,65.9,65.6,65.85,8761.0
666,2020/12/21 14:39:00,65.75,65.85,65.45,65.65,11396.0
667,2020/12/21 14:40:00,65.55,65.8,65.55,65.8,12765.0
668,2020/12/21 14:41:00,65.85,66.35,65.85,66.35,47688.0
669,2020/12/21 14:42:00,66.35,67.0,66.35,66.9,14660.0
670,2020/12/21 14:43:00,66.85,66.9,66.45,66.6,10389.0
671,2020/12/21 14:44:00,66.65,66.65,66.5,66.65,15237.0
672,2020/12/21 14:45:00,66.55,66.75,66.55,66.65,2988.0
673,2020/12/21 14:46:00,66.6,66.75,66.4,66.6,5790.0
674,2020/12/21 14:47:00,66.6,66.6,66.35,66.35,12576.0
675,2020/12/21 14:48:00,66.25,66.45,66.2,66.2,2353.0
676,2020/12/21 14:49:00,66.2,66.2,66.1,66.15,815.0
677,2020/12/21 14:50:00,66.1,66.15,65.75,65.8,36697.0
678,2020/12/21 14:51:00,65.75,65.8,65.5,65.6,3665.0
679,2020/12/21 14:52:00,65.6,65.75,65.5,65.75,7378.0
680,2020/12/21 14:53:00,65.8,65.8,65.55,65.55,4189.0
681,2020/12/21 14:54:00,65.75,65.8,65.6,65.7,2347.0
682,2020/12/21 14:55:00,65.55,65.6,65.25,65.35,8623.0
683,2020/12/21 14:56:00,65.4,66.0,65.4,65.65,17564.0
684,2020/12/21 14:57:00,65.8,65.8,65.5,65.6,17923.0
685,2020/12/21 14:58:00,65.6,65.65,65.5,65.55,10583.0
686,2020/12/21 14:59:00,65.8,65.8,65.5,65.5,4338.0
687,2020/12/21 15:00:00,65.65,65.85,65.5,65.65,7680.0
688,2020/12/21 15:01:00,65.6,66.0,65.6,65.9,4676.0
689,2020/12/21 15:02:00,66.0,66.15,65.95,66.15,39399.0
690,2020/12/21 15:03:00,66.3,66.8,66.3,66.7,16134.0
691,2020/12/21 15:04:00,66.9,67.0,66.7,67.0,44683.0
692,2020/12/21 15:05:00,67.2,67.25,67.0,67.2,38533.0
693,2020/12/21 15:06:00,67.2,67.25,66.5,66.5,28578.0
694,2020/12/21 15:07:00,66.5,66.6,66.4,66.55,2929.0
695,2020/12/21 15:08:00,66.45,66.5,66.35,66.5,5040.0
696,2020/12/21 15:09:00,66.5,66.7,66.5,66.6,770.0
697,2020/12/21 15:10:00,66.65,66.8,66.4,66.75,43992.0
698,2020/12/21 15:11:00,66.75,66.85,66.7,66.7,26566.0
699,2020/12/21 15:12:00,66.7,66.75,66.4,66.4,9227.0
700,2020/12/21 15:13:00,66.5,66.5,66.3,66.3,4631.0
701,2020/12/21 15:14:00,66.3,66.45,66.3,66.45,6124.0
702,2020/12/21 15:15:00,66.5,66.6,66.15,66.15,23527.0
703,2020/12/21 15:16:00,66.05,66.15,65.8,65.9,22568.0
704,2020/12/21 15:17:00,65.95,66.0,65.5,65.6,10433.0
705,2020/12/21 15:18:00,65.5,65.65,65.5,65.65,9987.0
706,2020/12/21 15:19:00,65.65,65.9,65.6,65.75,6328.0
707,2020/12/21 15:20:00,65.8,65.95,65.7,65.8,4814.0
708,2020/12/21 15:21:00,65.95,66.0,65.3,65.7,19192.0
709,2020/12/21 15:22:00,65.55,65.65,65.45,65.45,3013.0
710,2020/12/21 15:23:00,65.45,65.6,65.35,65.6,4194.0
711,2020/12/21 15:24:00,65.55,65.6,65.5,65.55,4566.0
712,2020/12/21 15:25:00,65.55,65.65,65.55,65.65,8781.0
713,2020/12/21 15:26:00,65.55,65.65,65.5,65.55,8946.0
714,2020/12/21 15:27:00,65.55,65.65,65.5,65.6,7051.0
715,2020/12/21 15:28:00,65.65,65.85,65.6,65.8,9886.0
716,2020/12/21 15:29:00,65.6,65.9,65.55,65.6,23269.0
717,2020/12/21 15:30:00,65.9,65.9,65.9,65.9,50.0
718,2020/12/21 15:40:00,66.35,66.35,66.35,66.35,1010.0
719,2020/12/21 15:41:00,66.35,66.35,66.35,66.35,200.0
720,2020/12/21 15:46:00,66.35,66.35,66.35,66.35,30.0
721,2020/12/21 15:56:00,66.35,66.35,66.35,66.35,1.0
722,2020/12/22 09:07:00,65.5,65.5,65.5,65.5,2437.0
723,2020/12/22 09:15:00,65.5,66.1,65.3,66.0,20604.0
724,2020/12/22 09:16:00,66.0,66.2,66.0,66.1,20731.0
725,2020/12/22 09:17:00,66.25,66.25,65.9,66.2,6706.0
726,2020/12/22 09:18:00,66.2,66.35,66.15,66.35,5593.0
727,2020/12/22 09:19:00,66.2,66.45,66.2,66.45,8012.0
728,2020/12/22 09:20:00,66.45,66.6,66.4,66.6,7495.0
729,2020/12/22 09:21:00,66.7,67.5,66.5,67.4,20255.0
730,2020/12/22 09:22:00,67.25,67.45,67.25,67.45,10597.0
731,2020/12/22 09:23:00,67.2,67.25,67.0,67.1,5512.0
732,2020/12/22 09:24:00,67.1,67.1,66.5,66.5,17709.0
733,2020/12/22 09:25:00,66.5,66.5,66.0,66.05,14672.0
734,2020/12/22 09:26:00,66.2,66.2,65.5,65.55,13643.0
735,2020/12/22 09:27:00,65.7,65.7,65.5,65.55,8786.0
736,2020/12/22 09:28:00,65.5,65.5,64.85,64.85,30296.0
737,2020/12/22 09:29:00,65.0,65.0,64.65,64.9,13533.0
738,2020/12/22 09:30:00,65.0,65.5,64.9,65.1,9174.0
739,2020/12/22 09:31:00,65.4,65.4,64.9,65.1,5827.0
740,2020/12/22 09:32:00,65.0,65.05,64.9,64.95,10343.0
741,2020/12/22 09:33:00,64.9,65.2,64.85,65.0,4332.0
742,2020/12/22 09:34:00,64.9,64.95,64.8,64.9,3895.0
743,2020/12/22 09:35:00,65.0,65.0,64.75,64.75,8402.0
744,2020/12/22 09:36:00,64.8,65.0,64.8,64.9,2157.0
745,2020/12/22 09:37:00,65.1,65.35,64.95,64.95,10799.0
746,2020/12/22 09:38:00,65.1,65.1,64.9,65.0,1996.0
747,2020/12/22 09:39:00,64.8,64.95,64.75,64.75,4626.0
748,2020/12/22 09:40:00,64.75,64.85,64.35,64.6,32514.0
749,2020/12/22 09:41:00,64.6,64.65,64.4,64.4,9192.0
750,2020/12/22 09:42:00,64.4,64.45,64.05,64.05,11009.0
751,2020/12/22 09:43:00,64.3,64.3,64.1,64.25,5521.0
752,2020/12/22 09:44:00,64.25,64.45,64.0,64.05,14566.0
753,2020/12/22 09:45:00,64.05,64.5,64.0,64.35,29133.0
754,2020/12/22 09:46:00,64.2,64.3,64.2,64.2,4035.0
755,2020/12/22 09:47:00,64.2,64.2,64.0,64.0,17018.0
756,2020/12/22 09:48:00,64.05,64.25,64.0,64.15,3897.0
757,2020/12/22 09:49:00,64.15,64.3,64.0,64.2,6846.0
758,2020/12/22 09:50:00,64.4,65.05,64.4,64.5,23351.0
759,2020/12/22 09:51:00,64.45,64.55,64.25,64.5,13682.0
760,2020/12/22 09:52:00,64.35,64.8,64.35,64.8,5141.0
761,2020/12/22 09:53:00,64.95,64.95,64.7,64.9,3990.0
762,2020/12/22 09:54:00,64.9,64.9,64.75,64.8,1304.0
763,2020/12/22 09:55:00,64.8,64.8,64.6,64.65,9096.0
764,2020/12/22 09:56:00,64.65,65.0,64.55,65.0,13216.0
765,2020/12/22 09:57:00,65.1,65.35,65.1,65.3,2462.0
766,2020/12/22 09:58:00,65.3,65.35,65.0,65.0,10597.0
767,2020/12/22 09:59:00,65.0,65.0,64.8,65.0,3817.0
768,2020/12/22 10:00:00,64.8,64.8,64.65,64.65,8431.0
769,2020/12/22 10:01:00,64.85,64.9,64.85,64.9,1256.0
770,2020/12/22 10:02:00,64.85,65.0,64.7,64.7,14637.0
771,2020/12/22 10:03:00,64.7,64.7,64.55,64.7,2561.0
772,2020/12/22 10:04:00,64.7,65.1,64.65,65.0,37193.0
773,2020/12/22 10:05:00,65.0,65.1,65.0,65.1,3785.0
774,2020/12/22 10:06:00,65.1,65.4,65.0,65.4,9075.0
775,2020/12/22 10:07:00,65.35,65.4,65.15,65.25,13012.0
776,2020/12/22 10:08:00,65.2,65.45,65.2,65.4,2157.0
777,2020/12/22 10:09:00,65.4,65.7,65.4,65.5,1947.0
778,2020/12/22 10:10:00,65.45,65.65,65.45,65.55,4031.0
779,2020/12/22 10:11:00,65.5,65.6,65.05,65.1,18084.0
780,2020/12/22 10:12:00,65.05,65.25,65.0,65.1,2528.0
781,2020/12/22 10:13:00,65.15,65.3,65.1,65.2,3142.0
782,2020/12/22 10:14:00,65.25,65.35,65.1,65.1,3419.0
783,2020/12/22 10:15:00,65.1,65.15,65.0,65.0,3188.0
784,2020/12/22 10:16:00,65.0,65.1,65.0,65.1,1860.0
785,2020/12/22 10:17:00,65.1,65.2,65.05,65.05,2617.0
786,2020/12/22 10:18:00,65.1,65.2,65.1,65.1,671.0
787,2020/12/22 10:19:00,65.15,65.4,65.15,65.4,5884.0
788,2020/12/22 10:20:00,65.35,65.5,65.2,65.2,1438.0
789,2020/12/22 10:21:00,65.2,65.3,65.0,65.0,26907.0
790,2020/12/22 10:22:00,65.0,65.05,65.0,65.0,7311.0
791,2020/12/22 10:23:00,65.05,65.15,65.0,65.0,2724.0
792,2020/12/22 10:24:00,65.0,65.2,65.0,65.0,7054.0
793,2020/12/22 10:25:00,65.0,65.1,64.6,64.7,17388.0
794,2020/12/22 10:26:00,64.65,64.65,64.35,64.35,64965.0
795,2020/12/22 10:27:00,64.35,64.5,64.35,64.5,9519.0
796,2020/12/22 10:28:00,64.45,64.5,64.4,64.45,18217.0
797,2020/12/22 10:29:00,64.4,64.55,64.4,64.4,15194.0
798,2020/12/22 10:30:00,64.45,64.5,64.4,64.5,3833.0
799,2020/12/22 10:31:00,64.5,64.5,64.3,64.4,15577.0
800,2020/12/22 10:32:00,64.35,64.4,64.2,64.25,11669.0
801,2020/12/22 10:33:00,64.25,64.45,64.2,64.4,3253.0
802,2020/12/22 10:34:00,64.45,64.6,64.4,64.45,4751.0
803,2020/12/22 10:35:00,64.5,64.55,64.5,64.5,2912.0
804,2020/12/22 10:36:00,64.55,64.55,64.5,64.5,153.0
805,2020/12/22 10:37:00,64.6,64.85,64.5,64.85,3928.0
806,2020/12/22 10:38:00,64.75,64.85,64.6,64.6,6351.0
807,2020/12/22 10:39:00,64.6,64.65,64.55,64.55,3069.0
808,2020/12/22 10:40:00,64.55,64.8,64.5,64.75,4186.0
809,2020/12/22 10:41:00,64.75,64.9,64.75,64.9,2719.0
810,2020/12/22 10:42:00,64.8,64.9,64.8,64.8,2055.0
811,2020/12/22 10:43:00,64.7,64.8,64.7,64.75,3077.0
812,2020/12/22 10:44:00,64.85,64.85,64.8,64.85,378.0
813,2020/12/22 10:45:00,64.75,64.75,64.7,64.7,3150.0
814,2020/12/22 10:46:00,64.65,64.7,64.55,64.55,1111.0
815,2020/12/22 10:47:00,64.6,64.65,64.55,64.65,119.0
816,2020/12/22 10:48:00,64.7,64.7,64.5,64.55,3120.0
817,2020/12/22 10:49:00,64.55,64.55,64.5,64.5,1906.0
818,2020/12/22 10:50:00,64.6,64.65,64.5,64.55,648.0
819,2020/12/22 10:51:00,64.55,64.65,64.5,64.65,1750.0
820,2020/12/22 10:52:00,64.6,64.7,64.55,64.6,367.0
821,2020/12/22 10:53:00,64.6,64.75,64.55,64.55,2219.0
822,2020/12/22 10:54:00,64.65,64.65,64.6,64.6,56.0
823,2020/12/22 10:55:00,64.65,64.7,64.55,64.55,1507.0
824,2020/12/22 10:56:00,64.55,64.6,64.55,64.55,3694.0
825,2020/12/22 10:57:00,64.6,64.6,64.55,64.55,2594.0
826,2020/12/22 10:58:00,64.6,64.6,64.5,64.6,7121.0
827,2020/12/22 10:59:00,64.55,64.6,64.5,64.5,1882.0
828,2020/12/22 11:00:00,64.65,64.65,64.35,64.4,10578.0
829,2020/12/22 11:01:00,64.5,64.5,64.4,64.45,1971.0
830,2020/12/22 11:02:00,64.55,64.55,64.4,64.4,1895.0
831,2020/12/22 11:03:00,64.5,64.5,64.4,64.45,188.0
832,2020/12/22 11:04:00,64.45,64.5,64.4,64.45,678.0
833,2020/12/22 11:05:00,64.45,64.6,64.45,64.5,126.0
834,2020/12/22 11:06:00,64.5,64.6,64.45,64.6,101.0
835,2020/12/22 11:07:00,64.65,64.65,64.55,64.55,753.0
836,2020/12/22 11:08:00,64.6,64.6,64.55,64.55,303.0
837,2020/12/22 11:09:00,64.6,64.65,64.6,64.65,2236.0
838,2020/12/22 11:10:00,64.7,64.8,64.65,64.65,1011.0
839,2020/12/22 11:11:00,64.7,65.0,64.65,65.0,22830.0
840,2020/12/22 11:12:00,65.0,65.05,64.85,64.9,2806.0
841,2020/12/22 11:13:00,64.9,64.95,64.8,64.9,535.0
842,2020/12/22 11:14:00,64.85,64.9,64.8,64.85,268.0
843,2020/12/22 11:15:00,64.85,64.85,64.8,64.8,455.0
844,2020/12/22 11:16:00,64.8,64.8,64.65,64.65,2989.0
845,2020/12/22 11:17:00,64.7,64.7,64.65,64.7,121.0
846,2020/12/22 11:18:00,64.75,64.75,64.7,64.7,26.0
847,2020/12/22 11:19:00,64.75,64.75,64.65,64.65,732.0
848,2020/12/22 11:20:00,64.8,64.8,64.65,64.65,43.0
849,2020/12/22 11:21:00,64.7,64.7,64.65,64.65,132.0
850,2020/12/22 11:22:00,64.7,64.7,64.55,64.55,3547.0
851,2020/12/22 11:23:00,64.65,64.65,64.55,64.6,631.0
852,2020/12/22 11:24:00,64.6,64.65,64.55,64.6,144.0
853,2020/12/22 11:25:00,64.65,64.65,64.55,64.55,18.0
854,2020/12/22 11:26:00,64.55,64.6,64.5,64.5,787.0
855,2020/12/22 11:27:00,64.6,64.6,64.45,64.5,1652.0
856,2020/12/22 11:28:00,64.6,64.6,64.5,64.5,29.0
857,2020/12/22 11:29:00,64.5,64.65,64.5,64.6,1543.0
858,2020/12/22 11:30:00,64.6,64.65,64.6,64.6,73.0
859,2020/12/22 11:31:00,64.6,64.65,64.6,64.6,1114.0
860,2020/12/22 11:32:00,64.65,64.65,64.6,64.6,103.0
861,2020/12/22 11:33:00,64.65,64.65,64.6,64.6,7.0
862,2020/12/22 11:34:00,64.65,64.65,64.6,64.6,37.0
863,2020/12/22 11:35:00,64.65,64.7,64.6,64.6,1708.0
864,2020/12/22 11:36:00,64.65,64.7,64.6,64.7,1067.0
865,2020/12/22 11:37:00,64.75,64.75,64.7,64.7,143.0
866,2020/12/22 11:38:00,64.75,64.9,64.7,64.9,3570.0
867,2020/12/22 11:39:00,64.9,64.95,64.9,64.9,5181.0
868,2020/12/22 11:40:00,64.9,65.1,64.9,65.0,7541.0
869,2020/12/22 11:41:00,65.05,65.05,65.0,65.0,5229.0
870,2020/12/22 11:42:00,65.0,65.05,65.0,65.0,964.0
871,2020/12/22 11:43:00,65.05,65.2,65.0,65.0,14100.0
872,2020/12/22 11:44:00,64.95,65.1,64.85,65.1,19026.0
873,2020/12/22 11:45:00,65.15,65.2,65.1,65.2,179.0
874,2020/12/22 11:46:00,65.2,65.2,65.1,65.1,1910.0
875,2020/12/22 11:47:00,65.1,65.5,65.1,65.3,23149.0
876,2020/12/22 11:48:00,65.4,65.4,65.3,65.3,466.0
877,2020/12/22 11:49:00,65.35,65.4,65.3,65.4,943.0
878,2020/12/22 11:50:00,65.4,65.4,65.3,65.3,4064.0
879,2020/12/22 11:51:00,65.35,65.6,65.3,65.55,9369.0
880,2020/12/22 11:52:00,65.6,65.75,65.6,65.6,5105.0
881,2020/12/22 11:53:00,65.7,65.75,65.65,65.75,4866.0
882,2020/12/22 11:54:00,65.75,65.8,65.7,65.7,3070.0
883,2020/12/22 11:55:00,65.6,65.7,65.5,65.7,10950.0
884,2020/12/22 11:56:00,65.7,65.75,65.65,65.75,5847.0
885,2020/12/22 11:57:00,65.7,65.7,65.55,65.55,643.0
886,2020/12/22 11:58:00,65.65,65.65,65.55,65.55,1067.0
887,2020/12/22 11:59:00,66.0,66.45,66.0,66.35,51817.0
888,2020/12/22 12:00:00,66.35,66.45,66.25,66.25,7732.0
889,2020/12/22 12:01:00,66.25,66.3,66.25,66.3,16973.0
890,2020/12/22 12:02:00,66.25,66.3,66.25,66.25,8825.0
891,2020/12/22 12:03:00,66.25,66.3,66.25,66.25,16027.0
892,2020/12/22 12:04:00,66.25,66.25,66.05,66.1,12166.0
893,2020/12/22 12:05:00,66.05,66.1,66.0,66.0,11950.0
894,2020/12/22 12:06:00,66.1,66.1,66.0,66.0,2818.0
895,2020/12/22 12:07:00,66.05,66.1,66.0,66.0,6787.0
896,2020/12/22 12:08:00,66.15,66.15,66.0,66.15,763.0
897,2020/12/22 12:09:00,66.15,66.2,66.1,66.1,213.0
898,2020/12/22 12:10:00,66.1,66.25,66.1,66.25,425.0
899,2020/12/22 12:11:00,66.25,66.25,66.1,66.25,2192.0
900,2020/12/22 12:12:00,66.25,66.3,66.25,66.25,3000.0
901,2020/12/22 12:13:00,66.3,66.35,66.25,66.35,1988.0
902,2020/12/22 12:14:00,66.25,66.35,66.25,66.35,1841.0
903,2020/12/22 12:15:00,66.2,66.25,66.1,66.25,3572.0
904,2020/12/22 12:16:00,66.15,66.15,66.0,66.1,2707.0
905,2020/12/22 12:17:00,66.0,66.0,66.0,66.0,808.0
906,2020/12/22 12:18:00,66.0,66.05,66.0,66.0,1485.0
907,2020/12/22 12:19:00,66.0,66.0,66.0,66.0,444.0
908,2020/12/22 12:20:00,66.0,66.05,66.0,66.0,1530.0
909,2020/12/22 12:21:00,66.0,66.1,66.0,66.1,8794.0
910,2020/12/22 12:22:00,66.0,66.15,66.0,66.15,3299.0
911,2020/12/22 12:23:00,66.1,66.1,66.0,66.0,1528.0
912,2020/12/22 12:24:00,66.0,66.05,66.0,66.05,156.0
913,2020/12/22 12:25:00,66.05,66.15,66.0,66.0,118.0
914,2020/12/22 12:26:00,66.0,66.15,66.0,66.05,179.0
915,2020/12/22 12:27:00,66.05,66.05,66.0,66.0,3200.0
916,2020/12/22 12:28:00,66.05,66.05,66.05,66.05,170.0
917,2020/12/22 12:29:00,66.1,66.1,66.0,66.1,2526.0
918,2020/12/22 12:30:00,66.0,66.1,66.0,66.0,5497.0
919,2020/12/22 12:31:00,66.0,66.1,66.0,66.1,2010.0
920,2020/12/22 12:32:00,66.0,66.15,66.0,66.1,7735.0
921,2020/12/22 12:33:00,66.05,66.05,66.05,66.05,165.0
922,2020/12/22 12:34:00,66.05,66.05,66.05,66.05,70.0
923,2020/12/22 12:35:00,66.1,66.1,66.1,66.1,201.0
924,2020/12/22 12:36:00,66.05,66.1,66.05,66.1,2167.0
925,2020/12/22 12:37:00,66.1,66.2,66.05,66.1,2858.0
926,2020/12/22 12:38:00,66.1,66.2,66.1,66.2,601.0
927,2020/12/22 12:39:00,66.2,66.2,66.05,66.05,1010.0
928,2020/12/22 12:40:00,66.05,66.3,66.0,66.3,2294.0
929,2020/12/22 12:41:00,66.15,66.15,66.1,66.1,130.0
930,2020/12/22 12:42:00,66.15,66.2,66.15,66.2,538.0
931,2020/12/22 12:44:00,66.1,66.2,66.1,66.2,1185.0
932,2020/12/22 12:45:00,66.15,66.2,66.15,66.2,127.0
933,2020/12/22 12:46:00,66.2,66.2,66.2,66.2,1109.0
934,2020/12/22 12:47:00,66.1,66.1,66.1,66.1,5091.0
935,2020/12/22 12:48:00,66.1,66.2,66.1,66.15,2220.0
936,2020/12/22 12:49:00,66.1,66.25,66.1,66.25,212.0
937,2020/12/22 12:50:00,66.15,66.25,66.15,66.25,1004.0
938,2020/12/22 12:51:00,66.25,66.25,66.2,66.25,391.0
939,2020/12/22 12:52:00,66.25,66.25,66.1,66.1,634.0
940,2020/12/22 12:54:00,66.1,66.2,66.1,66.2,300.0
941,2020/12/22 12:55:00,66.2,66.3,66.2,66.3,120.0
942,2020/12/22 12:56:00,66.2,66.2,66.2,66.2,100.0
943,2020/12/22 12:57:00,66.2,66.2,66.2,66.2,60.0
944,2020/12/22 12:58:00,66.2,66.2,66.2,66.2,131.0
945,2020/12/22 12:59:00,66.05,66.15,66.0,66.0,641.0
946,2020/12/22 13:00:00,66.15,66.15,66.0,66.0,96.0
947,2020/12/22 13:01:00,66.0,66.0,66.0,66.0,500.0
948,2020/12/22 13:02:00,66.1,66.1,66.1,66.1,100.0
949,2020/12/22 13:03:00,66.15,66.15,66.0,66.0,152.0
950,2020/12/22 13:04:00,66.0,66.0,66.0,66.0,6679.0
951,2020/12/22 13:05:00,66.0,66.0,66.0,66.0,3705.0
952,2020/12/22 13:06:00,66.0,66.05,65.8,65.85,11426.0
953,2020/12/22 13:07:00,65.9,65.9,65.8,65.8,7315.0
954,2020/12/22 13:08:00,65.9,65.9,65.8,65.8,2281.0
955,2020/12/22 13:09:00,65.9,65.9,65.8,65.8,2589.0
956,2020/12/22 13:10:00,65.8,65.8,65.8,65.8,2255.0
957,2020/12/22 13:11:00,65.8,65.8,65.8,65.8,2256.0
958,2020/12/22 13:12:00,65.8,65.85,65.8,65.8,2355.0
959,2020/12/22 13:13:00,65.8,65.85,65.8,65.8,2431.0
960,2020/12/22 13:14:00,65.8,65.85,65.8,65.8,1889.0
961,2020/12/22 13:15:00,65.85,65.9,65.8,65.9,1269.0
962,2020/12/22 13:16:00,65.9,65.95,65.8,65.95,1576.0
963,2020/12/22 13:17:00,65.8,65.95,65.8,65.95,1701.0
964,2020/12/22 13:18:00,65.95,66.0,65.95,66.0,578.0
965,2020/12/22 13:19:00,66.0,66.1,66.0,66.1,5851.0
966,2020/12/22 13:20:00,66.15,66.3,66.15,66.3,7135.0
967,2020/12/22 13:21:00,66.15,66.15,66.1,66.1,145.0
968,2020/12/22 13:22:00,66.3,66.3,66.15,66.3,253.0
969,2020/12/22 13:23:00,66.3,66.3,66.05,66.1,2854.0
970,2020/12/22 13:24:00,66.05,66.3,66.05,66.3,2385.0
971,2020/12/22 13:25:00,66.25,66.35,66.25,66.3,678.0
972,2020/12/22 13:26:00,66.5,66.8,66.5,66.7,14413.0
973,2020/12/22 13:27:00,66.8,66.8,66.5,66.5,3322.0
974,2020/12/22 13:28:00,66.5,66.5,66.35,66.35,969.0
975,2020/12/22 13:29:00,66.45,66.5,66.45,66.45,190.0
976,2020/12/22 13:30:00,66.4,66.4,66.2,66.2,1200.0
977,2020/12/22 13:31:00,66.3,66.3,66.15,66.15,1006.0
978,2020/12/22 13:32:00,66.3,66.3,66.2,66.2,201.0
979,2020/12/22 13:33:00,66.35,66.35,66.35,66.35,1.0
980,2020/12/22 13:34:00,66.3,66.3,66.3,66.3,24.0
981,2020/12/22 13:35:00,66.3,66.35,66.2,66.35,1247.0
982,2020/12/22 13:36:00,66.25,66.45,66.25,66.45,5219.0
983,2020/12/22 13:37:00,66.45,66.45,66.3,66.3,1200.0
984,2020/12/22 13:38:00,66.45,66.45,66.3,66.45,2253.0
985,2020/12/22 13:39:00,66.45,66.55,66.25,66.55,6692.0
986,2020/12/22 13:40:00,66.6,66.75,66.55,66.7,2985.0
987,2020/12/22 13:41:00,66.7,67.2,66.7,66.95,69512.0
988,2020/12/22 13:42:00,67.0,67.25,67.0,67.0,2065.0
989,2020/12/22 13:43:00,67.15,67.2,67.1,67.1,4415.0
990,2020/12/22 13:44:00,67.1,67.2,67.0,67.2,3193.0
991,2020/12/22 13:45:00,67.2,67.2,67.1,67.2,1600.0
992,2020/12/22 13:46:00,67.1,67.1,67.1,67.1,1328.0
993,2020/12/22 13:47:00,67.05,67.05,66.8,66.8,4240.0
994,2020/12/22 13:48:00,66.8,66.9,66.75,66.9,1720.0
995,2020/12/22 13:49:00,67.05,67.05,66.85,66.85,2533.0
996,2020/12/22 13:50:00,66.95,67.0,66.9,66.9,3041.0
997,2020/12/22 13:51:00,67.05,67.05,67.0,67.05,118.0
998,2020/12/22 13:52:00,67.1,67.1,66.9,66.9,1915.0
999,2020/12/22 13:53:00,66.95,66.95,66.95,66.95,90.0
1000,2020/12/22 13:54:00,66.95,66.95,66.9,66.9,303.0
1001,2020/12/22 13:55:00,66.9,67.0,66.9,67.0,802.0
1002,2020/12/22 13:56:00,67.0,67.05,66.9,66.9,753.0
1003,2020/12/22 13:57:00,66.9,67.1,66.9,67.1,2050.0
1004,2020/12/22 13:58:00,67.05,67.05,67.0,67.05,201.0
1005,2020/12/22 13:59:00,67.05,67.1,67.0,67.0,1660.0
1006,2020/12/22 14:00:00,67.1,67.1,67.1,67.1,62.0
1007,2020/12/22 14:01:00,67.05,67.15,67.05,67.1,3131.0
1008,2020/12/22 14:02:00,67.15,67.2,67.1,67.2,3639.0
1009,2020/12/22 14:03:00,67.05,67.05,66.9,66.95,5759.0
1010,2020/12/22 14:04:00,66.85,67.05,66.85,67.05,465.0
1011,2020/12/22 14:05:00,67.2,67.2,67.05,67.2,1091.0
1012,2020/12/22 14:06:00,67.2,67.2,67.2,67.2,2025.0
1013,2020/12/22 14:07:00,67.15,67.15,66.9,66.9,5552.0
1014,2020/12/22 14:08:00,66.9,67.05,66.9,67.0,4814.0
1015,2020/12/22 14:09:00,67.0,67.9,67.0,67.75,140044.0
1016,2020/12/22 14:10:00,67.8,67.8,67.5,67.6,37549.0
1017,2020/12/22 14:11:00,67.5,67.65,67.45,67.65,22148.0
1018,2020/12/22 14:12:00,67.55,67.7,67.55,67.6,9391.0
1019,2020/12/22 14:13:00,67.6,67.7,67.5,67.6,6272.0
1020,2020/12/22 14:14:00,67.6,67.65,67.45,67.45,8885.0
1021,2020/12/22 14:15:00,67.5,67.95,67.5,67.95,71692.0
1022,2020/12/22 14:16:00,68.0,68.2,67.85,68.2,18361.0
1023,2020/12/22 14:17:00,68.15,68.15,68.0,68.0,22319.0
1024,2020/12/22 14:18:00,68.05,68.05,67.7,67.85,3503.0
1025,2020/12/22 14:19:00,67.85,67.85,67.65,67.65,2967.0
1026,2020/12/22 14:20:00,67.6,67.8,67.6,67.6,2575.0
1027,2020/12/22 14:21:00,67.7,67.75,67.7,67.75,2816.0
1028,2020/12/22 14:22:00,67.7,67.8,67.7,67.7,5012.0
1029,2020/12/22 14:23:00,67.75,67.75,67.7,67.75,5069.0
1030,2020/12/22 14:24:00,67.75,67.95,67.75,67.9,11658.0
1031,2020/12/22 14:25:00,67.9,67.9,67.7,67.7,2326.0
1032,2020/12/22 14:26:00,67.85,67.85,67.6,67.75,4760.0
1033,2020/12/22 14:27:00,67.6,67.6,67.45,67.5,10982.0
1034,2020/12/22 14:28:00,67.5,67.7,67.5,67.65,3715.0
1035,2020/12/22 14:29:00,67.6,67.65,67.55,67.65,557.0
1036,2020/12/22 14:30:00,67.65,67.75,67.6,67.75,1185.0
1037,2020/12/22 14:31:00,67.6,67.7,67.6,67.7,436.0
1038,2020/12/22 14:32:00,67.7,67.7,67.65,67.7,1722.0
1039,2020/12/22 14:33:00,67.7,67.7,67.65,67.65,6998.0
1040,2020/12/22 14:34:00,67.65,67.65,67.6,67.6,1050.0
1041,2020/12/22 14:35:00,67.6,67.65,67.6,67.65,949.0
1042,2020/12/22 14:36:00,67.65,67.65,67.65,67.65,1.0
1043,2020/12/22 14:37:00,67.6,67.65,67.5,67.6,1494.0
1044,2020/12/22 14:38:00,67.6,67.6,67.45,67.45,1415.0
1045,2020/12/22 14:39:00,67.5,67.7,67.5,67.7,15172.0
1046,2020/12/22 14:40:00,67.65,67.65,67.55,67.55,198.0
1047,2020/12/22 14:41:00,67.65,67.65,67.5,67.65,468.0
1048,2020/12/22 14:42:00,67.55,67.65,67.55,67.65,3006.0
1049,2020/12/22 14:43:00,67.7,67.7,67.65,67.7,143.0
1050,2020/12/22 14:44:00,67.7,67.75,67.7,67.75,1096.0
1051,2020/12/22 14:45:00,67.65,67.75,67.55,67.7,3167.0
1052,2020/12/22 14:46:00,67.7,67.75,67.55,67.6,1120.0
1053,2020/12/22 14:47:00,67.6,67.7,67.6,67.7,1165.0
1054,2020/12/22 14:48:00,67.6,67.75,67.6,67.65,4824.0
1055,2020/12/22 14:49:00,67.75,67.75,67.65,67.75,943.0
1056,2020/12/22 14:50:00,67.7,67.85,67.7,67.75,6423.0
1057,2020/12/22 14:51:00,67.85,67.85,67.75,67.75,1660.0
1058,2020/12/22 14:52:00,67.75,68.05,67.75,68.05,7359.0
1059,2020/12/22 14:53:00,67.95,67.95,67.85,67.95,3324.0
1060,2020/12/22 14:54:00,67.95,68.05,67.85,68.0,3586.0
1061,2020/12/22 14:55:00,67.95,68.0,67.95,68.0,2368.0
1062,2020/12/22 14:56:00,67.95,68.0,67.95,68.0,2232.0
1063,2020/12/22 14:57:00,68.0,68.0,67.95,67.95,1417.0
1064,2020/12/22 14:58:00,68.0,68.0,67.9,67.9,4055.0
1065,2020/12/22 14:59:00,67.9,67.95,67.8,67.8,2023.0
1066,2020/12/22 15:00:00,67.85,67.9,67.7,67.8,4079.0
1067,2020/12/22 15:01:00,67.85,67.95,67.85,67.9,1997.0
1068,2020/12/22 15:02:00,67.9,67.9,67.55,67.55,13563.0
1069,2020/12/22 15:03:00,67.6,67.85,67.55,67.85,2462.0
1070,2020/12/22 15:04:00,67.85,67.85,67.7,67.7,1498.0
1071,2020/12/22 15:05:00,67.7,67.85,67.7,67.85,4862.0
1072,2020/12/22 15:06:00,67.95,68.1,67.95,68.05,18017.0
1073,2020/12/22 15:07:00,68.05,68.2,68.05,68.1,4135.0
1074,2020/12/22 15:08:00,68.15,68.15,68.0,68.05,9030.0
1075,2020/12/22 15:09:00,68.0,68.1,68.0,68.1,19175.0
1076,2020/12/22 15:10:00,68.05,68.4,68.05,68.35,18722.0
1077,2020/12/22 15:11:00,68.4,68.45,68.3,68.45,3390.0
1078,2020/12/22 15:12:00,68.45,68.65,68.45,68.55,22115.0
1079,2020/12/22 15:13:00,68.55,68.8,68.55,68.75,15513.0
1080,2020/12/22 15:14:00,68.6,68.75,68.6,68.6,5680.0
1081,2020/12/22 15:15:00,68.55,68.65,68.5,68.6,4979.0
1082,2020/12/22 15:16:00,68.6,68.6,68.45,68.5,5495.0
1083,2020/12/22 15:17:00,68.5,68.5,68.25,68.3,12979.0
1084,2020/12/22 15:18:00,68.25,68.3,68.0,68.0,24370.0
1085,2020/12/22 15:19:00,68.0,68.3,68.0,68.3,11893.0
1086,2020/12/22 15:20:00,68.1,68.35,68.1,68.2,8810.0
1087,2020/12/22 15:21:00,68.3,68.6,68.25,68.25,8837.0
1088,2020/12/22 15:22:00,68.3,68.4,68.25,68.35,2119.0
1089,2020/12/22 15:23:00,68.3,68.4,68.3,68.4,1866.0
1090,2020/12/22 15:24:00,68.35,68.4,68.2,68.2,36944.0
1091,2020/12/22 15:25:00,68.25,68.3,68.2,68.2,4362.0
1092,2020/12/22 15:26:00,68.25,68.25,68.2,68.25,6927.0
1093,2020/12/22 15:27:00,68.25,68.25,68.0,68.0,13510.0
1094,2020/12/22 15:28:00,68.0,68.15,67.75,68.15,7586.0
1095,2020/12/22 15:29:00,68.0,68.2,68.0,68.2,8196.0
1096,2020/12/22 15:40:00,68.2,68.2,68.2,68.2,16.0
1097,2020/12/22 15:42:00,68.2,68.2,68.2,68.2,10.0
1098,2020/12/22 15:57:00,68.2,68.2,68.2,68.2,100.0
1099,2020/12/23 09:08:00,68.8,68.8,68.8,68.8,5761.0
1100,2020/12/23 09:15:00,68.55,68.7,67.8,67.8,10527.0
1101,2020/12/23 09:16:00,67.9,68.45,67.65,68.2,7031.0
1102,2020/12/23 09:17:00,68.45,68.45,68.0,68.1,8975.0
1103,2020/12/23 09:18:00,68.15,68.45,68.15,68.35,5408.0
1104,2020/12/23 09:19:00,68.45,68.6,68.2,68.4,11594.0
1105,2020/12/23 09:20:00,68.45,68.7,68.45,68.6,1028.0
1106,2020/12/23 09:21:00,68.45,68.75,68.45,68.65,5439.0
1107,2020/12/23 09:22:00,68.7,68.8,68.65,68.75,9110.0
1108,2020/12/23 09:23:00,68.8,68.95,68.8,68.9,9080.0
1109,2020/12/23 09:24:00,68.9,68.95,68.75,68.8,7615.0
1110,2020/12/23 09:25:00,68.75,68.75,68.55,68.65,3082.0
1111,2020/12/23 09:26:00,68.55,68.6,68.5,68.6,1800.0
1112,2020/12/23 09:27:00,68.5,68.5,68.25,68.25,7655.0
1113,2020/12/23 09:28:00,68.25,68.45,68.25,68.25,1971.0
1114,2020/12/23 09:29:00,68.2,68.45,68.2,68.25,2366.0
1115,2020/12/23 09:30:00,68.3,68.3,68.0,68.1,11395.0
1116,2020/12/23 09:31:00,68.15,68.2,67.95,67.95,4398.0
1117,2020/12/23 09:32:00,68.0,68.0,67.95,68.0,1581.0
1118,2020/12/23 09:33:00,67.85,67.95,67.8,67.95,1236.0
1119,2020/12/23 09:34:00,67.9,67.9,67.75,67.75,1749.0
1120,2020/12/23 09:35:00,67.8,67.85,67.75,67.85,2589.0
1121,2020/12/23 09:36:00,68.0,68.45,68.0,68.45,8840.0
1122,2020/12/23 09:37:00,68.4,68.7,68.4,68.4,9121.0
1123,2020/12/23 09:38:00,68.6,68.7,68.4,68.45,5817.0
1124,2020/12/23 09:39:00,68.45,68.85,68.45,68.85,3153.0
1125,2020/12/23 09:40:00,68.85,68.9,68.85,68.85,7120.0
1126,2020/12/23 09:41:00,68.7,68.75,68.6,68.6,7010.0
1127,2020/12/23 09:42:00,68.6,68.7,68.45,68.6,5250.0
1128,2020/12/23 09:43:00,68.5,68.65,68.5,68.65,1039.0
1129,2020/12/23 09:44:00,68.65,68.65,68.55,68.65,636.0
1130,2020/12/23 09:45:00,68.5,68.65,68.5,68.65,705.0
1131,2020/12/23 09:46:00,68.6,68.65,68.6,68.6,639.0
1132,2020/12/23 09:47:00,68.65,68.7,68.6,68.7,1253.0
1133,2020/12/23 09:48:00,68.7,68.7,68.65,68.7,965.0
1134,2020/12/23 09:49:00,68.7,68.7,68.6,68.6,457.0
1135,2020/12/23 09:50:00,68.65,68.7,68.65,68.7,7401.0
1136,2020/12/23 09:51:00,68.6,68.85,68.6,68.75,3059.0
1137,2020/12/23 09:52:00,68.8,68.85,68.75,68.75,990.0
1138,2020/12/23 09:53:00,68.85,68.85,68.75,68.85,7690.0
1139,2020/12/23 09:54:00,68.75,68.75,68.6,68.7,4138.0
1140,2020/12/23 09:55:00,68.65,68.7,68.65,68.7,600.0
1141,2020/12/23 09:56:00,68.6,68.7,68.6,68.7,663.0
1142,2020/12/23 09:57:00,68.7,68.7,68.7,68.7,205.0
1143,2020/12/23 09:58:00,68.7,68.7,68.55,68.65,1953.0
1144,2020/12/23 09:59:00,68.65,68.75,68.65,68.75,636.0
1145,2020/12/23 10:00:00,68.75,68.75,68.65,68.65,1100.0
1146,2020/12/23 10:01:00,68.65,68.7,68.6,68.7,3340.0
1147,2020/12/23 10:02:00,68.7,68.7,68.4,68.45,8110.0
1148,2020/12/23 10:03:00,68.3,68.4,68.3,68.3,1148.0
1149,2020/12/23 10:04:00,68.45,68.45,68.35,68.35,323.0
1150,2020/12/23 10:05:00,68.35,68.45,68.3,68.45,1082.0
1151,2020/12/23 10:06:00,68.35,68.45,68.3,68.45,4734.0
1152,2020/12/23 10:07:00,68.3,68.45,68.3,68.3,371.0
1153,2020/12/23 10:08:00,68.3,68.4,68.3,68.4,201.0
1154,2020/12/23 10:09:00,68.4,68.4,68.3,68.35,1787.0
1155,2020/12/23 10:10:00,68.4,68.5,68.35,68.5,1611.0
1156,2020/12/23 10:11:00,68.45,68.5,68.4,68.5,1226.0
1157,2020/12/23 10:12:00,68.5,68.5,68.4,68.4,651.0
1158,2020/12/23 10:13:00,68.4,68.4,68.4,68.4,60.0
1159,2020/12/23 10:14:00,68.4,68.5,68.4,68.5,511.0
1160,2020/12/23 10:15:00,68.4,68.4,68.35,68.35,2129.0
1161,2020/12/23 10:16:00,68.3,68.45,68.3,68.45,3499.0
1162,2020/12/23 10:17:00,68.45,68.5,68.4,68.5,6134.0
1163,2020/12/23 10:18:00,68.5,68.5,68.45,68.45,4926.0
1164,2020/12/23 10:19:00,68.45,68.45,68.45,68.45,316.0
1165,2020/12/23 10:20:00,68.45,68.45,68.45,68.45,2500.0
1166,2020/12/23 10:21:00,68.55,68.6,68.5,68.5,1646.0
1167,2020/12/23 10:22:00,68.6,68.65,68.5,68.6,1385.0
1168,2020/12/23 10:23:00,68.55,68.6,68.55,68.6,203.0
1169,2020/12/23 10:24:00,68.6,68.6,68.6,68.6,58.0
1170,2020/12/23 10:25:00,68.65,68.7,68.6,68.6,2078.0
1171,2020/12/23 10:26:00,68.5,68.6,68.5,68.6,208.0
1172,2020/12/23 10:27:00,68.5,68.6,68.5,68.5,1152.0
1173,2020/12/23 10:28:00,68.5,68.5,68.5,68.5,468.0
1174,2020/12/23 10:29:00,68.6,68.6,68.45,68.45,1113.0
1175,2020/12/23 10:30:00,68.45,68.45,68.45,68.45,1335.0
1176,2020/12/23 10:31:00,68.5,68.5,68.5,68.5,6347.0
1177,2020/12/23 10:32:00,68.55,68.6,68.5,68.5,882.0
1178,2020/12/23 10:33:00,68.5,68.55,68.5,68.55,6.0
1179,2020/12/23 10:34:00,68.5,68.5,68.5,68.5,181.0
1180,2020/12/23 10:35:00,68.5,68.5,68.45,68.5,296.0
1181,2020/12/23 10:36:00,68.5,68.5,68.5,68.5,75.0
1182,2020/12/23 10:37:00,68.5,68.5,68.45,68.45,388.0
1183,2020/12/23 10:38:00,68.45,68.55,68.45,68.55,5491.0
1184,2020/12/23 10:39:00,68.55,68.6,68.5,68.5,1039.0
1185,2020/12/23 10:40:00,68.65,68.65,68.65,68.65,1703.0
1186,2020/12/23 10:41:00,68.65,68.65,68.65,68.65,1300.0
1187,2020/12/23 10:43:00,68.65,68.65,68.45,68.45,8696.0
1188,2020/12/23 10:45:00,68.6,68.6,68.45,68.45,1565.0
1189,2020/12/23 10:46:00,68.3,68.35,68.3,68.35,5650.0
1190,2020/12/23 10:47:00,68.35,68.5,68.35,68.5,1672.0
1191,2020/12/23 10:48:00,68.5,68.6,68.5,68.55,1538.0
1192,2020/12/23 10:49:00,68.5,68.5,68.25,68.4,5502.0
1193,2020/12/23 10:50:00,68.45,68.45,68.45,68.45,910.0
1194,2020/12/23 10:51:00,68.45,68.45,68.45,68.45,1000.0
1195,2020/12/23 10:52:00,68.5,68.5,68.4,68.4,3049.0
1196,2020/12/23 10:53:00,68.4,68.4,68.4,68.4,20.0
1197,2020/12/23 10:54:00,68.4,68.4,68.4,68.4,442.0
1198,2020/12/23 10:55:00,68.4,68.45,68.4,68.45,702.0
1199,2020/12/23 10:56:00,68.4,68.4,68.25,68.25,20414.0
1200,2020/12/23 10:57:00,68.2,68.25,68.2,68.25,1210.0
1201,2020/12/23 10:58:00,68.25,68.25,68.15,68.15,487.0
1202,2020/12/23 10:59:00,68.25,68.25,68.15,68.15,433.0
1203,2020/12/23 11:00:00,68.15,68.25,68.15,68.25,113.0
1204,2020/12/23 11:01:00,68.25,68.25,68.15,68.15,3176.0
1205,2020/12/23 11:02:00,68.15,68.25,68.15,68.15,5258.0
1206,2020/12/23 11:03:00,68.2,68.25,68.15,68.15,2850.0
1207,2020/12/23 11:04:00,68.2,68.25,68.2,68.2,958.0
1208,2020/12/23 11:05:00,68.2,68.25,68.15,68.15,1167.0
1209,2020/12/23 11:06:00,68.15,68.15,68.15,68.15,90.0
1210,2020/12/23 11:07:00,68.2,68.2,68.15,68.15,6055.0
1211,2020/12/23 11:08:00,68.15,68.25,68.15,68.25,525.0
1212,2020/12/23 11:09:00,68.15,68.25,68.15,68.25,501.0
1213,2020/12/23 11:10:00,68.25,68.25,68.2,68.25,275.0
1214,2020/12/23 11:11:00,68.2,68.2,68.2,68.2,100.0
1215,2020/12/23 11:12:00,68.25,68.25,68.2,68.2,455.0
1216,2020/12/23 11:13:00,68.2,68.2,68.2,68.2,425.0
1217,2020/12/23 11:14:00,68.15,68.2,68.05,68.05,9987.0
1218,2020/12/23 11:15:00,68.05,68.05,68.05,68.05,100.0
1219,2020/12/23 11:16:00,68.2,68.2,68.2,68.2,380.0
1220,2020/12/23 11:17:00,68.15,68.15,68.15,68.15,26.0
1221,2020/12/23 11:18:00,68.05,68.05,68.05,68.05,800.0
1222,2020/12/23 11:19:00,68.05,68.05,68.05,68.05,2560.0
1223,2020/12/23 11:20:00,68.1,68.15,68.1,68.15,4094.0
1224,2020/12/23 11:21:00,68.15,68.15,68.15,68.15,41.0
1225,2020/12/23 11:22:00,68.15,68.15,68.1,68.1,3995.0
1226,2020/12/23 11:23:00,68.15,68.15,68.15,68.15,4.0
1227,2020/12/23 11:24:00,68.2,68.2,68.2,68.2,300.0
1228,2020/12/23 11:25:00,68.15,68.15,68.15,68.15,500.0
1229,2020/12/23 11:26:00,68.1,68.2,68.1,68.2,2000.0
1230,2020/12/23 11:27:00,68.2,68.2,68.15,68.15,306.0
1231,2020/12/23 11:28:00,68.15,68.15,68.15,68.15,1000.0
1232,2020/12/23 11:29:00,68.1,68.1,68.1,68.1,1233.0
1233,2020/12/23 11:30:00,68.05,68.05,68.0,68.0,8898.0
1234,2020/12/23 11:31:00,68.05,68.05,68.0,68.0,1102.0
1235,2020/12/23 11:32:00,68.05,68.05,67.95,67.95,17601.0
1236,2020/12/23 11:33:00,67.95,67.95,67.85,67.85,847.0
1237,2020/12/23 11:34:00,67.85,67.95,67.85,67.95,510.0
1238,2020/12/23 11:35:00,67.95,67.95,67.95,67.95,6.0
1239,2020/12/23 11:36:00,67.95,67.95,67.95,67.95,297.0
1240,2020/12/23 11:37:00,68.0,68.05,68.0,68.0,1987.0
1241,2020/12/23 11:38:00,68.0,68.0,67.95,67.95,1108.0
1242,2020/12/23 11:39:00,68.05,68.05,68.05,68.05,511.0
1243,2020/12/23 11:40:00,68.05,68.05,67.95,67.95,352.0
1244,2020/12/23 11:41:00,68.05,68.05,67.95,67.95,52.0
1245,2020/12/23 11:42:00,68.05,68.05,68.05,68.05,50.0
1246,2020/12/23 11:45:00,67.95,68.05,67.95,68.05,32.0
1247,2020/12/23 11:46:00,68.05,68.05,68.05,68.05,45.0
1248,2020/12/23 11:47:00,68.05,68.05,68.0,68.0,410.0
1249,2020/12/23 11:48:00,67.95,67.95,67.95,67.95,1.0
1250,2020/12/23 11:49:00,68.0,68.0,68.0,68.0,896.0
1251,2020/12/23 11:50:00,68.0,68.0,67.95,68.0,28995.0
1252,2020/12/23 11:51:00,68.0,68.0,68.0,68.0,11000.0
1253,2020/12/23 11:52:00,68.0,68.0,68.0,68.0,41516.0
1254,2020/12/23 11:53:00,68.0,68.0,68.0,68.0,1550.0
1255,2020/12/23 11:54:00,68.0,68.0,68.0,68.0,4150.0
1256,2020/12/23 11:55:00,68.0,68.1,68.0,68.1,8336.0
1257,2020/12/23 11:56:00,68.1,68.1,68.1,68.1,35.0
1258,2020/12/23 11:57:00,68.15,68.3,68.1,68.3,4370.0
1259,2020/12/23 11:58:00,68.4,68.6,68.35,68.6,9362.0
1260,2020/12/23 11:59:00,68.6,69.85,68.6,69.85,3915198.0
1261,2020/12/23 12:00:00,69.7,70.3,69.7,70.15,148849.0
1262,2020/12/23 12:01:00,70.2,70.25,70.05,70.25,38331.0
1263,2020/12/23 12:02:00,70.25,70.5,70.05,70.4,57838.0
1264,2020/12/23 12:03:00,70.45,70.7,70.35,70.7,62425.0
1265,2020/12/23 12:04:00,70.7,70.7,70.3,70.4,21798.0
1266,2020/12/23 12:05:00,70.4,70.4,70.0,70.15,22873.0
1267,2020/12/23 12:06:00,70.15,70.4,70.1,70.35,36067.0
1268,2020/12/23 12:07:00,70.35,70.4,70.1,70.3,24926.0
1269,2020/12/23 12:08:00,70.3,70.3,70.15,70.25,20696.0
1270,2020/12/23 12:09:00,70.2,70.25,70.0,70.1,27539.0
1271,2020/12/23 12:10:00,70.0,70.25,70.0,70.2,11229.0
1272,2020/12/23 12:11:00,70.25,70.35,70.2,70.35,17193.0
1273,2020/12/23 12:12:00,70.35,70.35,70.15,70.2,15302.0
1274,2020/12/23 12:13:00,70.15,70.25,70.15,70.25,2754.0
1275,2020/12/23 12:14:00,70.25,70.25,70.0,70.2,21621.0
1276,2020/12/23 12:15:00,70.0,70.3,70.0,70.3,14434.0
1277,2020/12/23 12:16:00,70.15,70.2,70.1,70.2,4598.0
1278,2020/12/23 12:17:00,70.2,70.25,70.2,70.25,1835.0
1279,2020/12/23 12:18:00,70.25,70.3,70.2,70.2,7201.0
1280,2020/12/23 12:19:00,70.2,70.3,70.15,70.3,27965.0
1281,2020/12/23 12:20:00,70.25,70.4,70.15,70.35,13668.0
1282,2020/12/23 12:21:00,70.35,70.45,70.35,70.4,15660.0
1283,2020/12/23 12:22:00,70.35,70.35,70.05,70.15,32305.0
1284,2020/12/23 12:23:00,70.25,70.25,69.7,69.7,42144.0
1285,2020/12/23 12:24:00,69.8,69.8,69.45,69.55,48318.0
1286,2020/12/23 12:25:00,69.55,69.9,69.5,69.7,25020.0
1287,2020/12/23 12:26:00,69.65,69.7,69.55,69.55,21243.0
1288,2020/12/23 12:27:00,69.7,69.7,69.3,69.45,43232.0
1289,2020/12/23 12:28:00,69.25,69.4,69.2,69.4,21647.0
1290,2020/12/23 12:29:00,69.4,69.5,69.15,69.15,34946.0
1291,2020/12/23 12:30:00,69.3,69.4,69.2,69.4,33044.0
1292,2020/12/23 12:31:00,69.4,69.4,69.05,69.2,30386.0
1293,2020/12/23 12:32:00,69.05,69.35,69.05,69.35,47445.0
1294,2020/12/23 12:33:00,69.35,69.45,69.25,69.4,4976.0
1295,2020/12/23 12:34:00,69.4,69.4,69.3,69.3,2915.0
1296,2020/12/23 12:35:00,69.3,69.3,69.2,69.3,7548.0
1297,2020/12/23 12:36:00,69.3,69.3,69.3,69.3,885.0
1298,2020/12/23 12:37:00,69.3,69.3,69.25,69.3,260.0
1299,2020/12/23 12:38:00,69.25,69.3,69.2,69.2,5600.0
1300,2020/12/23 12:39:00,69.3,69.3,69.2,69.25,3655.0
1301,2020/12/23 12:40:00,69.25,69.3,69.25,69.3,2837.0
1302,2020/12/23 12:41:00,69.3,69.3,69.25,69.3,7398.0
1303,2020/12/23 12:42:00,69.2,69.2,69.2,69.2,625.0
1304,2020/12/23 12:43:00,69.25,69.3,69.2,69.3,5070.0
1305,2020/12/23 12:44:00,69.3,69.3,69.3,69.3,906.0
1306,2020/12/23 12:45:00,69.2,69.3,69.2,69.2,755.0
1307,2020/12/23 12:46:00,69.25,69.3,69.2,69.3,2040.0
1308,2020/12/23 12:47:00,69.2,69.3,69.15,69.15,2318.0
1309,2020/12/23 12:48:00,69.15,69.3,69.15,69.3,4271.0
1310,2020/12/23 12:49:00,69.15,69.25,69.15,69.15,1264.0
1311,2020/12/23 12:50:00,69.15,69.25,69.15,69.2,754.0
1312,2020/12/23 12:51:00,69.3,69.3,69.25,69.3,9124.0
1313,2020/12/23 12:52:00,69.3,69.3,69.2,69.2,3132.0
1314,2020/12/23 12:53:00,69.3,69.3,69.25,69.25,6300.0
1315,2020/12/23 12:54:00,69.3,69.3,69.25,69.25,261.0
1316,2020/12/23 12:55:00,69.3,69.3,69.3,69.3,2375.0
1317,2020/12/23 12:56:00,69.3,69.35,69.3,69.3,4533.0
1318,2020/12/23 12:57:00,69.4,69.45,69.35,69.45,972.0
1319,2020/12/23 12:58:00,69.45,69.5,69.4,69.5,4372.0
1320,2020/12/23 12:59:00,69.5,69.5,69.45,69.5,1079.0
1321,2020/12/23 13:00:00,69.5,69.6,69.5,69.55,12297.0
1322,2020/12/23 13:01:00,69.65,69.7,69.55,69.65,5051.0
1323,2020/12/23 13:02:00,69.65,69.65,69.45,69.55,11129.0
1324,2020/12/23 13:03:00,69.45,69.5,69.45,69.45,4723.0
1325,2020/12/23 13:04:00,69.5,69.55,69.5,69.55,10040.0
1326,2020/12/23 13:05:00,69.6,69.6,69.5,69.5,471.0
1327,2020/12/23 13:06:00,69.5,69.6,69.45,69.6,1171.0
1328,2020/12/23 13:07:00,69.6,69.6,69.45,69.45,2139.0
1329,2020/12/23 13:08:00,69.45,69.5,69.45,69.5,2350.0
1330,2020/12/23 13:09:00,69.45,69.5,69.4,69.4,23158.0
1331,2020/12/23 13:10:00,69.4,69.45,69.3,69.3,4742.0
1332,2020/12/23 13:11:00,69.35,69.4,69.15,69.2,15441.0
1333,2020/12/23 13:12:00,69.3,69.3,69.15,69.15,2034.0
1334,2020/12/23 13:13:00,69.3,69.5,69.3,69.5,14224.0
1335,2020/12/23 13:14:00,69.5,69.5,69.3,69.3,2488.0
1336,2020/12/23 13:15:00,69.4,69.4,69.25,69.25,350.0
1337,2020/12/23 13:16:00,69.25,69.25,69.25,69.25,400.0
1338,2020/12/23 13:17:00,69.25,69.25,69.15,69.25,5156.0
1339,2020/12/23 13:18:00,69.25,69.25,69.05,69.15,26670.0
1340,2020/12/23 13:19:00,69.15,69.15,69.05,69.1,43064.0
1341,2020/12/23 13:20:00,69.1,69.1,68.9,68.9,26707.0
1342,2020/12/23 13:21:00,68.9,68.9,68.75,68.75,3601.0
1343,2020/12/23 13:22:00,68.75,68.75,68.5,68.7,17457.0
1344,2020/12/23 13:23:00,68.7,68.7,68.5,68.7,9114.0
1345,2020/12/23 13:24:00,68.7,68.7,68.6,68.7,2274.0
1346,2020/12/23 13:25:00,68.55,68.7,68.55,68.7,16137.0
1347,2020/12/23 13:26:00,68.7,68.7,68.55,68.6,17828.0
1348,2020/12/23 13:27:00,68.65,68.7,68.6,68.7,2137.0
1349,2020/12/23 13:28:00,68.7,68.7,68.65,68.65,4158.0
1350,2020/12/23 13:29:00,68.55,68.7,68.55,68.7,4401.0
1351,2020/12/23 13:30:00,68.7,68.7,68.6,68.6,875.0
1352,2020/12/23 13:31:00,68.7,68.7,68.7,68.7,347.0
1353,2020/12/23 13:32:00,68.7,68.7,68.65,68.7,4392.0
1354,2020/12/23 13:33:00,68.7,68.7,68.65,68.65,9572.0
1355,2020/12/23 13:34:00,68.7,68.7,68.6,68.7,409.0
1356,2020/12/23 13:35:00,68.7,68.7,68.7,68.7,6957.0
1357,2020/12/23 13:36:00,68.7,69.0,68.7,69.0,10046.0
1358,2020/12/23 13:37:00,69.0,69.0,68.95,68.95,6878.0
1359,2020/12/23 13:38:00,68.95,69.0,68.95,69.0,1380.0
1360,2020/12/23 13:39:00,69.0,69.0,68.9,68.9,3311.0
1361,2020/12/23 13:40:00,68.9,68.9,68.8,68.9,753.0
1362,2020/12/23 13:41:00,68.9,68.9,68.9,68.9,602.0
1363,2020/12/23 13:42:00,68.95,68.95,68.8,68.8,400.0
1364,2020/12/23 13:43:00,68.95,68.95,68.95,68.95,332.0
1365,2020/12/23 13:44:00,68.85,68.85,68.85,68.85,150.0
1366,2020/12/23 13:45:00,68.95,68.95,68.95,68.95,16.0
1367,2020/12/23 13:46:00,68.95,69.0,68.9,69.0,1860.0
1368,2020/12/23 13:47:00,69.0,69.0,69.0,69.0,6111.0
1369,2020/12/23 13:48:00,68.95,69.0,68.95,68.95,144.0
1370,2020/12/23 13:49:00,69.0,69.0,68.9,68.9,2986.0
1371,2020/12/23 13:50:00,68.95,69.0,68.8,68.8,8864.0
1372,2020/12/23 13:51:00,68.85,69.0,68.85,68.9,1596.0
1373,2020/12/23 13:52:00,68.9,69.0,68.9,69.0,436.0
1374,2020/12/23 13:53:00,68.9,68.9,68.9,68.9,585.0
1375,2020/12/23 13:54:00,69.0,69.0,69.0,69.0,100.0
1376,2020/12/23 13:55:00,68.9,68.95,68.85,68.95,2331.0
1377,2020/12/23 13:56:00,68.95,68.95,68.95,68.95,399.0
1378,2020/12/23 13:57:00,69.0,69.0,68.95,68.95,5337.0
1379,2020/12/23 13:58:00,69.0,69.0,68.9,68.9,175.0
1380,2020/12/23 13:59:00,68.9,69.0,68.9,69.0,335.0
1381,2020/12/23 14:00:00,69.0,69.0,68.9,68.9,1452.0
1382,2020/12/23 14:01:00,69.0,69.15,69.0,69.15,507.0
1383,2020/12/23 14:02:00,69.25,69.25,69.15,69.15,1501.0
1384,2020/12/23 14:03:00,69.25,69.25,69.25,69.25,5121.0
1385,2020/12/23 14:04:00,69.2,69.25,69.2,69.25,674.0
1386,2020/12/23 14:05:00,69.2,69.25,69.2,69.25,1535.0
1387,2020/12/23 14:06:00,69.25,69.25,68.9,68.9,11412.0
1388,2020/12/23 14:07:00,69.0,69.15,68.9,69.15,8117.0
1389,2020/12/23 14:08:00,69.15,69.15,69.05,69.05,752.0
1390,2020/12/23 14:09:00,69.05,69.05,69.05,69.05,95.0
1391,2020/12/23 14:10:00,69.15,69.15,68.95,69.0,6321.0
1392,2020/12/23 14:11:00,68.95,69.0,68.75,68.95,15188.0
1393,2020/12/23 14:12:00,68.8,68.9,68.8,68.9,1100.0
1394,2020/12/23 14:13:00,69.0,69.0,68.95,69.0,1690.0
1395,2020/12/23 14:14:00,69.0,69.0,68.9,69.0,1571.0
1396,2020/12/23 14:15:00,69.0,69.0,69.0,69.0,350.0
1397,2020/12/23 14:16:00,68.9,69.1,68.9,69.1,6600.0
1398,2020/12/23 14:17:00,69.1,69.1,69.1,69.1,100.0
1399,2020/12/23 14:18:00,69.15,69.25,69.15,69.15,1300.0
1400,2020/12/23 14:19:00,69.25,69.25,69.15,69.2,4128.0
1401,2020/12/23 14:20:00,69.2,69.3,69.2,69.2,1000.0
1402,2020/12/23 14:21:00,69.25,69.25,69.15,69.2,8442.0
1403,2020/12/23 14:22:00,69.2,69.25,69.1,69.25,17008.0
1404,2020/12/23 14:23:00,69.3,69.5,69.25,69.3,11984.0
1405,2020/12/23 14:24:00,69.25,69.25,69.25,69.25,21716.0
1406,2020/12/23 14:25:00,69.3,69.5,69.25,69.45,39295.0
1407,2020/12/23 14:26:00,69.4,69.4,69.3,69.35,1300.0
1408,2020/12/23 14:27:00,69.3,69.35,69.3,69.35,1787.0
1409,2020/12/23 14:28:00,69.4,69.4,69.35,69.35,9630.0
1410,2020/12/23 14:29:00,69.4,69.45,69.35,69.4,2975.0
1411,2020/12/23 14:30:00,69.4,69.4,69.35,69.4,2378.0
1412,2020/12/23 14:31:00,69.4,69.4,69.35,69.35,2620.0
1413,2020/12/23 14:32:00,69.35,69.4,69.35,69.35,3150.0
1414,2020/12/23 14:33:00,69.35,69.35,69.25,69.25,2767.0
1415,2020/12/23 14:34:00,69.3,69.3,69.0,69.15,14159.0
1416,2020/12/23 14:35:00,69.05,69.3,69.05,69.3,5061.0
1417,2020/12/23 14:36:00,69.35,69.4,69.3,69.35,526.0
1418,2020/12/23 14:37:00,69.4,69.4,69.3,69.3,4010.0
1419,2020/12/23 14:38:00,69.3,69.35,69.3,69.3,2155.0
1420,2020/12/23 14:39:00,69.3,69.4,69.3,69.3,2343.0
1421,2020/12/23 14:40:00,69.3,69.4,69.3,69.4,260.0
1422,2020/12/23 14:41:00,69.3,69.4,69.2,69.3,1619.0
1423,2020/12/23 14:42:00,69.25,69.35,69.25,69.25,287.0
1424,2020/12/23 14:43:00,69.25,69.35,69.1,69.1,3468.0
1425,2020/12/23 14:44:00,69.1,69.25,69.0,69.05,8560.0
1426,2020/12/23 14:45:00,69.1,69.15,69.1,69.15,2171.0
1427,2020/12/23 14:46:00,69.0,69.05,69.0,69.05,8008.0
1428,2020/12/23 14:47:00,68.95,68.95,68.8,68.9,15944.0
1429,2020/12/23 14:48:00,68.9,69.0,68.9,69.0,765.0
1430,2020/12/23 14:49:00,69.0,69.0,68.9,68.9,1450.0
1431,2020/12/23 14:50:00,68.9,69.0,68.85,69.0,5669.0
1432,2020/12/23 14:51:00,68.9,68.9,68.9,68.9,600.0
1433,2020/12/23 14:52:00,69.0,69.0,68.9,69.0,1094.0
1434,2020/12/23 14:53:00,69.0,69.0,68.9,68.9,957.0
1435,2020/12/23 14:54:00,69.0,69.0,68.9,69.0,5139.0
1436,2020/12/23 14:55:00,69.0,69.05,69.0,69.0,244.0
1437,2020/12/23 14:56:00,69.0,69.05,68.9,69.05,1798.0
1438,2020/12/23 14:57:00,69.0,69.05,68.9,69.0,3641.0
1439,2020/12/23 14:58:00,69.0,69.0,68.95,68.95,1389.0
1440,2020/12/23 14:59:00,69.0,69.0,68.95,69.0,1345.0
1441,2020/12/23 15:00:00,69.05,69.05,69.0,69.05,3096.0
1442,2020/12/23 15:01:00,68.95,69.05,68.95,69.0,6784.0
1443,2020/12/23 15:02:00,69.05,69.05,69.0,69.05,2555.0
1444,2020/12/23 15:03:00,69.05,69.05,69.0,69.0,1910.0
1445,2020/12/23 15:04:00,69.0,69.25,69.0,69.2,18831.0
1446,2020/12/23 15:05:00,69.25,69.25,69.2,69.2,5273.0
1447,2020/12/23 15:06:00,69.2,69.2,69.0,69.1,14097.0
1448,2020/12/23 15:07:00,69.05,69.15,69.05,69.05,3793.0
1449,2020/12/23 15:08:00,69.0,69.1,69.0,69.1,1401.0
1450,2020/12/23 15:09:00,69.1,69.15,69.0,69.15,1482.0
1451,2020/12/23 15:10:00,69.05,69.15,69.0,69.0,3887.0
1452,2020/12/23 15:11:00,69.0,69.15,69.0,69.15,2107.0
1453,2020/12/23 15:12:00,69.1,69.15,69.1,69.1,4387.0
1454,2020/12/23 15:13:00,69.1,69.15,69.05,69.05,9816.0
1455,2020/12/23 15:14:00,69.15,69.15,69.0,69.1,5449.0
1456,2020/12/23 15:15:00,69.0,69.1,69.0,69.0,5945.0
1457,2020/12/23 15:16:00,68.95,69.05,68.95,69.0,6974.0
1458,2020/12/23 15:17:00,68.95,69.0,68.95,69.0,6525.0
1459,2020/12/23 15:18:00,68.95,69.0,68.9,68.95,5068.0
1460,2020/12/23 15:19:00,68.9,68.95,68.9,68.9,20251.0
1461,2020/12/23 15:20:00,68.9,68.9,68.85,68.85,5149.0
1462,2020/12/23 15:21:00,68.85,68.9,68.85,68.9,15478.0
1463,2020/12/23 15:22:00,68.9,68.9,68.85,68.85,3260.0
1464,2020/12/23 15:23:00,68.9,68.9,68.75,68.8,26710.0
1465,2020/12/23 15:24:00,68.8,68.8,68.75,68.75,3204.0
1466,2020/12/23 15:25:00,68.45,68.5,68.1,68.5,90332.0
1467,2020/12/23 15:26:00,68.4,68.95,68.3,68.6,22623.0
1468,2020/12/23 15:27:00,68.6,69.0,68.6,69.0,33153.0
1469,2020/12/23 15:28:00,68.95,69.2,68.6,68.85,990448.0
1470,2020/12/23 15:29:00,68.85,69.0,68.7,68.9,10990.0
1471,2020/12/23 15:30:00,69.0,69.0,69.0,69.0,5000.0
1472,2020/12/23 15:40:00,68.95,69.0,68.95,69.0,740.0
1473,2020/12/23 15:41:00,68.95,69.0,68.95,69.0,14537.0
1474,2020/12/23 15:42:00,68.95,68.95,68.95,68.95,50.0
1475,2020/12/23 15:44:00,68.95,68.95,68.95,68.95,134.0
1476,2020/12/23 15:46:00,68.95,68.95,68.95,68.95,100.0
1477,2020/12/24 09:07:00,69.5,69.5,69.5,69.5,8370.0
1478,2020/12/24 09:15:00,69.5,69.65,69.45,69.6,25688.0
1479,2020/12/24 09:16:00,69.6,69.8,69.45,69.45,31797.0
1480,2020/12/24 09:17:00,69.45,69.6,69.35,69.5,3470.0
1481,2020/12/24 09:18:00,69.55,69.55,69.4,69.5,5073.0
1482,2020/12/24 09:19:00,69.5,69.65,69.35,69.55,23488.0
1483,2020/12/24 09:20:00,69.55,69.6,69.55,69.55,3193.0
1484,2020/12/24 09:21:00,69.55,69.55,69.5,69.55,4745.0
1485,2020/12/24 09:22:00,69.5,69.6,69.45,69.6,11490.0
1486,2020/12/24 09:23:00,69.6,69.75,69.6,69.7,9635.0
1487,2020/12/24 09:24:00,69.7,70.15,69.65,70.0,24118.0
1488,2020/12/24 09:25:00,70.0,70.1,69.8,69.8,34383.0
1489,2020/12/24 09:26:00,69.95,70.0,69.85,69.95,13639.0
1490,2020/12/24 09:27:00,69.8,69.85,69.75,69.85,7777.0
1491,2020/12/24 09:28:00,69.85,69.85,69.5,69.55,5291.0
1492,2020/12/24 09:29:00,69.6,69.75,69.6,69.7,11167.0
1493,2020/12/24 09:30:00,69.7,69.7,69.5,69.55,10059.0
1494,2020/12/24 09:31:00,69.55,69.55,69.3,69.35,3450.0
1495,2020/12/24 09:32:00,69.4,69.5,69.4,69.5,5332.0
1496,2020/12/24 09:33:00,69.5,69.7,69.5,69.7,7520.0
1497,2020/12/24 09:34:00,69.7,69.7,69.7,69.7,454.0
1498,2020/12/24 09:35:00,69.6,69.7,69.55,69.6,776.0
1499,2020/12/24 09:36:00,69.6,69.65,69.55,69.55,4426.0
1500,2020/12/24 09:37:00,69.6,69.6,69.4,69.4,7695.0
1501,2020/12/24 09:38:00,69.5,69.5,69.3,69.4,13607.0
1502,2020/12/24 09:39:00,69.4,69.4,69.35,69.4,4992.0
1503,2020/12/24 09:40:00,69.55,69.65,69.4,69.65,2002.0
1504,2020/12/24 09:41:00,69.55,69.75,69.55,69.75,2906.0
1505,2020/12/24 09:42:00,69.6,69.7,69.6,69.7,510.0
1506,2020/12/24 09:43:00,69.6,69.65,69.6,69.65,2421.0
1507,2020/12/24 09:44:00,69.65,69.75,69.6,69.6,317.0
1508,2020/12/24 09:45:00,69.7,69.75,69.55,69.65,2350.0
1509,2020/12/24 09:46:00,69.65,69.7,69.5,69.5,7825.0
1510,2020/12/24 09:47:00,69.55,69.7,69.55,69.65,10509.0
1511,2020/12/24 09:48:00,69.7,69.7,69.6,69.6,5560.0
1512,2020/12/24 09:49:00,69.5,69.5,69.5,69.5,3121.0
1513,2020/12/24 09:50:00,69.5,69.7,69.5,69.65,4939.0
1514,2020/12/24 09:51:00,69.75,69.75,69.65,69.65,7084.0
1515,2020/12/24 09:52:00,69.7,69.75,69.5,69.5,5275.0
1516,2020/12/24 09:53:00,69.55,69.6,69.55,69.6,5.0
1517,2020/12/24 09:54:00,69.55,69.7,69.55,69.6,1195.0
1518,2020/12/24 09:55:00,69.55,69.7,69.55,69.7,603.0
1519,2020/12/24 09:56:00,69.7,69.75,69.7,69.75,641.0
1520,2020/12/24 09:57:00,69.7,69.7,69.7,69.7,269.0
1521,2020/12/24 09:58:00,69.7,69.75,69.7,69.7,516.0
1522,2020/12/24 09:59:00,69.7,69.75,69.7,69.75,173.0
1523,2020/12/24 10:00:00,69.7,69.7,69.7,69.7,1672.0
1524,2020/12/24 10:01:00,69.65,69.7,69.55,69.55,14917.0
1525,2020/12/24 10:02:00,69.45,69.5,69.45,69.5,28.0
1526,2020/12/24 10:03:00,69.5,69.55,69.5,69.55,611.0
1527,2020/12/24 10:04:00,69.55,69.55,69.5,69.5,5547.0
1528,2020/12/24 10:05:00,69.55,69.65,69.55,69.65,2006.0
1529,2020/12/24 10:06:00,69.65,69.7,69.5,69.5,1729.0
1530,2020/12/24 10:07:00,69.5,69.6,69.5,69.6,800.0
1531,2020/12/24 10:08:00,69.65,69.65,69.55,69.55,455.0
1532,2020/12/24 10:09:00,69.6,69.6,69.5,69.5,2253.0
1533,2020/12/24 10:10:00,69.6,69.6,69.5,69.5,527.0
1534,2020/12/24 10:11:00,69.5,69.6,69.45,69.6,669.0
1535,2020/12/24 10:12:00,69.5,69.6,69.5,69.5,602.0
1536,2020/12/24 10:13:00,69.55,69.55,69.5,69.5,1707.0
1537,2020/12/24 10:14:00,69.5,69.55,69.5,69.55,231.0
1538,2020/12/24 10:15:00,69.6,69.6,69.6,69.6,215.0
1539,2020/12/24 10:16:00,69.55,69.55,69.4,69.4,7217.0
1540,2020/12/24 10:17:00,69.5,69.5,69.5,69.5,598.0
1541,2020/12/24 10:18:00,69.55,69.55,69.4,69.45,2216.0
1542,2020/12/24 10:19:00,69.55,69.55,69.45,69.45,1001.0
1543,2020/12/24 10:20:00,69.2,69.25,69.0,69.1,26109.0
1544,2020/12/24 10:21:00,69.1,69.35,69.1,69.3,1752.0
1545,2020/12/24 10:22:00,69.25,69.35,69.25,69.3,1071.0
1546,2020/12/24 10:23:00,69.4,69.4,69.25,69.35,3945.0
1547,2020/12/24 10:24:00,69.3,69.4,69.3,69.4,2188.0
1548,2020/12/24 10:25:00,69.45,69.45,69.3,69.3,400.0
1549,2020/12/24 10:26:00,69.25,69.4,69.25,69.4,602.0
1550,2020/12/24 10:27:00,69.4,69.4,69.25,69.35,2269.0
1551,2020/12/24 10:28:00,69.2,69.35,69.1,69.3,6508.0
1552,2020/12/24 10:29:00,69.3,69.4,69.3,69.4,477.0
1553,2020/12/24 10:30:00,69.35,69.4,69.25,69.4,608.0
1554,2020/12/24 10:31:00,69.15,69.35,69.15,69.35,1654.0
1555,2020/12/24 10:32:00,69.15,69.3,69.05,69.05,8551.0
1556,2020/12/24 10:33:00,69.25,69.25,68.95,68.95,15747.0
1557,2020/12/24 10:34:00,68.95,69.0,68.75,68.95,11998.0
1558,2020/12/24 10:35:00,69.0,69.2,68.95,69.2,7016.0
1559,2020/12/24 10:37:00,69.15,69.15,69.15,69.15,35.0
1560,2020/12/24 10:38:00,69.2,69.2,69.0,69.0,995.0
1561,2020/12/24 10:39:00,69.05,69.05,69.0,69.0,550.0
1562,2020/12/24 10:40:00,69.1,69.1,69.0,69.1,691.0
1563,2020/12/24 10:41:00,69.0,69.1,69.0,69.1,916.0
1564,2020/12/24 10:42:00,69.15,69.15,69.15,69.15,200.0
1565,2020/12/24 10:43:00,69.15,69.15,68.95,69.0,6217.0
1566,2020/12/24 10:44:00,68.95,69.0,68.9,69.0,710.0
1567,2020/12/24 10:45:00,69.0,69.0,68.8,68.8,11921.0
1568,2020/12/24 10:46:00,68.85,68.85,68.8,68.85,6630.0
1569,2020/12/24 10:47:00,68.7,68.8,68.6,68.8,3112.0
1570,2020/12/24 10:48:00,68.85,68.85,68.85,68.85,2356.0
1571,2020/12/24 10:49:00,68.85,68.85,68.8,68.8,747.0
1572,2020/12/24 10:50:00,68.85,68.85,68.75,68.75,3699.0
1573,2020/12/24 10:51:00,68.7,68.7,68.6,68.6,2681.0
1574,2020/12/24 10:52:00,68.65,68.65,68.55,68.55,1420.0
1575,2020/12/24 10:53:00,68.55,68.55,68.45,68.5,13231.0
1576,2020/12/24 10:54:00,68.5,68.5,68.4,68.5,3563.0
1577,2020/12/24 10:55:00,68.5,68.6,68.5,68.6,5221.0
1578,2020/12/24 10:56:00,68.6,68.6,68.45,68.5,5869.0
1579,2020/12/24 10:57:00,68.5,68.6,68.5,68.6,5020.0
1580,2020/12/24 10:58:00,68.6,68.6,68.5,68.55,660.0
1581,2020/12/24 10:59:00,68.55,68.55,68.5,68.5,1934.0
1582,2020/12/24 11:00:00,68.5,68.55,68.5,68.55,767.0
1583,2020/12/24 11:01:00,68.55,68.6,68.55,68.6,1770.0
1584,2020/12/24 11:02:00,68.6,68.65,68.6,68.6,1578.0
1585,2020/12/24 11:04:00,68.7,68.7,68.65,68.65,3229.0
1586,2020/12/24 11:05:00,68.65,68.65,68.6,68.65,1836.0
1587,2020/12/24 11:06:00,68.65,68.65,68.6,68.6,418.0
1588,2020/12/24 11:07:00,68.6,68.6,68.4,68.4,2923.0
1589,2020/12/24 11:08:00,68.4,68.5,68.4,68.45,1979.0
1590,2020/12/24 11:09:00,68.5,68.5,68.4,68.5,1634.0
1591,2020/12/24 11:10:00,68.4,68.5,68.4,68.5,819.0
1592,2020/12/24 11:11:00,68.5,68.5,68.5,68.5,3632.0
1593,2020/12/24 11:12:00,68.4,68.5,68.4,68.4,2598.0
1594,2020/12/24 11:13:00,68.4,68.5,68.25,68.35,8534.0
1595,2020/12/24 11:14:00,68.35,68.35,68.25,68.3,659.0
1596,2020/12/24 11:15:00,68.35,68.35,68.25,68.25,1901.0
1597,2020/12/24 11:16:00,68.2,68.25,68.15,68.2,3842.0
1598,2020/12/24 11:17:00,68.15,68.35,68.15,68.35,3557.0
1599,2020/12/24 11:18:00,68.35,68.35,68.25,68.35,395.0
1600,2020/12/24 11:19:00,68.3,68.3,68.2,68.2,3543.0
1601,2020/12/24 11:20:00,68.2,68.4,68.2,68.4,5586.0
1602,2020/12/24 11:21:00,68.35,68.45,68.35,68.45,1183.0
1603,2020/12/24 11:22:00,68.45,68.6,68.45,68.6,2731.0
1604,2020/12/24 11:23:00,68.65,68.65,68.6,68.6,512.0
1605,2020/12/24 11:24:00,68.6,68.6,68.6,68.6,3820.0
1606,2020/12/24 11:26:00,68.55,68.6,68.55,68.6,410.0
1607,2020/12/24 11:27:00,68.6,68.6,68.55,68.55,305.0
1608,2020/12/24 11:28:00,68.55,68.55,68.5,68.5,2154.0
1609,2020/12/24 11:29:00,68.55,68.55,68.55,68.55,60.0
1610,2020/12/24 11:30:00,68.5,68.6,68.5,68.6,3398.0
1611,2020/12/24 11:31:00,68.5,68.5,68.5,68.5,100.0
1612,2020/12/24 11:32:00,68.5,68.6,68.5,68.6,104.0
1613,2020/12/24 11:33:00,68.6,68.6,68.5,68.5,201.0
1614,2020/12/24 11:34:00,68.6,68.6,68.4,68.55,5188.0
1615,2020/12/24 11:35:00,68.5,68.5,68.4,68.4,150.0
1616,2020/12/24 11:36:00,68.5,68.5,68.4,68.4,512.0
1617,2020/12/24 11:37:00,68.45,68.45,68.45,68.45,50.0
1618,2020/12/24 11:38:00,68.45,68.5,68.45,68.45,261.0
1619,2020/12/24 11:39:00,68.45,68.5,68.45,68.5,124.0
1620,2020/12/24 11:40:00,68.45,68.55,68.45,68.55,1300.0
1621,2020/12/24 11:41:00,68.6,68.65,68.55,68.55,645.0
1622,2020/12/24 11:42:00,68.7,68.85,68.7,68.75,1711.0
1623,2020/12/24 11:43:00,68.85,68.85,68.8,68.8,1516.0
1624,2020/12/24 11:44:00,68.8,68.95,68.8,68.95,2461.0
1625,2020/12/24 11:45:00,69.0,69.0,68.8,68.8,23778.0
1626,2020/12/24 11:46:00,68.9,68.9,68.75,68.75,225.0
1627,2020/12/24 11:47:00,68.75,68.85,68.75,68.85,3500.0
1628,2020/12/24 11:48:00,68.85,68.85,68.8,68.8,350.0
1629,2020/12/24 11:50:00,68.85,68.85,68.75,68.75,410.0
1630,2020/12/24 11:51:00,68.8,68.85,68.75,68.8,303.0
1631,2020/12/24 11:52:00,68.8,68.8,68.8,68.8,102.0
1632,2020/12/24 11:53:00,68.75,68.8,68.75,68.8,520.0
1633,2020/12/24 11:54:00,68.8,68.8,68.75,68.8,637.0
1634,2020/12/24 11:55:00,68.75,68.8,68.75,68.8,2814.0
1635,2020/12/24 11:56:00,68.85,68.85,68.85,68.85,101.0
1636,2020/12/24 11:57:00,68.85,68.9,68.85,68.9,2220.0
1637,2020/12/24 11:59:00,69.0,69.0,68.9,68.9,5041.0
1638,2020/12/24 12:00:00,68.8,68.9,68.75,68.9,31.0
1639,2020/12/24 12:01:00,68.9,68.9,68.85,68.85,36.0
1640,2020/12/24 12:03:00,68.8,68.8,68.75,68.75,191.0
1641,2020/12/24 12:04:00,68.75,68.75,68.7,68.75,1371.0
1642,2020/12/24 12:05:00,68.75,68.8,68.7,68.7,1090.0
1643,2020/12/24 12:06:00,68.8,68.8,68.8,68.8,200.0
1644,2020/12/24 12:07:00,68.75,68.75,68.7,68.7,159.0
1645,2020/12/24 12:08:00,68.8,68.8,68.8,68.8,100.0
1646,2020/12/24 12:09:00,68.8,68.8,68.7,68.8,1082.0
1647,2020/12/24 12:10:00,68.8,68.8,68.8,68.8,75.0
1648,2020/12/24 12:11:00,68.75,68.75,68.75,68.75,100.0
1649,2020/12/24 12:12:00,68.7,68.85,68.7,68.85,149.0
1650,2020/12/24 12:13:00,68.85,68.85,68.7,68.7,400.0
1651,2020/12/24 12:14:00,68.7,68.9,68.7,68.9,5191.0
1652,2020/12/24 12:15:00,68.9,68.9,68.9,68.9,101.0
1653,2020/12/24 12:16:00,68.85,68.85,68.8,68.8,132.0
1654,2020/12/24 12:18:00,68.9,68.9,68.8,68.8,442.0
1655,2020/12/24 12:19:00,68.85,68.85,68.85,68.85,110.0
1656,2020/12/24 12:20:00,68.75,68.8,68.75,68.8,1500.0
1657,2020/12/24 12:21:00,68.75,68.75,68.6,68.6,2268.0
1658,2020/12/24 12:22:00,68.8,68.8,68.8,68.8,750.0
1659,2020/12/24 12:23:00,68.8,68.8,68.8,68.8,1000.0
1660,2020/12/24 12:25:00,68.8,68.8,68.65,68.65,48.0
1661,2020/12/24 12:26:00,68.8,68.8,68.8,68.8,100.0
1662,2020/12/24 12:28:00,68.75,68.75,68.75,68.75,10.0
1663,2020/12/24 12:29:00,68.7,68.7,68.7,68.7,182.0
1664,2020/12/24 12:30:00,68.75,68.75,68.75,68.75,100.0
1665,2020/12/24 12:31:00,68.75,68.75,68.75,68.75,1423.0
1666,2020/12/24 12:32:00,68.8,68.8,68.75,68.75,205.0
1667,2020/12/24 12:33:00,68.8,68.8,68.8,68.8,1.0
1668,2020/12/24 12:34:00,68.75,68.8,68.75,68.8,300.0
1669,2020/12/24 12:35:00,68.8,68.95,68.8,68.95,13458.0
1670,2020/12/24 12:36:00,68.9,68.9,68.9,68.9,301.0
1671,2020/12/24 12:37:00,68.9,68.9,68.7,68.7,1051.0
1672,2020/12/24 12:39:00,68.8,68.8,68.75,68.75,13.0
1673,2020/12/24 12:40:00,68.8,68.8,68.7,68.7,2500.0
1674,2020/12/24 12:41:00,68.7,68.8,68.7,68.7,2347.0
1675,2020/12/24 12:42:00,68.7,68.7,68.7,68.7,266.0
1676,2020/12/24 12:43:00,68.8,68.8,68.7,68.7,4.0
1677,2020/12/24 12:44:00,68.7,68.75,68.7,68.75,1747.0
1678,2020/12/24 12:45:00,68.8,68.8,68.75,68.75,3267.0
1679,2020/12/24 12:46:00,68.8,68.85,68.75,68.75,724.0
1680,2020/12/24 12:47:00,68.8,68.85,68.75,68.75,281.0
1681,2020/12/24 12:48:00,68.85,68.85,68.75,68.75,431.0
1682,2020/12/24 12:49:00,68.75,68.85,68.75,68.75,80.0
1683,2020/12/24 12:50:00,68.85,68.85,68.75,68.75,624.0
1684,2020/12/24 12:51:00,68.8,68.85,68.75,68.75,189.0
1685,2020/12/24 12:52:00,68.75,68.85,68.75,68.75,11533.0
1686,2020/12/24 12:53:00,68.75,68.75,68.75,68.75,1423.0
1687,2020/12/24 12:54:00,68.8,68.8,68.8,68.8,10.0
1688,2020/12/24 12:55:00,68.75,68.8,68.75,68.75,283.0
1689,2020/12/24 12:56:00,68.75,68.75,68.75,68.75,5462.0
1690,2020/12/24 12:57:00,68.75,68.75,68.75,68.75,66.0
1691,2020/12/24 12:58:00,68.8,68.8,68.75,68.75,667.0
1692,2020/12/24 12:59:00,68.8,68.8,68.75,68.75,133.0
1693,2020/12/24 13:00:00,68.8,68.85,68.75,68.75,2126.0
1694,2020/12/24 13:01:00,68.75,68.75,68.75,68.75,66.0
1695,2020/12/24 13:03:00,68.85,68.85,68.75,68.75,14.0
1696,2020/12/24 13:04:00,68.85,68.85,68.75,68.75,2673.0
1697,2020/12/24 13:05:00,68.9,68.9,68.75,68.75,1433.0
1698,2020/12/24 13:06:00,68.9,68.9,68.75,68.75,2.0
1699,2020/12/24 13:07:00,68.75,68.85,68.75,68.75,769.0
1700,2020/12/24 13:08:00,68.85,68.85,68.75,68.75,67.0
1701,2020/12/24 13:10:00,68.85,68.85,68.65,68.65,4954.0
1702,2020/12/24 13:11:00,68.7,68.7,68.6,68.6,155.0
1703,2020/12/24 13:12:00,68.65,68.65,68.65,68.65,33.0
1704,2020/12/24 13:13:00,68.55,68.55,68.55,68.55,3400.0
1705,2020/12/24 13:14:00,68.55,68.6,68.5,68.55,4183.0
1706,2020/12/24 13:15:00,68.55,68.65,68.55,68.55,787.0
1707,2020/12/24 13:16:00,68.6,68.6,68.6,68.6,666.0
1708,2020/12/24 13:17:00,68.65,68.65,68.6,68.6,3.0
1709,2020/12/24 13:18:00,68.6,68.65,68.6,68.6,14699.0
1710,2020/12/24 13:19:00,68.6,68.6,68.6,68.6,8532.0
1711,2020/12/24 13:20:00,68.6,68.6,68.6,68.6,96.0
1712,2020/12/24 13:21:00,68.6,68.7,68.6,68.7,270.0
1713,2020/12/24 13:22:00,68.7,68.7,68.6,68.7,3323.0
1714,2020/12/24 13:23:00,68.65,68.75,68.6,68.75,8.0
1715,2020/12/24 13:24:00,68.75,68.75,68.75,68.75,877.0
1716,2020/12/24 13:25:00,68.7,68.7,68.65,68.65,667.0
1717,2020/12/24 13:26:00,68.75,68.75,68.7,68.75,1136.0
1718,2020/12/24 13:27:00,68.8,68.8,68.75,68.75,67.0
1719,2020/12/24 13:28:00,68.75,68.75,68.65,68.65,1138.0
1720,2020/12/24 13:29:00,68.75,68.75,68.65,68.65,136.0
1721,2020/12/24 13:30:00,68.75,68.75,68.65,68.65,694.0
1722,2020/12/24 13:32:00,68.7,68.8,68.65,68.65,646.0
1723,2020/12/24 13:33:00,68.8,68.8,68.65,68.65,134.0
1724,2020/12/24 13:34:00,68.8,68.8,68.7,68.7,1586.0
1725,2020/12/24 13:35:00,68.7,68.7,68.7,68.7,134.0
1726,2020/12/24 13:36:00,68.7,68.8,68.7,68.7,1360.0
1727,2020/12/24 13:37:00,68.7,68.8,68.7,68.75,301.0
1728,2020/12/24 13:38:00,68.75,68.75,68.7,68.7,64.0
1729,2020/12/24 13:40:00,68.8,68.8,68.7,68.7,703.0
1730,2020/12/24 13:42:00,68.8,68.85,68.7,68.7,960.0
1731,2020/12/24 13:44:00,68.7,68.7,68.7,68.7,294.0
1732,2020/12/24 13:46:00,68.8,68.8,68.7,68.7,347.0
1733,2020/12/24 13:47:00,68.8,68.8,68.7,68.7,60.0
1734,2020/12/24 13:48:00,68.8,68.8,68.7,68.7,53.0
1735,2020/12/24 13:49:00,68.8,68.8,68.7,68.7,214.0
1736,2020/12/24 13:51:00,68.7,68.7,68.7,68.7,66.0
1737,2020/12/24 13:52:00,68.8,68.8,68.65,68.8,362.0
1738,2020/12/24 13:53:00,68.65,68.7,68.65,68.65,638.0
1739,2020/12/24 13:54:00,68.8,68.8,68.65,68.65,27.0
1740,2020/12/24 13:55:00,68.8,68.8,68.65,68.65,115.0
1741,2020/12/24 13:56:00,68.8,68.8,68.65,68.65,773.0
1742,2020/12/24 13:57:00,68.65,68.75,68.65,68.7,408.0
1743,2020/12/24 13:59:00,68.8,68.8,68.7,68.7,133.0
1744,2020/12/24 14:00:00,68.8,68.8,68.7,68.7,3616.0
1745,2020/12/24 14:02:00,68.8,68.8,68.7,68.7,667.0
1746,2020/12/24 14:03:00,68.7,68.7,68.65,68.65,10133.0
1747,2020/12/24 14:05:00,68.65,68.65,68.65,68.65,27.0
1748,2020/12/24 14:06:00,68.7,68.7,68.65,68.65,400.0
1749,2020/12/24 14:07:00,68.7,68.75,68.6,68.6,3971.0
1750,2020/12/24 14:08:00,68.8,68.8,68.6,68.6,1333.0
1751,2020/12/24 14:09:00,68.6,68.6,68.6,68.6,400.0
1752,2020/12/24 14:10:00,68.6,68.7,68.6,68.6,440.0
1753,2020/12/24 14:11:00,68.6,68.65,68.55,68.55,6443.0
1754,2020/12/24 14:12:00,68.55,68.6,68.55,68.6,72.0
1755,2020/12/24 14:13:00,68.65,68.65,68.55,68.55,260.0
1756,2020/12/24 14:14:00,68.65,68.65,68.65,68.65,1513.0
1757,2020/12/24 14:15:00,68.75,68.75,68.65,68.65,2304.0
1758,2020/12/24 14:16:00,68.75,68.75,68.65,68.65,1655.0
1759,2020/12/24 14:17:00,68.85,68.85,68.8,68.8,6714.0
1760,2020/12/24 14:19:00,69.0,69.0,68.8,68.8,27100.0
1761,2020/12/24 14:21:00,68.8,69.0,68.75,68.75,7530.0
1762,2020/12/24 14:22:00,68.8,68.8,68.7,68.7,202.0
1763,2020/12/24 14:24:00,68.8,68.85,68.75,68.8,13710.0
1764,2020/12/24 14:25:00,68.7,68.8,68.7,68.7,816.0
1765,2020/12/24 14:26:00,68.7,68.8,68.65,68.65,2764.0
1766,2020/12/24 14:27:00,68.65,68.65,68.65,68.65,93.0
1767,2020/12/24 14:28:00,68.65,68.8,68.65,68.65,1339.0
1768,2020/12/24 14:29:00,68.8,68.8,68.7,68.7,1741.0
1769,2020/12/24 14:30:00,68.75,68.8,68.75,68.75,1177.0
1770,2020/12/24 14:31:00,68.75,68.85,68.75,68.75,138.0
1771,2020/12/24 14:32:00,68.85,68.85,68.75,68.8,136.0
1772,2020/12/24 14:33:00,68.75,68.85,68.75,68.75,113.0
1773,2020/12/24 14:34:00,68.85,68.85,68.75,68.75,859.0
1774,2020/12/24 14:35:00,68.85,68.85,68.75,68.75,280.0
1775,2020/12/24 14:36:00,68.8,68.8,68.75,68.75,901.0
1776,2020/12/24 14:37:00,68.85,68.85,68.85,68.85,947.0
1777,2020/12/24 14:38:00,68.9,68.9,68.85,68.9,1010.0
1778,2020/12/24 14:39:00,68.85,68.9,68.85,68.85,203.0
1779,2020/12/24 14:40:00,68.85,68.9,68.8,68.8,557.0
1780,2020/12/24 14:41:00,68.8,68.8,68.75,68.75,114.0
1781,2020/12/24 14:42:00,68.75,68.8,68.75,68.75,3600.0
1782,2020/12/24 14:43:00,68.75,68.8,68.75,68.75,734.0
1783,2020/12/24 14:44:00,68.75,68.8,68.75,68.75,472.0
1784,2020/12/24 14:45:00,68.85,68.9,68.75,68.75,16066.0
1785,2020/12/24 14:46:00,68.85,68.85,68.75,68.75,1440.0
1786,2020/12/24 14:47:00,68.9,68.9,68.75,68.75,4.0
1787,2020/12/24 14:48:00,68.85,68.85,68.75,68.85,202.0
1788,2020/12/24 14:49:00,68.85,68.85,68.8,68.8,1490.0
1789,2020/12/24 14:50:00,68.85,68.85,68.8,68.8,1046.0
1790,2020/12/24 14:51:00,68.8,68.85,68.75,68.75,10858.0
1791,2020/12/24 14:52:00,68.8,68.8,68.8,68.8,237.0
1792,2020/12/24 14:53:00,68.8,68.85,68.75,68.85,1304.0
1793,2020/12/24 14:54:00,68.75,68.8,68.75,68.75,291.0
1794,2020/12/24 14:55:00,68.7,68.7,68.65,68.65,3921.0
1795,2020/12/24 14:56:00,68.55,68.6,68.55,68.55,2595.0
1796,2020/12/24 14:57:00,68.5,68.5,68.25,68.35,15965.0
1797,2020/12/24 14:58:00,68.35,68.35,68.25,68.25,5684.0
1798,2020/12/24 14:59:00,68.25,68.3,68.25,68.3,2265.0
1799,2020/12/24 15:00:00,68.35,68.4,68.2,68.4,14723.0
1800,2020/12/24 15:01:00,68.25,68.4,68.25,68.4,1753.0
1801,2020/12/24 15:02:00,68.4,68.4,68.35,68.35,49.0
1802,2020/12/24 15:03:00,68.35,68.45,68.35,68.45,656.0
1803,2020/12/24 15:04:00,68.4,68.4,68.35,68.35,749.0
1804,2020/12/24 15:05:00,68.4,68.4,68.35,68.35,238.0
1805,2020/12/24 15:06:00,68.4,68.4,68.4,68.4,776.0
1806,2020/12/24 15:07:00,68.4,68.5,68.4,68.5,988.0
1807,2020/12/24 15:08:00,68.5,68.5,68.45,68.45,2210.0
1808,2020/12/24 15:09:00,68.45,68.45,68.4,68.4,237.0
1809,2020/12/24 15:10:00,68.4,68.4,68.35,68.35,5033.0
1810,2020/12/24 15:11:00,68.4,68.4,68.35,68.4,11397.0
1811,2020/12/24 15:12:00,68.35,68.65,68.35,68.65,15118.0
1812,2020/12/24 15:13:00,68.7,68.7,68.6,68.6,2036.0
1813,2020/12/24 15:14:00,68.6,68.7,68.6,68.6,3744.0
1814,2020/12/24 15:15:00,68.6,68.6,68.5,68.5,10889.0
1815,2020/12/24 15:16:00,68.5,68.5,68.35,68.4,13740.0
1816,2020/12/24 15:17:00,68.45,68.45,68.25,68.25,14951.0
1817,2020/12/24 15:18:00,68.25,68.35,68.2,68.35,3562.0
1818,2020/12/24 15:19:00,68.25,68.25,68.2,68.2,5226.0
1819,2020/12/24 15:20:00,68.15,68.2,68.1,68.1,15614.0
1820,2020/12/24 15:21:00,68.1,68.2,68.1,68.1,8723.0
1821,2020/12/24 15:22:00,68.1,68.2,68.0,68.1,26686.0
1822,2020/12/24 15:23:00,68.15,68.3,68.15,68.25,15911.0
1823,2020/12/24 15:24:00,68.2,68.25,68.05,68.05,13263.0
1824,2020/12/24 15:25:00,68.2,68.2,68.05,68.1,9841.0
1825,2020/12/24 15:26:00,68.15,68.2,68.1,68.15,2849.0
1826,2020/12/24 15:27:00,68.2,68.4,68.15,68.35,11103.0
1827,2020/12/24 15:28:00,68.35,68.45,68.3,68.3,10081.0
1828,2020/12/24 15:29:00,68.3,68.45,68.25,68.25,6292.0
1829,2020/12/24 15:40:00,68.3,68.3,68.25,68.3,3333.0
1830,2020/12/24 15:42:00,68.3,68.3,68.25,68.25,1000.0
1831,2020/12/24 15:44:00,68.3,68.3,68.25,68.25,1869.0
1832,2020/12/24 15:51:00,68.3,68.3,68.3,68.3,20.0
1833,2020/12/24 15:58:00,68.3,68.3,68.25,68.25,250.0
1834,2020/12/24 15:59:00,68.3,68.3,68.3,68.3,110.0
1835,2020/12/28 09:07:00,69.0,69.0,69.0,69.0,9629.0
1836,2020/12/28 09:15:00,69.0,69.0,68.3,68.5,11759.0
1837,2020/12/28 09:16:00,68.45,68.5,68.3,68.45,4111.0
1838,2020/12/28 09:17:00,68.45,68.5,68.3,68.3,5028.0
1839,2020/12/28 09:18:00,68.3,68.45,68.3,68.35,5261.0
1840,2020/12/28 09:19:00,68.45,68.45,68.4,68.45,3431.0
1841,2020/12/28 09:20:00,68.65,68.9,68.65,68.7,24960.0
1842,2020/12/28 09:21:00,68.8,68.85,68.7,68.7,3493.0
1843,2020/12/28 09:22:00,68.7,68.95,68.7,68.75,11611.0
1844,2020/12/28 09:23:00,68.85,68.85,68.7,68.7,115.0
1845,2020/12/28 09:24:00,68.8,68.8,68.65,68.65,2260.0
1846,2020/12/28 09:25:00,68.7,68.7,68.45,68.55,4524.0
1847,2020/12/28 09:26:00,68.4,68.5,68.4,68.5,1242.0
1848,2020/12/28 09:27:00,68.35,68.5,68.35,68.5,2202.0
1849,2020/12/28 09:28:00,68.4,68.4,68.3,68.3,4066.0
1850,2020/12/28 09:29:00,68.35,68.4,68.25,68.35,13467.0
1851,2020/12/28 09:30:00,68.4,68.7,68.4,68.6,14421.0
1852,2020/12/28 09:31:00,68.6,68.8,68.5,68.8,3597.0
1853,2020/12/28 09:32:00,68.8,68.8,68.65,68.75,1246.0
1854,2020/12/28 09:33:00,68.65,68.65,68.5,68.6,6750.0
1855,2020/12/28 09:34:00,68.65,68.65,68.6,68.65,1142.0
1856,2020/12/28 09:35:00,68.65,68.65,68.6,68.65,886.0
1857,2020/12/28 09:36:00,68.6,68.6,68.5,68.6,1160.0
1858,2020/12/28 09:37:00,68.6,68.6,68.55,68.55,11.0
1859,2020/12/28 09:38:00,68.6,68.65,68.55,68.55,689.0
1860,2020/12/28 09:39:00,68.55,68.55,68.55,68.55,100.0
1861,2020/12/28 09:40:00,68.55,68.7,68.55,68.65,10563.0
1862,2020/12/28 09:41:00,68.8,68.85,68.8,68.85,1000.0
1863,2020/12/28 09:42:00,68.7,68.85,68.7,68.85,1662.0
1864,2020/12/28 09:43:00,68.8,68.8,68.7,68.8,1230.0
1865,2020/12/28 09:44:00,68.7,68.8,68.6,68.8,2488.0
1866,2020/12/28 09:45:00,68.8,68.8,68.7,68.7,1215.0
1867,2020/12/28 09:46:00,68.75,68.8,68.7,68.8,1625.0
1868,2020/12/28 09:47:00,68.8,68.8,68.65,68.65,621.0
1869,2020/12/28 09:48:00,68.55,68.55,68.55,68.55,170.0
1870,2020/12/28 09:49:00,68.8,68.8,68.55,68.55,6950.0
1871,2020/12/28 09:50:00,68.8,68.8,68.8,68.8,297.0
1872,2020/12/28 09:51:00,68.75,68.8,68.75,68.8,350.0
1873,2020/12/28 09:52:00,68.6,68.75,68.45,68.5,22081.0
1874,2020/12/28 09:53:00,68.5,68.5,68.4,68.4,5683.0
1875,2020/12/28 09:54:00,68.35,68.4,68.35,68.4,1848.0
1876,2020/12/28 09:55:00,68.3,68.45,68.3,68.4,492.0
1877,2020/12/28 09:56:00,68.1,68.1,67.95,68.0,36311.0
1878,2020/12/28 09:57:00,67.9,68.0,67.9,68.0,8414.0
1879,2020/12/28 09:58:00,68.0,68.15,68.0,68.15,5206.0
1880,2020/12/28 09:59:00,68.3,68.3,68.25,68.3,930.0
1881,2020/12/28 10:00:00,68.3,68.3,68.25,68.25,1404.0
1882,2020/12/28 10:01:00,68.25,68.4,68.15,68.35,1530.0
1883,2020/12/28 10:02:00,68.0,68.0,67.9,68.0,24191.0
1884,2020/12/28 10:03:00,67.95,68.2,67.95,68.05,1396.0
1885,2020/12/28 10:04:00,68.2,68.2,68.05,68.1,1682.0
1886,2020/12/28 10:05:00,67.95,68.1,67.95,68.1,10847.0
1887,2020/12/28 10:06:00,68.15,68.2,68.0,68.0,5170.0
1888,2020/12/28 10:07:00,68.0,68.1,68.0,68.0,4310.0
1889,2020/12/28 10:08:00,68.15,68.15,68.0,68.15,1465.0
1890,2020/12/28 10:09:00,68.05,68.2,68.05,68.2,621.0
1891,2020/12/28 10:10:00,68.2,68.2,68.15,68.15,501.0
1892,2020/12/28 10:11:00,68.15,68.25,68.15,68.2,4698.0
1893,2020/12/28 10:12:00,68.3,68.3,68.3,68.3,1302.0
1894,2020/12/28 10:13:00,68.3,68.3,68.2,68.25,1351.0
1895,2020/12/28 10:14:00,68.2,68.3,68.2,68.3,136.0
1896,2020/12/28 10:15:00,68.3,68.3,68.2,68.25,802.0
1897,2020/12/28 10:16:00,68.3,68.3,68.2,68.25,6849.0
1898,2020/12/28 10:17:00,68.1,68.25,68.1,68.1,1675.0
1899,2020/12/28 10:18:00,68.25,68.25,68.05,68.1,4376.0
1900,2020/12/28 10:19:00,68.1,68.2,68.1,68.2,860.0
1901,2020/12/28 10:20:00,68.2,68.25,68.1,68.1,2139.0
1902,2020/12/28 10:21:00,68.15,68.2,68.15,68.2,17.0
1903,2020/12/28 10:22:00,68.2,68.25,68.2,68.25,1891.0
1904,2020/12/28 10:23:00,68.2,68.2,68.0,68.0,12148.0
1905,2020/12/28 10:24:00,68.2,68.2,68.05,68.05,600.0
1906,2020/12/28 10:25:00,68.2,68.2,68.2,68.2,116.0
1907,2020/12/28 10:26:00,68.2,68.2,68.05,68.1,690.0
1908,2020/12/28 10:27:00,68.2,68.2,68.05,68.15,1161.0
1909,2020/12/28 10:28:00,68.15,68.15,68.05,68.15,695.0
1910,2020/12/28 10:29:00,68.1,68.2,68.1,68.2,80.0
1911,2020/12/28 10:30:00,68.2,68.2,68.15,68.2,355.0
1912,2020/12/28 10:31:00,68.15,68.15,68.05,68.05,1076.0
1913,2020/12/28 10:32:00,68.05,68.2,68.05,68.2,133.0
1914,2020/12/28 10:33:00,68.1,68.2,68.1,68.2,1050.0
1915,2020/12/28 10:34:00,68.05,68.05,68.0,68.0,5478.0
1916,2020/12/28 10:35:00,68.15,68.25,68.1,68.25,3260.0
1917,2020/12/28 10:37:00,68.2,68.2,68.0,68.0,3860.0
1918,2020/12/28 10:38:00,68.0,68.1,68.0,68.0,204.0
1919,2020/12/28 10:39:00,68.0,68.05,67.9,67.95,11237.0
1920,2020/12/28 10:40:00,67.95,68.15,67.95,68.15,3881.0
1921,2020/12/28 10:41:00,68.05,68.05,67.95,67.95,1018.0
1922,2020/12/28 10:42:00,68.05,68.05,68.0,68.0,175.0
1923,2020/12/28 10:43:00,68.0,68.05,68.0,68.0,5287.0
1924,2020/12/28 10:44:00,68.0,68.15,68.0,68.15,5374.0
1925,2020/12/28 10:45:00,68.1,68.1,68.1,68.1,50.0
1926,2020/12/28 10:46:00,68.0,68.1,68.0,68.1,329.0
1927,2020/12/28 10:47:00,68.1,68.1,68.0,68.0,2455.0
1928,2020/12/28 10:48:00,68.0,68.0,67.95,67.95,1012.0
1929,2020/12/28 10:49:00,67.75,67.95,67.75,67.95,12225.0
1930,2020/12/28 10:50:00,67.95,68.1,67.95,68.05,1036.0
1931,2020/12/28 10:51:00,68.05,68.1,68.05,68.1,308.0
1932,2020/12/28 10:52:00,68.1,68.1,68.0,68.0,11.0
1933,2020/12/28 10:53:00,68.1,68.15,68.1,68.15,132.0
1934,2020/12/28 10:55:00,68.15,68.15,68.15,68.15,340.0
1935,2020/12/28 10:57:00,68.15,68.2,68.15,68.2,1020.0
1936,2020/12/28 10:58:00,68.2,68.2,68.2,68.2,1505.0
1937,2020/12/28 10:59:00,68.2,68.2,68.2,68.2,155.0
1938,2020/12/28 11:00:00,68.15,68.2,68.05,68.05,968.0
1939,2020/12/28 11:01:00,68.05,68.05,68.05,68.05,761.0
1940,2020/12/28 11:02:00,68.2,68.2,68.05,68.2,1775.0
1941,2020/12/28 11:03:00,68.2,68.2,68.0,68.0,348.0
1942,2020/12/28 11:04:00,68.0,68.1,68.0,68.0,1735.0
1943,2020/12/28 11:05:00,68.0,68.0,68.0,68.0,1398.0
1944,2020/12/28 11:06:00,68.0,68.0,67.9,67.95,426.0
1945,2020/12/28 11:07:00,67.9,67.9,67.9,67.9,417.0
1946,2020/12/28 11:08:00,67.85,67.85,67.85,67.85,3340.0
1947,2020/12/28 11:09:00,67.95,67.95,67.85,67.95,168.0
1948,2020/12/28 11:10:00,67.95,67.95,67.85,67.85,3185.0
1949,2020/12/28 11:11:00,67.9,67.9,67.8,67.9,2061.0
1950,2020/12/28 11:12:00,67.8,67.9,67.8,67.85,333.0
1951,2020/12/28 11:13:00,67.85,67.9,67.85,67.9,810.0
1952,2020/12/28 11:14:00,67.9,67.9,67.85,67.9,393.0
1953,2020/12/28 11:15:00,67.9,67.9,67.75,67.75,2923.0
1954,2020/12/28 11:16:00,67.9,67.9,67.75,67.9,2347.0
1955,2020/12/28 11:17:00,67.85,68.0,67.85,68.0,1100.0
1956,2020/12/28 11:18:00,67.95,67.95,67.8,67.8,571.0
1957,2020/12/28 11:19:00,67.95,67.95,67.9,67.95,89.0
1958,2020/12/28 11:21:00,67.95,67.95,67.85,67.85,2722.0
1959,2020/12/28 11:22:00,68.0,68.0,68.0,68.0,218.0
1960,2020/12/28 11:23:00,68.0,68.0,67.9,68.0,1130.0
1961,2020/12/28 11:24:00,68.0,68.0,67.9,68.0,629.0
1962,2020/12/28 11:25:00,68.0,68.0,68.0,68.0,223.0
1963,2020/12/28 11:26:00,68.0,68.05,68.0,68.05,1983.0
1964,2020/12/28 11:27:00,67.9,68.0,67.9,68.0,1100.0
1965,2020/12/28 11:29:00,68.0,68.1,68.0,68.1,692.0
1966,2020/12/28 11:30:00,68.05,68.1,68.05,68.05,148.0
1967,2020/12/28 11:31:00,68.05,68.1,68.05,68.05,2103.0
1968,2020/12/28 11:32:00,68.1,68.15,68.05,68.15,2250.0
1969,2020/12/28 11:33:00,68.2,68.2,68.2,68.2,4105.0
1970,2020/12/28 11:34:00,68.3,68.5,68.3,68.5,17674.0
1971,2020/12/28 11:35:00,68.5,68.5,68.35,68.35,1445.0
1972,2020/12/28 11:36:00,68.4,68.5,68.4,68.5,2180.0
1973,2020/12/28 11:37:00,68.45,68.45,68.4,68.4,173.0
1974,2020/12/28 11:38:00,68.4,68.45,68.3,68.3,895.0
1975,2020/12/28 11:39:00,68.3,68.35,68.2,68.35,651.0
1976,2020/12/28 11:40:00,68.4,68.4,68.4,68.4,2490.0
1977,2020/12/28 11:41:00,68.25,68.25,68.2,68.2,32.0
1978,2020/12/28 11:42:00,68.4,68.4,68.25,68.25,100.0
1979,2020/12/28 11:43:00,68.4,68.4,68.15,68.2,1566.0
1980,2020/12/28 11:44:00,68.2,68.3,68.15,68.3,380.0
1981,2020/12/28 11:45:00,68.25,68.35,68.25,68.35,1610.0
1982,2020/12/28 11:46:00,68.35,68.4,68.35,68.4,490.0
1983,2020/12/28 11:47:00,68.4,68.5,68.4,68.5,2280.0
1984,2020/12/28 11:48:00,68.5,68.5,68.4,68.4,440.0
1985,2020/12/28 11:49:00,68.4,68.45,68.35,68.45,153.0
1986,2020/12/28 11:50:00,68.45,68.45,68.45,68.45,300.0
1987,2020/12/28 11:51:00,68.35,68.4,68.35,68.4,2848.0
1988,2020/12/28 11:53:00,68.35,68.45,68.35,68.45,770.0
1989,2020/12/28 11:54:00,68.45,68.45,68.45,68.45,105.0
1990,2020/12/28 11:55:00,68.45,68.7,68.45,68.6,12743.0
1991,2020/12/28 11:56:00,68.7,68.7,68.5,68.5,8364.0
1992,2020/12/28 11:57:00,68.65,68.65,68.55,68.6,868.0
1993,2020/12/28 11:58:00,68.6,68.7,68.55,68.55,3889.0
1994,2020/12/28 11:59:00,68.55,68.65,68.55,68.65,485.0
1995,2020/12/28 12:00:00,68.6,68.6,68.55,68.6,1570.0
1996,2020/12/28 12:01:00,68.6,68.6,68.6,68.6,729.0
1997,2020/12/28 12:02:00,68.55,68.6,68.55,68.6,286.0
1998,2020/12/28 12:03:00,68.55,68.6,68.55,68.6,3506.0
1999,2020/12/28 12:04:00,68.55,68.6,68.55,68.55,2240.0
2000,2020/12/28 12:05:00,68.55,68.55,68.35,68.5,3606.0
2001,2020/12/28 12:06:00,68.3,68.5,68.3,68.5,5000.0
2002,2020/12/28 12:07:00,68.35,68.45,68.35,68.35,140.0
2003,2020/12/28 12:08:00,68.35,68.35,68.35,68.35,200.0
2004,2020/12/28 12:09:00,68.45,68.45,68.35,68.35,16.0
2005,2020/12/28 12:10:00,68.35,68.45,68.35,68.45,996.0
2006,2020/12/28 12:11:00,68.45,68.45,68.3,68.45,126.0
2007,2020/12/28 12:12:00,68.3,68.4,68.3,68.4,45.0
2008,2020/12/28 12:13:00,68.4,68.4,68.3,68.3,101.0
2009,2020/12/28 12:14:00,68.4,68.4,68.4,68.4,273.0
2010,2020/12/28 12:15:00,68.3,68.45,68.3,68.45,3967.0
2011,2020/12/28 12:16:00,68.45,68.45,68.35,68.35,1071.0
2012,2020/12/28 12:17:00,68.35,68.4,68.35,68.4,404.0
2013,2020/12/28 12:18:00,68.35,68.35,68.35,68.35,60.0
2014,2020/12/28 12:19:00,68.35,68.4,68.35,68.4,1020.0
2015,2020/12/28 12:20:00,68.35,68.45,68.35,68.4,5128.0
2016,2020/12/28 12:21:00,68.4,68.4,68.35,68.35,5116.0
2017,2020/12/28 12:22:00,68.4,68.4,68.4,68.4,11.0
2018,2020/12/28 12:23:00,68.4,68.4,68.4,68.4,548.0
2019,2020/12/28 12:24:00,68.4,68.4,68.35,68.4,260.0
2020,2020/12/28 12:25:00,68.4,68.7,68.4,68.6,14086.0
2021,2020/12/28 12:26:00,68.6,68.7,68.55,68.7,575.0
2022,2020/12/28 12:27:00,68.65,68.75,68.65,68.75,110411.0
2023,2020/12/28 12:28:00,68.75,68.75,68.65,68.7,38499.0
2024,2020/12/28 12:29:00,68.7,68.75,68.7,68.7,1952.0
2025,2020/12/28 12:30:00,68.65,68.75,68.65,68.75,2412.0
2026,2020/12/28 12:31:00,68.75,68.75,68.65,68.75,108649.0
2027,2020/12/28 12:33:00,68.7,68.7,68.65,68.7,1360.0
2028,2020/12/28 12:34:00,68.65,68.65,68.5,68.65,437.0
2029,2020/12/28 12:35:00,68.5,68.6,68.5,68.6,1006.0
2030,2020/12/28 12:36:00,68.45,68.6,68.45,68.6,561.0
2031,2020/12/28 12:37:00,68.5,68.5,68.45,68.45,490.0
2032,2020/12/28 12:38:00,68.6,68.6,68.6,68.6,782.0
2033,2020/12/28 12:39:00,68.6,68.6,68.6,68.6,5.0
2034,2020/12/28 12:40:00,68.55,68.55,68.55,68.55,12.0
2035,2020/12/28 12:41:00,68.55,68.6,68.55,68.6,1327.0
2036,2020/12/28 12:42:00,68.6,68.6,68.55,68.55,582.0
2037,2020/12/28 12:43:00,68.55,68.55,68.5,68.5,516.0
2038,2020/12/28 12:44:00,68.6,68.7,68.5,68.7,3585.0
2039,2020/12/28 12:45:00,68.65,68.65,68.5,68.5,51.0
2040,2020/12/28 12:46:00,68.6,68.7,68.6,68.7,576.0
2041,2020/12/28 12:47:00,68.7,68.7,68.7,68.7,30.0
2042,2020/12/28 12:48:00,68.7,68.7,68.5,68.6,1183.0
2043,2020/12/28 12:50:00,68.6,68.6,68.6,68.6,39.0
2044,2020/12/28 12:51:00,68.6,68.6,68.6,68.6,100.0
2045,2020/12/28 12:52:00,68.65,68.7,68.65,68.65,746.0
2046,2020/12/28 12:53:00,68.65,68.7,68.65,68.7,6.0
2047,2020/12/28 12:54:00,68.65,68.65,68.6,68.6,225.0
2048,2020/12/28 12:55:00,68.6,68.65,68.5,68.6,7910.0
2049,2020/12/28 12:56:00,68.65,68.7,68.65,68.7,2160.0
2050,2020/12/28 12:57:00,68.55,68.7,68.55,68.7,25.0
2051,2020/12/28 12:58:00,68.55,68.55,68.5,68.5,103.0
2052,2020/12/28 12:59:00,68.55,68.6,68.55,68.6,250.0
2053,2020/12/28 13:00:00,68.55,68.65,68.55,68.65,556.0
2054,2020/12/28 13:01:00,68.6,68.7,68.6,68.65,4258.0
2055,2020/12/28 13:02:00,68.7,68.7,68.55,68.55,18.0
2056,2020/12/28 13:04:00,68.55,68.65,68.55,68.65,305.0
2057,2020/12/28 13:05:00,68.65,68.65,68.65,68.65,1.0
2058,2020/12/28 13:06:00,68.6,68.65,68.6,68.6,45.0
2059,2020/12/28 13:07:00,68.55,68.55,68.55,68.55,300.0
2060,2020/12/28 13:08:00,68.55,68.75,68.55,68.75,14336.0
2061,2020/12/28 13:09:00,68.6,68.6,68.6,68.6,534.0
2062,2020/12/28 13:10:00,68.6,68.6,68.6,68.6,50.0
2063,2020/12/28 13:11:00,68.6,68.7,68.55,68.7,3407.0
2064,2020/12/28 13:12:00,68.7,68.7,68.7,68.7,94.0
2065,2020/12/28 13:13:00,68.55,68.65,68.55,68.65,504.0
2066,2020/12/28 13:15:00,68.55,68.6,68.55,68.6,762.0
2067,2020/12/28 13:16:00,68.55,68.6,68.55,68.6,485.0
2068,2020/12/28 13:18:00,68.55,68.6,68.55,68.6,1271.0
2069,2020/12/28 13:19:00,68.5,68.5,68.45,68.45,711.0
2070,2020/12/28 13:20:00,68.6,68.6,68.45,68.45,267.0
2071,2020/12/28 13:21:00,68.55,68.55,68.55,68.55,100.0
2072,2020/12/28 13:22:00,68.55,68.55,68.55,68.55,104.0
2073,2020/12/28 13:24:00,68.5,68.6,68.5,68.5,757.0
2074,2020/12/28 13:25:00,68.55,68.55,68.5,68.5,396.0
2075,2020/12/28 13:26:00,68.5,68.5,68.4,68.4,3285.0
2076,2020/12/28 13:27:00,68.4,68.5,68.4,68.5,1263.0
2077,2020/12/28 13:28:00,68.5,68.55,68.3,68.3,8501.0
2078,2020/12/28 13:29:00,68.4,68.5,68.35,68.35,3555.0
2079,2020/12/28 13:30:00,68.4,68.45,68.35,68.35,222.0
2080,2020/12/28 13:31:00,68.45,68.45,68.45,68.45,50.0
2081,2020/12/28 13:32:00,68.5,68.5,68.5,68.5,100.0
2082,2020/12/28 13:33:00,68.5,68.5,68.5,68.5,20.0
2083,2020/12/28 13:34:00,68.4,68.45,68.4,68.45,715.0
2084,2020/12/28 13:35:00,68.45,68.45,68.4,68.45,220.0
2085,2020/12/28 13:36:00,68.45,68.5,68.35,68.35,2991.0
2086,2020/12/28 13:37:00,68.35,68.35,68.35,68.35,12.0
2087,2020/12/28 13:38:00,68.35,68.5,68.3,68.4,4248.0
2088,2020/12/28 13:39:00,68.25,68.5,68.25,68.5,13277.0
2089,2020/12/28 13:40:00,68.5,68.5,68.3,68.3,4037.0
2090,2020/12/28 13:41:00,68.35,68.4,68.3,68.35,1174.0
2091,2020/12/28 13:42:00,68.4,68.5,68.3,68.5,1818.0
2092,2020/12/28 13:43:00,68.5,68.5,68.35,68.4,1650.0
2093,2020/12/28 13:44:00,68.35,68.45,68.3,68.4,10374.0
2094,2020/12/28 13:45:00,68.3,68.4,68.3,68.4,117.0
2095,2020/12/28 13:46:00,68.4,68.5,68.4,68.5,3165.0
2096,2020/12/28 13:47:00,68.4,68.4,68.4,68.4,50.0
2097,2020/12/28 13:48:00,68.4,68.4,68.4,68.4,275.0
2098,2020/12/28 13:49:00,68.4,68.45,68.4,68.45,818.0
2099,2020/12/28 13:50:00,68.4,68.5,68.35,68.45,3337.0
2100,2020/12/28 13:51:00,68.4,68.5,68.4,68.5,2931.0
2101,2020/12/28 13:52:00,68.5,68.5,68.45,68.5,1754.0
2102,2020/12/28 13:53:00,68.5,68.5,68.5,68.5,1.0
2103,2020/12/28 13:54:00,68.5,68.5,68.45,68.45,61.0
2104,2020/12/28 13:55:00,68.45,68.5,68.45,68.45,103.0
2105,2020/12/28 13:56:00,68.5,68.5,68.35,68.45,615.0
2106,2020/12/28 13:57:00,68.4,68.4,68.35,68.35,250.0
2107,2020/12/28 13:58:00,68.45,68.45,68.45,68.45,11.0
2108,2020/12/28 13:59:00,68.35,68.4,68.35,68.4,55.0
2109,2020/12/28 14:00:00,68.3,68.45,68.3,68.45,1381.0
2110,2020/12/28 14:01:00,68.45,68.45,68.45,68.45,20.0
2111,2020/12/28 14:02:00,68.35,68.35,68.35,68.35,100.0
2112,2020/12/28 14:03:00,68.35,68.45,68.35,68.45,76.0
2113,2020/12/28 14:04:00,68.35,68.45,68.35,68.4,569.0
2114,2020/12/28 14:05:00,68.3,68.45,68.3,68.45,1242.0
2115,2020/12/28 14:06:00,68.45,68.45,68.45,68.45,30.0
2116,2020/12/28 14:07:00,68.35,68.45,68.35,68.4,313.0
2117,2020/12/28 14:08:00,68.45,68.45,68.4,68.4,671.0
2118,2020/12/28 14:09:00,68.4,68.45,68.4,68.45,672.0
2119,2020/12/28 14:10:00,68.4,68.4,67.95,68.3,86615.0
2120,2020/12/28 14:11:00,68.3,68.35,68.25,68.35,4401.0
2121,2020/12/28 14:12:00,68.35,68.35,68.3,68.3,1193.0
2122,2020/12/28 14:13:00,68.3,68.35,68.3,68.35,581.0
2123,2020/12/28 14:14:00,68.35,68.35,68.1,68.15,14588.0
2124,2020/12/28 14:15:00,68.2,68.6,68.2,68.6,13285.0
2125,2020/12/28 14:16:00,68.35,68.4,68.35,68.4,70.0
2126,2020/12/28 14:17:00,68.35,68.55,68.35,68.55,48226.0
2127,2020/12/28 14:18:00,68.5,68.55,68.25,68.55,8671.0
2128,2020/12/28 14:19:00,68.4,68.45,68.35,68.35,694.0
2129,2020/12/28 14:20:00,68.35,68.5,68.3,68.35,1582.0
2130,2020/12/28 14:21:00,68.4,68.45,68.4,68.45,568.0
2131,2020/12/28 14:22:00,68.4,68.45,68.35,68.45,500.0
2132,2020/12/28 14:23:00,68.45,68.5,68.45,68.5,2767.0
2133,2020/12/28 14:24:00,68.5,68.5,68.5,68.5,143.0
2134,2020/12/28 14:25:00,68.45,68.45,68.45,68.45,306.0
2135,2020/12/28 14:26:00,68.4,68.4,68.4,68.4,290.0
2136,2020/12/28 14:27:00,68.4,68.4,68.35,68.35,52.0
2137,2020/12/28 14:28:00,68.35,68.45,68.35,68.45,340.0
2138,2020/12/28 14:29:00,68.35,68.35,68.35,68.35,86.0
2139,2020/12/28 14:30:00,68.35,68.35,68.35,68.35,31.0
2140,2020/12/28 14:31:00,68.35,68.45,68.35,68.45,399.0
2141,2020/12/28 14:32:00,68.35,68.75,68.35,68.5,30298.0
2142,2020/12/28 14:33:00,68.4,68.6,68.4,68.6,1510.0
2143,2020/12/28 14:34:00,68.7,68.75,68.65,68.7,7929.0
2144,2020/12/28 14:35:00,68.55,68.7,68.55,68.65,599.0
2145,2020/12/28 14:36:00,68.65,68.65,68.5,68.6,9532.0
2146,2020/12/28 14:37:00,68.65,68.65,68.5,68.6,172.0
2147,2020/12/28 14:38:00,68.6,68.6,68.6,68.6,161.0
2148,2020/12/28 14:39:00,68.6,68.6,68.5,68.5,1337.0
2149,2020/12/28 14:40:00,68.6,68.6,68.55,68.55,663.0
2150,2020/12/28 14:41:00,68.6,68.6,68.55,68.55,4673.0
2151,2020/12/28 14:42:00,68.6,68.6,68.6,68.6,1302.0
2152,2020/12/28 14:43:00,68.6,68.6,68.55,68.6,829.0
2153,2020/12/28 14:44:00,68.6,68.6,68.55,68.6,2320.0
2154,2020/12/28 14:45:00,68.5,68.6,68.5,68.5,19595.0
2155,2020/12/28 14:46:00,68.45,68.5,68.45,68.5,41.0
2156,2020/12/28 14:47:00,68.5,68.5,68.5,68.5,1235.0
2157,2020/12/28 14:48:00,68.5,68.5,68.5,68.5,53.0
2158,2020/12/28 14:49:00,68.55,68.65,68.55,68.65,2014.0
2159,2020/12/28 14:50:00,68.55,68.65,68.55,68.65,221.0
2160,2020/12/28 14:51:00,68.6,68.65,68.6,68.6,2518.0
2161,2020/12/28 14:52:00,68.65,68.7,68.6,68.7,1312.0
2162,2020/12/28 14:53:00,68.65,68.7,68.65,68.65,979.0
2163,2020/12/28 14:54:00,68.65,68.7,68.55,68.7,1748.0
2164,2020/12/28 14:55:00,68.7,68.7,68.7,68.7,157.0
2165,2020/12/28 14:56:00,68.7,68.7,68.7,68.7,58.0
2166,2020/12/28 14:57:00,68.7,68.7,68.6,68.7,1280.0
2167,2020/12/28 14:58:00,68.6,68.6,68.55,68.55,4181.0
2168,2020/12/28 14:59:00,68.6,68.65,68.55,68.65,1523.0
2169,2020/12/28 15:00:00,68.6,68.65,68.55,68.65,3972.0
2170,2020/12/28 15:01:00,68.65,68.65,68.45,68.55,2627.0
2171,2020/12/28 15:02:00,68.55,68.6,68.5,68.6,3719.0
2172,2020/12/28 15:03:00,68.45,68.65,68.4,68.4,44034.0
2173,2020/12/28 15:04:00,68.5,68.5,68.4,68.5,6614.0
2174,2020/12/28 15:05:00,68.6,68.65,68.55,68.65,5064.0
2175,2020/12/28 15:06:00,68.55,68.65,68.55,68.55,1538.0
2176,2020/12/28 15:07:00,68.6,68.6,68.3,68.35,13880.0
2177,2020/12/28 15:08:00,68.6,68.6,68.4,68.5,7440.0
2178,2020/12/28 15:09:00,68.55,68.55,68.45,68.55,2350.0
2179,2020/12/28 15:10:00,68.45,68.5,68.45,68.5,725.0
2180,2020/12/28 15:11:00,68.45,68.55,68.45,68.45,1063.0
2181,2020/12/28 15:12:00,68.55,68.6,68.45,68.5,5888.0
2182,2020/12/28 15:13:00,68.45,68.6,67.2,68.5,138889.0
2183,2020/12/28 15:14:00,68.6,68.8,68.6,68.75,67456.0
2184,2020/12/28 15:15:00,68.75,68.75,68.75,68.75,18321.0
2185,2020/12/28 15:16:00,68.75,69.0,68.75,68.8,27785.0
2186,2020/12/28 15:17:00,69.0,69.9,68.8,69.9,73120.0
2187,2020/12/28 15:18:00,69.85,70.3,69.75,70.1,131867.0
2188,2020/12/28 15:19:00,70.0,70.1,70.0,70.05,43426.0
2189,2020/12/28 15:20:00,70.0,70.05,69.95,70.0,28300.0
2190,2020/12/28 15:21:00,69.9,70.0,69.3,69.65,34776.0
2191,2020/12/28 15:22:00,69.6,69.6,69.4,69.5,13494.0
2192,2020/12/28 15:23:00,69.5,69.7,69.5,69.6,5383.0
2193,2020/12/28 15:24:00,69.6,69.6,69.5,69.55,5704.0
2194,2020/12/28 15:25:00,69.6,69.8,69.55,69.65,17550.0
2195,2020/12/28 15:26:00,69.65,69.7,69.25,69.4,19131.0
2196,2020/12/28 15:27:00,69.4,69.4,69.05,69.2,12179.0
2197,2020/12/28 15:28:00,69.1,69.3,69.1,69.15,20883.0
2198,2020/12/28 15:29:00,69.15,69.15,69.0,69.05,29830.0
2199,2020/12/28 15:40:00,69.05,69.05,69.05,69.05,5872.0
2200,2020/12/28 15:42:00,69.05,69.05,69.05,69.05,1000.0
2201,2020/12/28 15:44:00,69.05,69.05,69.05,69.05,500.0
2202,2020/12/28 15:45:00,69.05,69.05,69.05,69.05,3.0
2203,2020/12/28 15:50:00,69.05,69.05,69.05,69.05,1011.0
2204,2020/12/28 15:51:00,69.05,69.05,69.05,69.05,30.0
2205,2020/12/29 09:07:00,69.55,69.55,69.55,69.55,4327.0
2206,2020/12/29 09:15:00,69.45,69.55,69.25,69.5,25555.0
2207,2020/12/29 09:16:00,69.35,69.35,69.0,69.2,12867.0
2208,2020/12/29 09:17:00,69.2,69.65,69.2,69.6,17849.0
2209,2020/12/29 09:18:00,69.7,69.9,69.65,69.9,11493.0
2210,2020/12/29 09:19:00,69.95,69.95,69.7,69.9,12704.0
2211,2020/12/29 09:20:00,69.7,69.9,69.7,69.7,12252.0
2212,2020/12/29 09:21:00,69.75,69.75,69.4,69.4,10597.0
2213,2020/12/29 09:22:00,69.55,69.6,69.5,69.5,3400.0
2214,2020/12/29 09:23:00,69.6,69.6,69.55,69.55,600.0
2215,2020/12/29 09:24:00,69.3,69.5,69.3,69.5,7134.0
2216,2020/12/29 09:25:00,69.5,69.5,69.3,69.3,3453.0
2217,2020/12/29 09:26:00,69.4,69.4,69.35,69.4,1015.0
2218,2020/12/29 09:27:00,69.45,69.45,69.4,69.4,900.0
2219,2020/12/29 09:28:00,69.4,69.4,69.3,69.3,7800.0
2220,2020/12/29 09:29:00,69.4,69.4,69.25,69.3,3600.0
2221,2020/12/29 09:30:00,69.3,69.3,68.8,69.15,24571.0
2222,2020/12/29 09:31:00,69.0,69.05,68.9,68.9,14857.0
2223,2020/12/29 09:32:00,68.9,69.0,68.85,68.9,3372.0
2224,2020/12/29 09:33:00,68.95,69.0,68.9,68.9,4301.0
2225,2020/12/29 09:34:00,68.95,69.25,68.95,69.1,13930.0
2226,2020/12/29 09:35:00,69.1,69.1,69.1,69.1,593.0
2227,2020/12/29 09:36:00,69.15,69.15,69.05,69.15,148.0
2228,2020/12/29 09:37:00,69.15,69.15,69.05,69.15,778.0
2229,2020/12/29 09:38:00,69.15,69.15,69.0,69.0,1527.0
2230,2020/12/29 09:39:00,69.0,69.0,69.0,69.0,6.0
2231,2020/12/29 09:40:00,69.15,69.2,69.0,69.2,1694.0
2232,2020/12/29 09:41:00,69.2,69.3,69.2,69.3,5159.0
2233,2020/12/29 09:42:00,69.3,69.4,69.3,69.4,3758.0
2234,2020/12/29 09:43:00,69.25,69.3,69.25,69.3,133.0
2235,2020/12/29 09:44:00,69.3,69.35,69.3,69.35,430.0
2236,2020/12/29 09:45:00,69.35,69.35,69.3,69.3,1806.0
2237,2020/12/29 09:46:00,69.25,69.3,69.25,69.3,2093.0
2238,2020/12/29 09:47:00,69.3,69.3,69.2,69.2,1502.0
2239,2020/12/29 09:48:00,69.25,69.25,69.2,69.2,918.0
2240,2020/12/29 09:49:00,69.2,69.2,69.1,69.2,1188.0
2241,2020/12/29 09:50:00,69.1,69.2,69.1,69.2,139.0
2242,2020/12/29 09:51:00,69.2,69.2,69.1,69.1,506.0
2243,2020/12/29 09:52:00,69.2,69.2,69.2,69.2,41.0
2244,2020/12/29 09:53:00,69.3,69.4,69.25,69.25,5970.0
2245,2020/12/29 09:54:00,69.2,69.3,69.2,69.2,155.0
2246,2020/12/29 09:55:00,69.35,69.35,69.05,69.05,2942.0
2247,2020/12/29 09:56:00,69.05,69.1,69.0,69.1,595.0
2248,2020/12/29 09:57:00,69.15,69.2,69.15,69.2,6733.0
2249,2020/12/29 09:58:00,69.2,69.25,69.2,69.2,34.0
2250,2020/12/29 09:59:00,69.15,69.25,69.15,69.25,86.0
2251,2020/12/29 10:00:00,69.15,69.25,69.15,69.25,1215.0
2252,2020/12/29 10:01:00,69.25,69.3,69.25,69.3,737.0
2253,2020/12/29 10:02:00,69.35,69.35,69.25,69.35,1700.0
2254,2020/12/29 10:03:00,69.35,69.35,69.15,69.3,962.0
2255,2020/12/29 10:04:00,69.05,69.05,69.05,69.05,9434.0
2256,2020/12/29 10:05:00,69.1,69.1,69.1,69.1,122.0
2257,2020/12/29 10:08:00,69.25,69.25,69.1,69.2,521.0
2258,2020/12/29 10:09:00,69.2,69.2,69.0,69.15,19763.0
2259,2020/12/29 10:10:00,69.1,69.15,68.9,69.05,3752.0
2260,2020/12/29 10:11:00,68.95,69.15,68.95,68.95,6702.0
2261,2020/12/29 10:12:00,68.9,69.0,68.9,69.0,501.0
2262,2020/12/29 10:13:00,69.0,69.0,68.85,68.85,501.0
2263,2020/12/29 10:14:00,69.0,69.0,68.85,68.85,101.0
2264,2020/12/29 10:15:00,68.85,68.9,68.85,68.85,1358.0
2265,2020/12/29 10:16:00,68.9,68.95,68.9,68.95,1128.0
2266,2020/12/29 10:17:00,68.85,68.95,68.85,68.95,1640.0
2267,2020/12/29 10:18:00,68.85,68.85,68.75,68.8,7516.0
2268,2020/12/29 10:19:00,68.8,68.8,68.7,68.8,3869.0
2269,2020/12/29 10:20:00,68.75,68.8,68.75,68.8,280.0
2270,2020/12/29 10:21:00,68.8,68.8,68.75,68.75,627.0
2271,2020/12/29 10:22:00,68.8,68.85,68.75,68.75,1106.0
2272,2020/12/29 10:23:00,68.75,68.8,68.55,68.65,10436.0
2273,2020/12/29 10:24:00,68.75,68.75,68.65,68.75,407.0
2274,2020/12/29 10:25:00,68.8,68.85,68.8,68.85,2923.0
2275,2020/12/29 10:26:00,68.85,68.85,68.85,68.85,29.0
2276,2020/12/29 10:27:00,68.85,68.85,68.85,68.85,5.0
2277,2020/12/29 10:28:00,68.8,68.8,68.8,68.8,700.0
2278,2020/12/29 10:29:00,68.8,68.8,68.75,68.75,1780.0
2279,2020/12/29 10:30:00,68.75,68.75,68.75,68.75,663.0
2280,2020/12/29 10:31:00,68.7,68.75,68.7,68.75,2875.0
2281,2020/12/29 10:32:00,68.7,68.7,68.7,68.7,630.0
2282,2020/12/29 10:33:00,68.75,68.75,68.75,68.75,1.0
2283,2020/12/29 10:34:00,68.65,68.75,68.5,68.5,24086.0
2284,2020/12/29 10:35:00,68.4,68.45,68.25,68.45,24524.0
2285,2020/12/29 10:36:00,68.45,68.5,68.35,68.4,9749.0
2286,2020/12/29 10:37:00,68.45,68.5,68.4,68.4,1645.0
2287,2020/12/29 10:38:00,68.4,68.5,68.4,68.5,1920.0
2288,2020/12/29 10:39:00,68.4,68.5,68.4,68.5,2775.0
2289,2020/12/29 10:40:00,68.5,68.65,68.5,68.55,4821.0
2290,2020/12/29 10:41:00,68.45,68.45,68.45,68.45,631.0
2291,2020/12/29 10:42:00,68.4,68.45,68.4,68.45,13578.0
2292,2020/12/29 10:43:00,68.4,68.5,68.3,68.45,3292.0
2293,2020/12/29 10:44:00,68.45,68.5,68.3,68.4,10595.0
2294,2020/12/29 10:45:00,68.35,68.5,68.35,68.5,38.0
2295,2020/12/29 10:46:00,68.35,68.4,68.1,68.15,14070.0
2296,2020/12/29 10:47:00,68.1,68.15,68.1,68.15,2563.0
2297,2020/12/29 10:48:00,68.2,68.45,68.2,68.45,4923.0
2298,2020/12/29 10:49:00,68.3,68.3,68.05,68.05,7908.0
2299,2020/12/29 10:50:00,68.2,68.3,68.1,68.3,2496.0
2300,2020/12/29 10:51:00,68.15,68.35,68.1,68.2,2125.0
2301,2020/12/29 10:52:00,68.35,68.45,68.25,68.45,1054.0
2302,2020/12/29 10:53:00,68.5,68.6,68.45,68.6,2917.0
2303,2020/12/29 10:54:00,68.45,68.6,68.45,68.5,655.0
2304,2020/12/29 10:55:00,68.5,68.5,68.5,68.5,1.0
2305,2020/12/29 10:56:00,68.5,68.5,68.3,68.45,2839.0
2306,2020/12/29 10:57:00,68.35,68.35,68.3,68.3,216.0
2307,2020/12/29 10:58:00,68.45,68.65,68.35,68.65,12490.0
2308,2020/12/29 10:59:00,68.5,68.5,68.5,68.5,1.0
2309,2020/12/29 11:00:00,68.45,68.45,68.4,68.4,1994.0
2310,2020/12/29 11:01:00,68.3,68.3,68.3,68.3,4250.0
2311,2020/12/29 11:02:00,68.25,68.3,68.2,68.3,2083.0
2312,2020/12/29 11:03:00,68.25,68.3,68.2,68.3,4621.0
2313,2020/12/29 11:04:00,68.35,68.4,68.1,68.35,3854.0
2314,2020/12/29 11:05:00,68.4,68.5,68.35,68.45,2208.0
2315,2020/12/29 11:06:00,68.5,68.5,68.5,68.5,602.0
2316,2020/12/29 11:07:00,68.35,68.45,68.35,68.45,1150.0
2317,2020/12/29 11:08:00,68.5,68.6,68.5,68.55,2831.0
2318,2020/12/29 11:09:00,68.55,68.6,68.55,68.6,305.0
2319,2020/12/29 11:10:00,68.6,68.65,68.6,68.65,7083.0
2320,2020/12/29 11:11:00,68.65,68.65,68.6,68.6,625.0
2321,2020/12/29 11:12:00,68.7,68.7,68.6,68.6,3335.0
2322,2020/12/29 11:13:00,68.6,68.6,68.5,68.6,270.0
2323,2020/12/29 11:14:00,68.6,68.6,68.6,68.6,260.0
2324,2020/12/29 11:15:00,68.5,68.5,68.5,68.5,821.0
2325,2020/12/29 11:16:00,68.55,68.55,68.55,68.55,4500.0
2326,2020/12/29 11:17:00,68.5,68.55,68.5,68.55,3162.0
2327,2020/12/29 11:18:00,68.45,68.5,68.45,68.45,1073.0
2328,2020/12/29 11:19:00,68.45,68.5,68.35,68.35,1247.0
2329,2020/12/29 11:20:00,68.45,68.5,68.45,68.5,5064.0
2330,2020/12/29 11:21:00,68.5,68.5,68.4,68.5,640.0
2331,2020/12/29 11:22:00,68.4,68.4,68.4,68.4,500.0
2332,2020/12/29 11:23:00,68.4,68.4,68.35,68.35,212.0
2333,2020/12/29 11:24:00,68.35,68.35,68.35,68.35,400.0
2334,2020/12/29 11:26:00,68.35,68.35,68.35,68.35,400.0
2335,2020/12/29 11:28:00,68.35,68.4,68.35,68.4,504.0
2336,2020/12/29 11:29:00,68.4,68.4,68.35,68.35,202.0
2337,2020/12/29 11:30:00,68.35,68.35,68.2,68.35,3329.0
2338,2020/12/29 11:31:00,68.3,68.3,68.3,68.3,50.0
2339,2020/12/29 11:33:00,68.3,68.3,68.3,68.3,112.0
2340,2020/12/29 11:34:00,68.3,68.35,68.25,68.25,1320.0
2341,2020/12/29 11:35:00,68.25,68.25,68.25,68.25,1266.0
2342,2020/12/29 11:36:00,68.2,68.25,68.2,68.2,1886.0
2343,2020/12/29 11:37:00,68.25,68.25,68.2,68.2,610.0
2344,2020/12/29 11:38:00,68.25,68.25,68.25,68.25,103.0
2345,2020/12/29 11:39:00,68.25,68.25,68.25,68.25,100.0
2346,2020/12/29 11:40:00,68.25,68.25,68.2,68.2,210.0
2347,2020/12/29 11:41:00,68.25,68.25,68.2,68.2,1150.0
2348,2020/12/29 11:42:00,68.2,68.25,68.2,68.25,2610.0
2349,2020/12/29 11:43:00,68.25,68.25,68.25,68.25,14.0
2350,2020/12/29 11:45:00,68.25,68.25,68.25,68.25,100.0
2351,2020/12/29 11:46:00,68.2,68.25,68.2,68.25,101.0
2352,2020/12/29 11:47:00,68.25,68.25,68.2,68.2,400.0
2353,2020/12/29 11:49:00,68.25,68.25,68.2,68.25,600.0
2354,2020/12/29 11:50:00,68.25,68.3,68.2,68.3,3403.0
2355,2020/12/29 11:51:00,68.35,68.35,68.3,68.3,339.0
2356,2020/12/29 11:52:00,68.45,68.45,68.3,68.3,1115.0
2357,2020/12/29 11:54:00,68.3,68.3,68.3,68.3,100.0
2358,2020/12/29 11:55:00,68.4,68.4,68.4,68.4,2.0
2359,2020/12/29 11:56:00,68.4,68.45,68.3,68.3,1526.0
2360,2020/12/29 11:57:00,68.3,68.3,68.3,68.3,14.0
2361,2020/12/29 11:58:00,68.45,68.45,68.45,68.45,35.0
2362,2020/12/29 11:59:00,68.45,68.45,68.45,68.45,150.0
2363,2020/12/29 12:00:00,68.45,68.45,68.45,68.45,125.0
2364,2020/12/29 12:01:00,68.45,68.45,68.45,68.45,100.0
2365,2020/12/29 12:03:00,68.3,68.3,68.3,68.3,1489.0
2366,2020/12/29 12:04:00,68.5,68.5,68.5,68.5,1500.0
2367,2020/12/29 12:06:00,68.4,68.4,68.35,68.35,1100.0
2368,2020/12/29 12:07:00,68.35,68.5,68.35,68.5,110.0
2369,2020/12/29 12:08:00,68.35,68.5,68.35,68.5,1300.0
2370,2020/12/29 12:09:00,68.5,68.5,68.5,68.5,1.0
2371,2020/12/29 12:13:00,68.5,68.5,68.4,68.4,1255.0
2372,2020/12/29 12:14:00,68.35,68.45,68.25,68.25,3064.0
2373,2020/12/29 12:15:00,68.45,68.5,68.35,68.35,756.0
2374,2020/12/29 12:16:00,68.2,68.2,68.2,68.2,10977.0
2375,2020/12/29 12:17:00,68.2,68.3,68.2,68.2,450.0
2376,2020/12/29 12:18:00,68.3,68.35,68.2,68.2,3050.0
2377,2020/12/29 12:19:00,68.35,68.35,68.25,68.35,352.0
2378,2020/12/29 12:20:00,68.35,68.35,68.25,68.25,5080.0
2379,2020/12/29 12:21:00,68.25,68.25,68.25,68.25,8.0
2380,2020/12/29 12:22:00,68.25,68.35,68.25,68.35,2.0
2381,2020/12/29 12:23:00,68.25,68.25,68.25,68.25,100.0
2382,2020/12/29 12:24:00,68.4,68.4,68.25,68.4,479.0
2383,2020/12/29 12:25:00,68.4,68.4,68.4,68.4,174.0
2384,2020/12/29 12:26:00,68.35,68.35,68.35,68.35,5.0
2385,2020/12/29 12:27:00,68.25,68.3,68.25,68.3,535.0
2386,2020/12/29 12:28:00,68.35,68.35,68.35,68.35,1551.0
2387,2020/12/29 12:30:00,68.4,68.4,68.4,68.4,2500.0
2388,2020/12/29 12:32:00,68.3,68.35,68.3,68.35,150.0
2389,2020/12/29 12:33:00,68.3,68.3,68.3,68.3,265.0
2390,2020/12/29 12:34:00,68.3,68.4,68.3,68.4,399.0
2391,2020/12/29 12:35:00,68.3,68.4,68.3,68.4,379.0
2392,2020/12/29 12:36:00,68.3,68.3,68.3,68.3,30.0
2393,2020/12/29 12:37:00,68.3,68.3,68.3,68.3,2824.0
2394,2020/12/29 12:38:00,68.25,68.35,68.25,68.3,1325.0
2395,2020/12/29 12:40:00,68.3,68.3,68.3,68.3,1.0
2396,2020/12/29 12:41:00,68.3,68.4,68.3,68.4,116.0
2397,2020/12/29 12:42:00,68.3,68.3,68.3,68.3,2.0
2398,2020/12/29 12:43:00,68.35,68.4,68.25,68.4,723.0
2399,2020/12/29 12:45:00,68.4,68.4,68.4,68.4,1211.0
2400,2020/12/29 12:46:00,68.3,68.3,68.3,68.3,50.0
2401,2020/12/29 12:47:00,68.3,68.3,68.3,68.3,92.0
2402,2020/12/29 12:48:00,68.3,68.3,68.3,68.3,212.0
2403,2020/12/29 12:49:00,68.3,68.4,68.3,68.4,26.0
2404,2020/12/29 12:50:00,68.3,68.3,68.3,68.3,27.0
2405,2020/12/29 12:51:00,68.3,68.35,68.3,68.35,52.0
2406,2020/12/29 12:52:00,68.35,68.35,68.35,68.35,42.0
2407,2020/12/29 12:53:00,68.35,68.35,68.35,68.35,28.0
2408,2020/12/29 12:54:00,68.35,68.35,68.35,68.35,100.0
2409,2020/12/29 12:55:00,68.3,68.35,68.3,68.35,145.0
2410,2020/12/29 12:56:00,68.35,68.4,68.35,68.4,1000.0
2411,2020/12/29 12:57:00,68.4,68.4,68.35,68.4,24.0
2412,2020/12/29 12:58:00,68.4,68.4,68.4,68.4,731.0
2413,2020/12/29 12:59:00,68.4,68.4,68.4,68.4,3505.0
2414,2020/12/29 13:00:00,68.35,68.4,68.35,68.4,2374.0
2415,2020/12/29 13:01:00,68.4,68.4,68.4,68.4,10.0
2416,2020/12/29 13:02:00,68.4,68.4,68.4,68.4,4.0
2417,2020/12/29 13:03:00,68.35,68.35,68.35,68.35,30.0
2418,2020/12/29 13:04:00,68.45,68.5,68.45,68.5,8318.0
2419,2020/12/29 13:05:00,68.55,68.6,68.55,68.6,1920.0
2420,2020/12/29 13:06:00,68.6,68.6,68.6,68.6,2183.0
2421,2020/12/29 13:07:00,68.6,68.6,68.6,68.6,2647.0
2422,2020/12/29 13:08:00,68.55,68.6,68.55,68.6,501.0
2423,2020/12/29 13:09:00,68.45,68.45,68.45,68.45,3200.0
2424,2020/12/29 13:10:00,68.5,68.55,68.5,68.55,110.0
2425,2020/12/29 13:11:00,68.6,68.6,68.5,68.6,438.0
2426,2020/12/29 13:12:00,68.5,68.5,68.5,68.5,500.0
2427,2020/12/29 13:13:00,68.6,68.6,68.5,68.5,405.0
2428,2020/12/29 13:14:00,68.5,68.5,68.5,68.5,156.0
2429,2020/12/29 13:15:00,68.65,68.65,68.65,68.65,2.0
2430,2020/12/29 13:16:00,68.55,68.55,68.55,68.55,503.0
2431,2020/12/29 13:17:00,68.55,68.55,68.55,68.55,25.0
2432,2020/12/29 13:18:00,68.55,68.55,68.55,68.55,133.0
2433,2020/12/29 13:19:00,68.55,68.55,68.55,68.55,4.0
2434,2020/12/29 13:20:00,68.55,68.55,68.55,68.55,1.0
2435,2020/12/29 13:21:00,68.55,68.65,68.55,68.65,544.0
2436,2020/12/29 13:22:00,68.65,68.65,68.6,68.6,205.0
2437,2020/12/29 13:24:00,68.55,68.55,68.55,68.55,60.0
2438,2020/12/29 13:25:00,68.55,68.75,68.5,68.75,12010.0
2439,2020/12/29 13:26:00,68.7,68.75,68.65,68.7,947.0
2440,2020/12/29 13:27:00,68.65,68.65,68.55,68.55,22.0
2441,2020/12/29 13:28:00,68.5,68.6,68.5,68.6,2200.0
2442,2020/12/29 13:29:00,68.6,68.65,68.6,68.65,1065.0
2443,2020/12/29 13:30:00,68.6,68.6,68.6,68.6,189.0
2444,2020/12/29 13:33:00,68.65,68.65,68.6,68.6,11.0
2445,2020/12/29 13:34:00,68.55,68.6,68.55,68.6,2770.0
2446,2020/12/29 13:37:00,68.55,68.6,68.55,68.6,11.0
2447,2020/12/29 13:39:00,68.55,68.6,68.55,68.6,95.0
2448,2020/12/29 13:40:00,68.6,68.6,68.6,68.6,2.0
2449,2020/12/29 13:41:00,68.6,68.6,68.6,68.6,2.0
2450,2020/12/29 13:42:00,68.55,68.55,68.55,68.55,63.0
2451,2020/12/29 13:44:00,68.5,68.6,68.5,68.6,435.0
2452,2020/12/29 13:45:00,68.55,68.55,68.55,68.55,21.0
2453,2020/12/29 13:46:00,68.5,68.55,68.5,68.55,683.0
2454,2020/12/29 13:47:00,68.5,68.5,68.5,68.5,280.0
2455,2020/12/29 13:48:00,68.55,68.6,68.5,68.5,610.0
2456,2020/12/29 13:49:00,68.5,68.5,68.5,68.5,3.0
2457,2020/12/29 13:51:00,68.5,68.5,68.45,68.45,1750.0
2458,2020/12/29 13:52:00,68.55,68.55,68.45,68.45,2590.0
2459,2020/12/29 13:53:00,68.35,68.35,68.35,68.35,1248.0
2460,2020/12/29 13:54:00,68.5,68.5,68.35,68.5,244.0
2461,2020/12/29 13:55:00,68.4,68.4,68.35,68.35,3502.0
2462,2020/12/29 13:56:00,68.5,68.5,68.35,68.5,1269.0
2463,2020/12/29 13:57:00,68.5,68.5,68.4,68.4,478.0
2464,2020/12/29 13:59:00,68.4,68.5,68.4,68.4,347.0
2465,2020/12/29 14:00:00,68.4,68.4,68.4,68.4,100.0
2466,2020/12/29 14:01:00,68.4,68.55,68.4,68.55,200.0
2467,2020/12/29 14:02:00,68.45,68.6,68.45,68.6,5200.0
2468,2020/12/29 14:03:00,68.65,68.65,68.55,68.55,300.0
2469,2020/12/29 14:04:00,68.55,68.55,68.55,68.55,100.0
2470,2020/12/29 14:05:00,68.6,68.6,68.6,68.6,500.0
2471,2020/12/29 14:06:00,68.65,68.65,68.65,68.65,6.0
2472,2020/12/29 14:07:00,68.5,68.6,68.5,68.6,2145.0
2473,2020/12/29 14:08:00,68.55,68.55,68.55,68.55,15.0
2474,2020/12/29 14:09:00,68.55,68.6,68.55,68.6,1102.0
2475,2020/12/29 14:10:00,68.5,68.55,68.5,68.55,17.0
2476,2020/12/29 14:11:00,68.55,68.55,68.45,68.45,3720.0
2477,2020/12/29 14:12:00,68.55,68.55,68.55,68.55,200.0
2478,2020/12/29 14:14:00,68.55,68.55,68.4,68.4,2001.0
2479,2020/12/29 14:16:00,68.4,68.4,68.4,68.4,5.0
2480,2020/12/29 14:17:00,68.45,68.45,68.45,68.45,5.0
2481,2020/12/29 14:18:00,68.45,68.45,68.45,68.45,3000.0
2482,2020/12/29 14:19:00,68.45,68.45,68.45,68.45,505.0
2483,2020/12/29 14:20:00,68.55,68.55,68.55,68.55,105.0
2484,2020/12/29 14:21:00,68.5,68.5,68.5,68.5,200.0
2485,2020/12/29 14:22:00,68.45,68.45,68.4,68.4,281.0
2486,2020/12/29 14:23:00,68.4,68.4,68.4,68.4,101.0
2487,2020/12/29 14:24:00,68.5,68.5,68.4,68.4,365.0
2488,2020/12/29 14:25:00,68.5,68.5,68.5,68.5,1100.0
2489,2020/12/29 14:26:00,68.4,68.4,68.4,68.4,200.0
2490,2020/12/29 14:28:00,68.4,68.5,68.4,68.4,1425.0
2491,2020/12/29 14:29:00,68.5,68.5,68.5,68.5,815.0
2492,2020/12/29 14:31:00,68.45,68.45,68.4,68.4,981.0
2493,2020/12/29 14:32:00,68.4,68.4,68.4,68.4,5439.0
2494,2020/12/29 14:33:00,68.4,68.4,68.4,68.4,165.0
2495,2020/12/29 14:34:00,68.4,68.45,68.4,68.45,780.0
2496,2020/12/29 14:35:00,68.45,68.45,68.35,68.4,242.0
2497,2020/12/29 14:36:00,68.35,68.35,68.25,68.25,8278.0
2498,2020/12/29 14:37:00,68.2,68.35,68.15,68.35,8780.0
2499,2020/12/29 14:38:00,68.3,68.35,68.3,68.35,3398.0
2500,2020/12/29 14:39:00,68.3,68.4,68.3,68.4,352.0
2501,2020/12/29 14:40:00,68.4,68.4,68.35,68.4,2270.0
2502,2020/12/29 14:41:00,68.35,68.4,68.35,68.4,1500.0
2503,2020/12/29 14:42:00,68.45,68.45,68.3,68.45,202.0
2504,2020/12/29 14:43:00,68.45,68.45,68.45,68.45,800.0
2505,2020/12/29 14:45:00,68.35,68.5,68.35,68.45,5934.0
2506,2020/12/29 14:46:00,68.5,68.5,68.45,68.45,160.0
2507,2020/12/29 14:47:00,68.4,68.4,68.4,68.4,557.0
2508,2020/12/29 14:48:00,68.4,68.4,68.4,68.4,37.0
2509,2020/12/29 14:49:00,68.4,68.4,68.35,68.35,10626.0
2510,2020/12/29 14:50:00,68.4,68.4,68.35,68.35,1012.0
2511,2020/12/29 14:51:00,68.4,68.4,68.4,68.4,8081.0
2512,2020/12/29 14:52:00,68.35,68.4,68.35,68.4,5136.0
2513,2020/12/29 14:53:00,68.35,68.5,68.35,68.5,18024.0
2514,2020/12/29 14:54:00,68.4,68.5,68.4,68.5,4110.0
2515,2020/12/29 14:55:00,68.4,68.4,68.4,68.4,1.0
2516,2020/12/29 14:57:00,68.5,68.5,68.5,68.5,6684.0
2517,2020/12/29 14:58:00,68.4,68.4,68.35,68.35,3891.0
2518,2020/12/29 14:59:00,68.35,68.35,68.35,68.35,1000.0
2519,2020/12/29 15:00:00,68.4,68.45,68.25,68.25,13480.0
2520,2020/12/29 15:01:00,68.3,68.45,68.3,68.35,11741.0
2521,2020/12/29 15:02:00,68.45,68.45,68.35,68.45,2922.0
2522,2020/12/29 15:03:00,68.35,68.45,68.35,68.35,902.0
2523,2020/12/29 15:04:00,68.35,68.5,68.35,68.45,11490.0
2524,2020/12/29 15:05:00,68.45,68.45,68.4,68.4,7043.0
2525,2020/12/29 15:06:00,68.4,68.4,68.4,68.4,301.0
2526,2020/12/29 15:07:00,68.35,68.45,68.35,68.45,6543.0
2527,2020/12/29 15:08:00,68.5,68.55,68.45,68.55,3810.0
2528,2020/12/29 15:09:00,68.5,68.5,68.5,68.5,1221.0
2529,2020/12/29 15:10:00,68.5,68.55,68.5,68.55,1030.0
2530,2020/12/29 15:11:00,68.5,68.5,68.5,68.5,108.0
2531,2020/12/29 15:12:00,68.5,68.5,68.5,68.5,3400.0
2532,2020/12/29 15:13:00,68.5,68.55,68.5,68.55,7292.0
2533,2020/12/29 15:14:00,68.7,68.7,68.55,68.65,5556.0
2534,2020/12/29 15:15:00,68.55,68.65,68.55,68.65,926.0
2535,2020/12/29 15:16:00,68.55,68.55,68.5,68.5,3118.0
2536,2020/12/29 15:17:00,68.5,68.5,68.5,68.5,6283.0
2537,2020/12/29 15:18:00,68.5,68.5,68.5,68.5,2997.0
2538,2020/12/29 15:19:00,68.5,68.55,68.5,68.55,1841.0
2539,2020/12/29 15:20:00,68.5,68.5,68.4,68.4,25450.0
2540,2020/12/29 15:21:00,68.4,68.45,68.2,68.25,12544.0
2541,2020/12/29 15:22:00,68.25,68.3,68.25,68.3,1460.0
2542,2020/12/29 15:23:00,68.3,68.35,68.25,68.3,1736.0
2543,2020/12/29 15:24:00,68.25,68.35,68.25,68.3,4560.0
2544,2020/12/29 15:25:00,68.3,68.35,68.25,68.3,6251.0
2545,2020/12/29 15:26:00,68.3,68.3,68.15,68.25,6685.0
2546,2020/12/29 15:27:00,68.2,68.3,68.2,68.25,2771.0
2547,2020/12/29 15:28:00,68.2,68.3,68.2,68.3,12636.0
2548,2020/12/29 15:29:00,68.3,68.3,68.2,68.2,11942.0
2549,2020/12/29 15:30:00,68.15,68.15,68.15,68.15,2000.0
2550,2020/12/29 15:41:00,68.4,68.4,68.4,68.4,1.0
2551,2020/12/29 15:56:00,68.4,68.4,68.4,68.4,300.0
2552,2020/12/29 15:58:00,68.4,68.4,68.15,68.15,1000.0
2553,2020/12/29 15:59:00,68.4,68.4,68.15,68.15,2400.0
2554,2020/12/30 09:07:00,68.95,68.95,68.95,68.95,840.0
2555,2020/12/30 09:15:00,68.8,68.85,68.65,68.65,4193.0
2556,2020/12/30 09:16:00,68.7,68.7,68.5,68.5,3119.0
2557,2020/12/30 09:17:00,68.5,68.5,68.25,68.3,2393.0
2558,2020/12/30 09:18:00,68.3,68.3,67.8,67.95,14785.0
2559,2020/12/30 09:19:00,68.0,68.2,67.95,68.0,7008.0
2560,2020/12/30 09:20:00,68.1,68.25,68.1,68.2,5469.0
2561,2020/12/30 09:21:00,68.3,68.3,68.2,68.3,13232.0
2562,2020/12/30 09:22:00,68.2,68.2,68.15,68.15,1025.0
2563,2020/12/30 09:23:00,68.15,68.15,68.15,68.15,1.0
2564,2020/12/30 09:24:00,68.1,68.2,68.0,68.2,6049.0
2565,2020/12/30 09:25:00,68.0,68.0,67.9,67.9,18688.0
2566,2020/12/30 09:26:00,68.0,68.15,68.0,68.0,1900.0
2567,2020/12/30 09:27:00,67.95,68.0,67.95,68.0,5478.0
2568,2020/12/30 09:28:00,68.0,68.15,68.0,68.15,1232.0
2569,2020/12/30 09:29:00,68.15,68.15,68.1,68.1,1062.0
2570,2020/12/30 09:30:00,68.1,68.15,68.0,68.05,2434.0
2571,2020/12/30 09:31:00,68.15,68.15,68.0,68.05,854.0
2572,2020/12/30 09:32:00,68.05,68.05,68.05,68.05,106.0
2573,2020/12/30 09:33:00,68.05,68.15,68.05,68.15,802.0
2574,2020/12/30 09:34:00,68.3,68.35,68.3,68.35,7932.0
2575,2020/12/30 09:35:00,68.3,68.5,68.3,68.5,1679.0
2576,2020/12/30 09:36:00,68.5,68.5,68.3,68.5,1897.0
2577,2020/12/30 09:37:00,68.4,68.5,68.4,68.4,3222.0
2578,2020/12/30 09:38:00,68.5,68.65,68.4,68.65,6123.0
2579,2020/12/30 09:39:00,68.55,68.55,68.5,68.5,6269.0
2580,2020/12/30 09:40:00,68.5,68.6,68.5,68.6,705.0
2581,2020/12/30 09:41:00,68.6,68.75,68.6,68.7,7606.0
2582,2020/12/30 09:42:00,68.75,68.8,68.7,68.8,11012.0
2583,2020/12/30 09:43:00,68.8,68.8,68.75,68.75,1122.0
2584,2020/12/30 09:44:00,68.7,68.7,68.65,68.7,1303.0
2585,2020/12/30 09:45:00,68.7,68.8,68.7,68.8,25162.0
2586,2020/12/30 09:46:00,68.75,68.75,68.65,68.65,791.0
2587,2020/12/30 09:47:00,68.7,68.7,68.7,68.7,571.0
2588,2020/12/30 09:48:00,68.7,68.7,68.65,68.7,1272.0
2589,2020/12/30 09:49:00,68.65,68.7,68.65,68.7,602.0
2590,2020/12/30 09:50:00,68.65,68.65,68.65,68.65,1229.0
2591,2020/12/30 09:51:00,68.75,68.75,68.7,68.7,1225.0
2592,2020/12/30 09:52:00,68.65,68.65,68.65,68.65,2588.0
2593,2020/12/30 09:53:00,68.7,68.8,68.65,68.8,15238.0
2594,2020/12/30 09:54:00,68.8,68.8,68.75,68.75,95.0
2595,2020/12/30 09:55:00,68.75,68.75,68.7,68.7,4490.0
2596,2020/12/30 09:56:00,68.75,68.8,68.7,68.7,390.0
2597,2020/12/30 09:57:00,68.7,68.8,68.7,68.8,930.0
2598,2020/12/30 09:58:00,68.8,68.9,68.7,68.9,12997.0
2599,2020/12/30 09:59:00,68.9,68.9,68.75,68.75,2605.0
2600,2020/12/30 10:00:00,68.95,68.95,68.8,68.9,6282.0
2601,2020/12/30 10:01:00,68.95,68.95,68.8,68.95,2814.0
2602,2020/12/30 10:02:00,68.95,68.95,68.8,68.9,836.0
2603,2020/12/30 10:03:00,68.7,68.85,68.7,68.85,2721.0
2604,2020/12/30 10:04:00,68.85,68.9,68.85,68.9,2418.0
2605,2020/12/30 10:05:00,68.85,68.85,68.85,68.85,130.0
2606,2020/12/30 10:06:00,68.9,69.1,68.8,68.8,65013.0
2607,2020/12/30 10:07:00,68.9,68.95,68.9,68.95,2004.0
2608,2020/12/30 10:08:00,68.9,68.9,68.8,68.8,5240.0
2609,2020/12/30 10:09:00,68.9,68.9,68.8,68.8,1009.0
2610,2020/12/30 10:10:00,68.8,68.8,68.7,68.7,674.0
2611,2020/12/30 10:11:00,68.75,68.9,68.75,68.9,959.0
2612,2020/12/30 10:12:00,68.9,68.9,68.9,68.9,456.0
2613,2020/12/30 10:13:00,68.9,68.9,68.8,68.8,3028.0
2614,2020/12/30 10:14:00,68.8,68.9,68.8,68.85,701.0
2615,2020/12/30 10:15:00,68.8,68.8,68.75,68.8,1301.0
2616,2020/12/30 10:16:00,68.8,68.9,68.8,68.8,2111.0
2617,2020/12/30 10:17:00,68.8,68.9,68.8,68.9,508.0
2618,2020/12/30 10:18:00,68.8,68.95,68.8,68.95,4448.0
2619,2020/12/30 10:19:00,68.95,68.95,68.85,68.95,301.0
2620,2020/12/30 10:20:00,68.95,68.95,68.95,68.95,1011.0
2621,2020/12/30 10:21:00,68.95,68.95,68.9,68.9,113.0
2622,2020/12/30 10:22:00,68.95,68.95,68.9,68.9,11162.0
2623,2020/12/30 10:23:00,68.9,68.9,68.85,68.9,160.0
2624,2020/12/30 10:24:00,69.0,69.0,68.95,69.0,1225.0
2625,2020/12/30 10:25:00,69.0,69.0,68.85,68.85,3432.0
2626,2020/12/30 10:26:00,68.85,68.85,68.85,68.85,700.0
2627,2020/12/30 10:27:00,68.85,68.85,68.85,68.85,2125.0
2628,2020/12/30 10:28:00,68.85,68.95,68.85,68.95,559.0
2629,2020/12/30 10:29:00,68.95,68.95,68.65,68.65,14683.0
2630,2020/12/30 10:30:00,68.9,68.9,68.65,68.85,3099.0
2631,2020/12/30 10:31:00,68.7,68.7,68.7,68.7,250.0
2632,2020/12/30 10:32:00,68.7,68.7,68.7,68.7,2651.0
2633,2020/12/30 10:33:00,68.55,68.7,68.5,68.55,10080.0
2634,2020/12/30 10:34:00,68.65,68.65,68.65,68.65,650.0
2635,2020/12/30 10:35:00,68.6,68.6,68.6,68.6,500.0
2636,2020/12/30 10:36:00,68.6,68.6,68.55,68.55,56.0
2637,2020/12/30 10:37:00,68.6,68.6,68.55,68.55,515.0
2638,2020/12/30 10:38:00,68.55,68.55,68.55,68.55,3128.0
2639,2020/12/30 10:39:00,68.55,68.55,68.5,68.5,400.0
2640,2020/12/30 10:40:00,68.5,68.55,68.5,68.55,2873.0
2641,2020/12/30 10:41:00,68.55,68.6,68.55,68.6,3070.0
2642,2020/12/30 10:42:00,68.5,68.5,68.5,68.5,24.0
2643,2020/12/30 10:43:00,68.5,68.55,68.5,68.55,1102.0
2644,2020/12/30 10:44:00,68.55,68.6,68.55,68.55,253.0
2645,2020/12/30 10:45:00,68.55,68.6,68.55,68.6,624.0
2646,2020/12/30 10:46:00,68.55,68.6,68.55,68.6,1791.0
2647,2020/12/30 10:47:00,68.6,68.6,68.55,68.55,78.0
2648,2020/12/30 10:48:00,68.55,68.6,68.55,68.55,36.0
2649,2020/12/30 10:49:00,68.6,68.6,68.55,68.55,252.0
2650,2020/12/30 10:50:00,68.45,68.45,68.45,68.45,6818.0
2651,2020/12/30 10:51:00,68.35,68.4,68.35,68.35,4989.0
2652,2020/12/30 10:52:00,68.35,68.35,68.35,68.35,400.0
2653,2020/12/30 10:53:00,68.35,68.45,68.15,68.45,11793.0
2654,2020/12/30 10:54:00,68.4,68.45,68.3,68.4,5785.0
2655,2020/12/30 10:55:00,68.5,68.5,68.5,68.5,50.0
2656,2020/12/30 10:56:00,68.5,68.5,68.4,68.4,1151.0
2657,2020/12/30 10:57:00,68.45,68.45,68.45,68.45,86.0
2658,2020/12/30 10:58:00,68.5,68.5,68.4,68.4,60.0
2659,2020/12/30 10:59:00,68.4,68.4,68.4,68.4,101.0
2660,2020/12/30 11:00:00,68.5,68.5,68.5,68.5,600.0
2661,2020/12/30 11:01:00,68.4,68.4,68.4,68.4,25.0
2662,2020/12/30 11:03:00,68.4,68.5,68.4,68.45,1370.0
2663,2020/12/30 11:05:00,68.45,68.45,68.45,68.45,65.0
2664,2020/12/30 11:06:00,68.45,68.45,68.45,68.45,51.0
2665,2020/12/30 11:07:00,68.5,68.5,68.5,68.5,10.0
2666,2020/12/30 11:08:00,68.45,68.5,68.45,68.5,341.0
2667,2020/12/30 11:09:00,68.45,68.45,68.45,68.45,1000.0
2668,2020/12/30 11:10:00,68.45,68.45,68.45,68.45,430.0
2669,2020/12/30 11:11:00,68.45,68.45,68.45,68.45,12.0
2670,2020/12/30 11:12:00,68.45,68.45,68.45,68.45,10.0
2671,2020/12/30 11:13:00,68.45,68.5,68.45,68.5,3616.0
2672,2020/12/30 11:14:00,68.45,68.45,68.45,68.45,15.0
2673,2020/12/30 11:15:00,68.45,68.5,68.45,68.5,2062.0
2674,2020/12/30 11:16:00,68.5,68.5,68.5,68.5,540.0
2675,2020/12/30 11:17:00,68.45,68.45,68.45,68.45,560.0
2676,2020/12/30 11:18:00,68.5,68.5,68.45,68.45,210.0
2677,2020/12/30 11:19:00,68.45,68.5,68.45,68.5,70.0
2678,2020/12/30 11:20:00,68.5,68.5,68.5,68.5,2692.0
2679,2020/12/30 11:21:00,68.5,68.5,68.5,68.5,10.0
2680,2020/12/30 11:22:00,68.55,68.55,68.45,68.45,495.0
2681,2020/12/30 11:23:00,68.55,68.55,68.55,68.55,238.0
2682,2020/12/30 11:24:00,68.6,68.65,68.6,68.6,349.0
2683,2020/12/30 11:25:00,68.6,68.6,68.5,68.5,503.0
2684,2020/12/30 11:27:00,68.6,68.6,68.6,68.6,50.0
2685,2020/12/30 11:28:00,68.6,68.6,68.5,68.5,201.0
2686,2020/12/30 11:30:00,68.5,68.5,68.5,68.5,500.0
2687,2020/12/30 11:31:00,68.65,68.65,68.4,68.4,7684.0
2688,2020/12/30 11:32:00,68.45,68.5,68.35,68.5,6688.0
2689,2020/12/30 11:33:00,68.35,68.5,68.35,68.5,3500.0
2690,2020/12/30 11:34:00,68.4,68.4,68.4,68.4,300.0
2691,2020/12/30 11:36:00,68.4,68.4,68.4,68.4,25.0
2692,2020/12/30 11:37:00,68.4,68.4,68.4,68.4,86.0
2693,2020/12/30 11:39:00,68.4,68.4,68.4,68.4,160.0
2694,2020/12/30 11:40:00,68.45,68.45,68.4,68.4,505.0
2695,2020/12/30 11:41:00,68.4,68.45,68.4,68.45,126.0
2696,2020/12/30 11:42:00,68.4,68.4,68.4,68.4,4.0
2697,2020/12/30 11:44:00,68.4,68.4,68.4,68.4,55.0
2698,2020/12/30 11:45:00,68.4,68.4,68.4,68.4,160.0
2699,2020/12/30 11:46:00,68.45,68.45,68.45,68.45,20.0
2700,2020/12/30 11:48:00,68.45,68.45,68.4,68.4,302.0
2701,2020/12/30 11:49:00,68.5,68.5,68.4,68.4,930.0
2702,2020/12/30 11:50:00,68.4,68.4,68.2,68.4,4750.0
2703,2020/12/30 11:51:00,68.4,68.4,68.4,68.4,100.0
2704,2020/12/30 11:52:00,68.4,68.4,68.25,68.25,29.0
2705,2020/12/30 11:53:00,68.3,68.3,68.3,68.3,430.0
2706,2020/12/30 11:54:00,68.25,68.25,68.25,68.25,1675.0
2707,2020/12/30 11:56:00,68.4,68.4,68.25,68.25,107.0
2708,2020/12/30 11:57:00,68.4,68.45,68.3,68.3,1225.0
2709,2020/12/30 11:58:00,68.25,68.25,68.25,68.25,500.0
2710,2020/12/30 11:59:00,68.25,68.3,68.25,68.3,615.0
2711,2020/12/30 12:00:00,68.4,68.4,68.3,68.4,742.0
2712,2020/12/30 12:01:00,68.3,68.4,68.3,68.4,275.0
2713,2020/12/30 12:02:00,68.4,68.4,68.4,68.4,40.0
2714,2020/12/30 12:04:00,68.3,68.3,68.3,68.3,1022.0
2715,2020/12/30 12:05:00,68.4,68.4,68.3,68.3,2100.0
2716,2020/12/30 12:06:00,68.35,68.35,68.35,68.35,21.0
2717,2020/12/30 12:07:00,68.35,68.4,68.35,68.4,120.0
2718,2020/12/30 12:09:00,68.3,68.5,68.3,68.5,5300.0
2719,2020/12/30 12:10:00,68.5,68.5,68.4,68.4,50.0
2720,2020/12/30 12:11:00,68.4,68.4,68.4,68.4,51.0
2721,2020/12/30 12:12:00,68.35,68.35,68.3,68.3,1451.0
2722,2020/12/30 12:13:00,68.35,68.35,68.35,68.35,90.0
2723,2020/12/30 12:14:00,68.35,68.35,68.35,68.35,100.0
2724,2020/12/30 12:15:00,68.35,68.35,68.35,68.35,87.0
2725,2020/12/30 12:16:00,68.35,68.35,68.35,68.35,5.0
2726,2020/12/30 12:17:00,68.3,68.3,68.3,68.3,135.0
2727,2020/12/30 12:18:00,68.3,68.3,68.3,68.3,175.0
2728,2020/12/30 12:19:00,68.3,68.4,68.25,68.25,3708.0
2729,2020/12/30 12:20:00,68.25,68.25,68.2,68.2,1199.0
2730,2020/12/30 12:21:00,68.2,68.2,68.1,68.1,6267.0
2731,2020/12/30 12:22:00,68.1,68.25,68.1,68.2,400.0
2732,2020/12/30 12:24:00,68.2,68.2,68.2,68.2,304.0
2733,2020/12/30 12:25:00,68.2,68.3,68.2,68.3,665.0
2734,2020/12/30 12:26:00,68.2,68.25,68.2,68.25,320.0
2735,2020/12/30 12:28:00,68.25,68.45,68.2,68.45,3496.0
2736,2020/12/30 12:29:00,68.45,68.5,68.45,68.5,6946.0
2737,2020/12/30 12:30:00,68.6,68.6,68.5,68.55,401.0
2738,2020/12/30 12:31:00,68.55,68.6,68.55,68.6,352.0
2739,2020/12/30 12:32:00,68.5,68.6,68.5,68.6,17729.0
2740,2020/12/30 12:33:00,68.6,69.0,68.6,68.9,39851.0
2741,2020/12/30 12:34:00,68.85,68.9,68.7,68.75,1830.0
2742,2020/12/30 12:35:00,68.85,68.9,68.75,68.85,6581.0
2743,2020/12/30 12:36:00,68.9,68.9,68.75,68.75,947.0
2744,2020/12/30 12:37:00,68.8,68.8,68.75,68.75,1153.0
2745,2020/12/30 12:38:00,68.75,68.75,68.4,68.4,10810.0
2746,2020/12/30 12:39:00,68.5,68.5,68.5,68.5,50.0
2747,2020/12/30 12:40:00,68.6,68.6,68.4,68.4,1632.0
2748,2020/12/30 12:41:00,68.4,68.4,68.4,68.4,58.0
2749,2020/12/30 12:42:00,68.4,68.4,68.35,68.35,1068.0
2750,2020/12/30 12:43:00,68.6,68.6,68.55,68.55,12310.0
2751,2020/12/30 12:44:00,68.75,68.75,68.65,68.65,34450.0
2752,2020/12/30 12:45:00,68.65,68.7,68.6,68.7,2055.0
2753,2020/12/30 12:46:00,68.55,68.55,68.5,68.5,1679.0
2754,2020/12/30 12:47:00,68.5,68.5,68.3,68.35,2453.0
2755,2020/12/30 12:48:00,68.4,68.5,68.4,68.5,2329.0
2756,2020/12/30 12:49:00,68.5,68.5,68.5,68.5,1826.0
2757,2020/12/30 12:50:00,68.55,68.75,68.55,68.65,6501.0
2758,2020/12/30 12:51:00,68.55,68.65,68.5,68.65,1549.0
2759,2020/12/30 12:52:00,68.75,68.75,68.7,68.7,985.0
2760,2020/12/30 12:53:00,68.7,68.75,68.7,68.75,1040.0
2761,2020/12/30 12:54:00,68.8,68.8,68.75,68.75,24770.0
2762,2020/12/30 12:55:00,68.7,68.9,68.7,68.9,1177.0
2763,2020/12/30 12:56:00,68.9,68.9,68.9,68.9,2000.0
2764,2020/12/30 12:57:00,68.8,68.8,68.8,68.8,500.0
2765,2020/12/30 12:58:00,68.9,68.9,68.7,68.7,2504.0
2766,2020/12/30 13:00:00,68.85,68.85,68.75,68.85,340.0
2767,2020/12/30 13:01:00,68.9,68.9,68.75,68.85,177.0
2768,2020/12/30 13:02:00,68.9,68.9,68.85,68.9,1013.0
2769,2020/12/30 13:03:00,68.9,68.9,68.8,68.8,17.0
2770,2020/12/30 13:04:00,68.75,68.75,68.7,68.7,250.0
2771,2020/12/30 13:06:00,68.75,68.75,68.7,68.75,5397.0
2772,2020/12/30 13:07:00,68.8,68.8,68.8,68.8,16.0
2773,2020/12/30 13:08:00,68.7,68.7,68.7,68.7,100.0
2774,2020/12/30 13:09:00,68.8,68.8,68.7,68.7,12.0
2775,2020/12/30 13:10:00,68.8,68.8,68.7,68.8,651.0
2776,2020/12/30 13:11:00,68.8,68.8,68.7,68.75,1232.0
2777,2020/12/30 13:12:00,68.75,68.8,68.6,68.6,5824.0
2778,2020/12/30 13:13:00,68.6,68.6,68.6,68.6,10.0
2779,2020/12/30 13:14:00,68.6,68.6,68.6,68.6,1000.0
2780,2020/12/30 13:15:00,68.6,68.6,68.6,68.6,1.0
2781,2020/12/30 13:16:00,68.65,68.65,68.55,68.55,1400.0
2782,2020/12/30 13:17:00,68.65,68.65,68.55,68.55,1100.0
2783,2020/12/30 13:18:00,68.55,68.65,68.55,68.55,607.0
2784,2020/12/30 13:19:00,68.65,68.75,68.65,68.75,8007.0
2785,2020/12/30 13:20:00,68.75,68.8,68.7,68.75,2375.0
2786,2020/12/30 13:23:00,68.7,68.7,68.6,68.7,1028.0
2787,2020/12/30 13:24:00,68.6,68.6,68.6,68.6,50.0
2788,2020/12/30 13:27:00,68.7,68.7,68.7,68.7,10.0
2789,2020/12/30 13:28:00,68.7,68.7,68.7,68.7,273.0
2790,2020/12/30 13:29:00,68.6,68.7,68.6,68.7,13.0
2791,2020/12/30 13:30:00,68.6,68.6,68.6,68.6,464.0
2792,2020/12/30 13:31:00,68.6,68.6,68.6,68.6,6.0
2793,2020/12/30 13:32:00,68.6,68.6,68.6,68.6,200.0
2794,2020/12/30 13:34:00,68.6,68.6,68.6,68.6,74.0
2795,2020/12/30 13:35:00,68.7,68.7,68.6,68.6,1005.0
2796,2020/12/30 13:37:00,68.65,68.65,68.65,68.65,70.0
2797,2020/12/30 13:38:00,68.7,68.7,68.7,68.7,1302.0
2798,2020/12/30 13:40:00,68.7,68.7,68.65,68.65,1492.0
2799,2020/12/30 13:41:00,68.7,68.7,68.65,68.65,850.0
2800,2020/12/30 13:42:00,68.65,68.7,68.65,68.7,116.0
2801,2020/12/30 13:43:00,68.7,68.7,68.7,68.7,155.0
2802,2020/12/30 13:44:00,68.7,68.7,68.7,68.7,1100.0
2803,2020/12/30 13:45:00,68.7,68.7,68.65,68.65,101.0
2804,2020/12/30 13:46:00,68.7,68.7,68.7,68.7,15.0
2805,2020/12/30 13:48:00,68.7,68.7,68.65,68.65,205.0
2806,2020/12/30 13:50:00,68.65,68.65,68.65,68.65,44.0
2807,2020/12/30 13:51:00,68.65,68.65,68.6,68.6,3520.0
2808,2020/12/30 13:52:00,68.6,68.7,68.6,68.7,320.0
2809,2020/12/30 13:53:00,68.6,68.7,68.6,68.6,700.0
2810,2020/12/30 13:54:00,68.6,68.75,68.6,68.75,510.0
2811,2020/12/30 13:55:00,68.65,68.65,68.65,68.65,39.0
2812,2020/12/30 13:56:00,68.75,68.75,68.65,68.65,181.0
2813,2020/12/30 13:57:00,68.75,68.75,68.75,68.75,92.0
2814,2020/12/30 13:58:00,68.75,68.75,68.65,68.65,227.0
2815,2020/12/30 14:01:00,68.75,68.75,68.65,68.65,28.0
2816,2020/12/30 14:02:00,68.65,68.65,68.65,68.65,2401.0
2817,2020/12/30 14:03:00,68.75,68.8,68.75,68.8,5207.0
2818,2020/12/30 14:05:00,68.7,68.7,68.7,68.7,100.0
2819,2020/12/30 14:06:00,68.8,68.8,68.8,68.8,976.0
2820,2020/12/30 14:07:00,68.85,68.85,68.8,68.8,1816.0
2821,2020/12/30 14:08:00,68.9,68.9,68.9,68.9,303.0
2822,2020/12/30 14:09:00,68.85,68.9,68.8,68.9,1317.0
2823,2020/12/30 14:10:00,68.9,68.9,68.75,68.75,1105.0
2824,2020/12/30 14:11:00,68.75,68.75,68.75,68.75,250.0
2825,2020/12/30 14:12:00,68.75,68.9,68.75,68.75,1628.0
2826,2020/12/30 14:13:00,68.75,68.75,68.75,68.75,100.0
2827,2020/12/30 14:14:00,68.7,68.75,68.65,68.65,1709.0
2828,2020/12/30 14:15:00,68.75,68.95,68.75,68.95,5793.0
2829,2020/12/30 14:16:00,68.9,68.9,68.85,68.9,1600.0
2830,2020/12/30 14:18:00,68.85,68.9,68.85,68.85,1000.0
2831,2020/12/30 14:19:00,68.85,68.85,68.85,68.85,100.0
2832,2020/12/30 14:20:00,68.85,68.9,68.8,68.8,676.0
2833,2020/12/30 14:21:00,68.9,68.95,68.9,68.9,4813.0
2834,2020/12/30 14:22:00,68.95,68.95,68.9,68.95,2742.0
2835,2020/12/30 14:23:00,68.9,68.95,68.9,68.95,19213.0
2836,2020/12/30 14:24:00,68.95,68.95,68.95,68.95,100.0
2837,2020/12/30 14:25:00,68.95,68.95,68.95,68.95,20.0
2838,2020/12/30 14:26:00,68.95,68.95,68.85,68.85,2260.0
2839,2020/12/30 14:27:00,68.85,68.95,68.85,68.85,474.0
2840,2020/12/30 14:28:00,68.9,68.9,68.85,68.85,605.0
2841,2020/12/30 14:29:00,68.85,68.85,68.8,68.8,1745.0
2842,2020/12/30 14:30:00,68.85,68.85,68.85,68.85,11.0
2843,2020/12/30 14:32:00,68.8,68.85,68.75,68.75,297.0
2844,2020/12/30 14:33:00,68.7,68.75,68.65,68.65,965.0
2845,2020/12/30 14:34:00,68.8,68.85,68.8,68.8,901.0
2846,2020/12/30 14:36:00,68.7,68.75,68.7,68.75,8348.0
2847,2020/12/30 14:37:00,68.8,68.8,68.8,68.8,27.0
2848,2020/12/30 14:38:00,68.8,68.8,68.7,68.75,1336.0
2849,2020/12/30 14:39:00,68.65,68.7,68.6,68.6,2847.0
2850,2020/12/30 14:40:00,68.6,68.75,68.6,68.75,1014.0
2851,2020/12/30 14:42:00,68.75,68.8,68.75,68.8,3478.0
2852,2020/12/30 14:43:00,68.85,68.85,68.7,68.7,326.0
2853,2020/12/30 14:44:00,68.7,68.8,68.7,68.8,101.0
2854,2020/12/30 14:45:00,68.8,68.8,68.8,68.8,868.0
2855,2020/12/30 14:46:00,68.8,68.8,68.8,68.8,42.0
2856,2020/12/30 14:47:00,68.75,68.85,68.75,68.85,2242.0
2857,2020/12/30 14:48:00,68.75,68.75,68.75,68.75,37.0
2858,2020/12/30 14:49:00,68.8,68.8,68.8,68.8,15.0
2859,2020/12/30 14:50:00,68.75,68.75,68.75,68.75,105.0
2860,2020/12/30 14:51:00,68.8,68.8,68.75,68.75,1073.0
2861,2020/12/30 14:52:00,68.75,68.8,68.75,68.75,2627.0
2862,2020/12/30 14:53:00,68.75,68.75,68.75,68.75,520.0
2863,2020/12/30 14:54:00,68.8,68.8,68.75,68.75,117.0
2864,2020/12/30 14:55:00,68.8,68.8,68.8,68.8,1850.0
2865,2020/12/30 14:56:00,68.7,68.7,68.65,68.65,3349.0
2866,2020/12/30 14:57:00,68.65,68.7,68.55,68.55,8946.0
2867,2020/12/30 14:58:00,68.6,68.6,68.6,68.6,70.0
2868,2020/12/30 14:59:00,68.65,68.7,68.6,68.7,764.0
2869,2020/12/30 15:00:00,68.65,68.75,68.6,68.75,91.0
2870,2020/12/30 15:01:00,68.75,68.75,68.6,68.6,179.0
2871,2020/12/30 15:02:00,68.65,68.75,68.65,68.75,2006.0
2872,2020/12/30 15:03:00,68.7,68.8,68.7,68.7,266.0
2873,2020/12/30 15:04:00,68.75,68.75,68.65,68.65,754.0
2874,2020/12/30 15:05:00,68.8,68.8,68.8,68.8,1148.0
2875,2020/12/30 15:06:00,68.8,68.8,68.8,68.8,1581.0
2876,2020/12/30 15:07:00,68.8,68.8,68.75,68.8,6854.0
2877,2020/12/30 15:08:00,68.8,68.85,68.8,68.85,2512.0
2878,2020/12/30 15:09:00,68.8,68.85,68.8,68.8,1025.0
2879,2020/12/30 15:10:00,68.8,68.8,68.7,68.7,4270.0
2880,2020/12/30 15:11:00,68.75,68.75,68.6,68.6,17701.0
2881,2020/12/30 15:12:00,68.6,68.75,68.6,68.75,2430.0
2882,2020/12/30 15:13:00,68.75,68.8,68.7,68.8,4094.0
2883,2020/12/30 15:14:00,68.8,68.8,68.7,68.7,4251.0
2884,2020/12/30 15:15:00,68.8,68.8,68.7,68.7,2432.0
2885,2020/12/30 15:16:00,68.75,68.85,68.75,68.85,4009.0
2886,2020/12/30 15:17:00,68.8,68.9,68.7,68.7,10929.0
2887,2020/12/30 15:18:00,68.65,68.65,68.55,68.55,9299.0
2888,2020/12/30 15:19:00,68.65,68.7,68.6,68.65,4560.0
2889,2020/12/30 15:20:00,68.65,68.7,68.6,68.7,8324.0
2890,2020/12/30 15:21:00,68.65,68.65,68.5,68.6,13268.0
2891,2020/12/30 15:22:00,68.55,68.65,68.55,68.55,4901.0
2892,2020/12/30 15:23:00,68.6,68.6,68.55,68.55,1228.0
2893,2020/12/30 15:24:00,68.6,68.6,68.55,68.55,2508.0
2894,2020/12/30 15:25:00,68.55,68.6,68.55,68.55,2035.0
2895,2020/12/30 15:26:00,68.6,68.95,68.55,68.95,17840.0
2896,2020/12/30 15:27:00,68.95,68.95,68.55,68.7,13497.0
2897,2020/12/30 15:28:00,68.65,68.7,68.5,68.55,8441.0
2898,2020/12/30 15:29:00,68.55,68.7,68.55,68.6,2382.0
2899,2020/12/30 15:30:00,68.6,68.6,68.6,68.6,115.0
2900,2020/12/30 15:40:00,68.7,68.7,68.7,68.7,28.0
2901,2020/12/30 15:44:00,68.7,68.7,68.7,68.7,300.0
2902,2020/12/30 15:53:00,68.7,68.7,68.6,68.7,10005.0
2903,2020/12/30 15:54:00,68.7,68.7,68.7,68.7,1000.0
2904,2020/12/30 15:56:00,68.7,68.7,68.7,68.7,10.0
2905,2020/12/30 15:59:00,68.7,68.7,68.7,68.7,10.0
2906,2020/12/31 09:07:00,69.0,69.0,69.0,69.0,2317.0
2907,2020/12/31 09:15:00,68.7,68.85,68.65,68.85,2102.0
2908,2020/12/31 09:16:00,68.65,68.65,68.65,68.65,733.0
2909,2020/12/31 09:17:00,68.7,69.45,68.65,69.15,27385.0
2910,2020/12/31 09:18:00,69.1,69.1,69.0,69.0,419.0
2911,2020/12/31 09:19:00,68.95,68.95,68.75,68.75,765.0
2912,2020/12/31 09:20:00,68.95,68.95,68.85,68.95,4493.0
2913,2020/12/31 09:21:00,68.95,69.1,68.85,68.85,5873.0
2914,2020/12/31 09:22:00,68.85,68.85,68.75,68.8,2440.0
2915,2020/12/31 09:23:00,68.75,68.85,68.75,68.85,1758.0
2916,2020/12/31 09:24:00,68.85,69.2,68.8,69.2,13532.0
2917,2020/12/31 09:25:00,69.25,69.35,69.25,69.25,4566.0
2918,2020/12/31 09:26:00,69.15,69.35,69.1,69.3,18964.0
2919,2020/12/31 09:27:00,69.3,69.3,69.0,69.05,16272.0
2920,2020/12/31 09:28:00,68.95,68.95,68.85,68.9,17147.0
2921,2020/12/31 09:29:00,68.85,68.9,68.8,68.8,3213.0
2922,2020/12/31 09:30:00,68.8,68.95,68.8,68.95,1100.0
2923,2020/12/31 09:31:00,69.0,69.0,68.85,68.85,1455.0
2924,2020/12/31 09:32:00,68.85,68.85,68.55,68.7,13773.0
2925,2020/12/31 09:33:00,68.7,68.7,68.55,68.55,1600.0
2926,2020/12/31 09:34:00,68.7,68.7,68.4,68.5,12327.0
2927,2020/12/31 09:35:00,68.6,68.7,68.6,68.7,4677.0
2928,2020/12/31 09:36:00,68.6,68.6,68.55,68.55,290.0
2929,2020/12/31 09:37:00,68.65,68.65,68.65,68.65,100.0
2930,2020/12/31 09:38:00,68.7,68.7,68.7,68.7,50.0
2931,2020/12/31 09:39:00,68.6,68.6,68.6,68.6,108.0
2932,2020/12/31 09:40:00,68.7,68.7,68.6,68.7,1557.0
2933,2020/12/31 09:41:00,68.65,68.7,68.6,68.7,2300.0
2934,2020/12/31 09:42:00,68.6,68.7,68.6,68.7,446.0
2935,2020/12/31 09:43:00,68.7,68.75,68.6,68.7,1454.0
2936,2020/12/31 09:45:00,68.7,68.75,68.7,68.75,317.0
2937,2020/12/31 09:46:00,68.8,68.9,68.8,68.9,2268.0
2938,2020/12/31 09:47:00,68.9,68.9,68.7,68.7,1347.0
2939,2020/12/31 09:48:00,68.8,68.8,68.7,68.7,432.0
2940,2020/12/31 09:49:00,68.8,68.8,68.75,68.75,1100.0
2941,2020/12/31 09:50:00,68.8,68.8,68.8,68.8,40.0
2942,2020/12/31 09:51:00,68.8,68.8,68.8,68.8,1.0
2943,2020/12/31 09:52:00,68.75,68.75,68.7,68.7,4835.0
2944,2020/12/31 09:53:00,68.7,68.75,68.7,68.75,305.0
2945,2020/12/31 09:54:00,68.7,68.9,68.7,68.9,8110.0
2946,2020/12/31 09:55:00,68.75,68.9,68.75,68.9,1321.0
2947,2020/12/31 09:56:00,68.9,68.95,68.85,68.85,959.0
2948,2020/12/31 09:57:00,69.0,69.0,68.75,68.75,6000.0
2949,2020/12/31 09:58:00,68.95,68.95,68.95,68.95,313.0
2950,2020/12/31 09:59:00,69.0,69.15,69.0,69.0,7879.0
2951,2020/12/31 10:00:00,69.0,69.25,69.0,69.15,16932.0
2952,2020/12/31 10:01:00,69.15,69.15,69.1,69.1,475.0
2953,2020/12/31 10:02:00,69.1,69.1,68.9,69.0,19077.0
2954,2020/12/31 10:03:00,69.1,69.1,69.0,69.05,3552.0
2955,2020/12/31 10:04:00,69.2,69.2,69.0,69.0,9700.0
2956,2020/12/31 10:05:00,69.1,69.1,69.1,69.1,39.0
2957,2020/12/31 10:06:00,69.05,69.15,69.05,69.15,792.0
2958,2020/12/31 10:07:00,69.15,69.15,68.85,68.85,25923.0
2959,2020/12/31 10:08:00,68.8,68.9,68.8,68.8,1706.0
2960,2020/12/31 10:09:00,68.7,68.9,68.7,68.85,3101.0
2961,2020/12/31 10:10:00,68.85,68.85,68.85,68.85,500.0
2962,2020/12/31 10:11:00,68.75,68.75,68.75,68.75,287.0
2963,2020/12/31 10:12:00,68.75,69.0,68.75,69.0,1775.0
2964,2020/12/31 10:13:00,69.0,69.0,68.95,69.0,2636.0
2965,2020/12/31 10:14:00,69.15,69.15,69.0,69.1,486.0
2966,2020/12/31 10:15:00,69.15,69.15,69.0,69.1,180.0
2967,2020/12/31 10:16:00,68.9,69.0,68.8,69.0,17035.0
2968,2020/12/31 10:17:00,69.1,69.1,69.05,69.1,609.0
2969,2020/12/31 10:18:00,69.1,69.1,69.0,69.1,1503.0
2970,2020/12/31 10:19:00,69.1,69.1,69.1,69.1,18.0
2971,2020/12/31 10:20:00,69.1,69.1,69.1,69.1,4.0
2972,2020/12/31 10:21:00,69.1,69.1,69.0,69.1,555.0
2973,2020/12/31 10:22:00,69.0,69.0,69.0,69.0,144.0
2974,2020/12/31 10:23:00,69.0,69.0,69.0,69.0,5.0
2975,2020/12/31 10:24:00,69.0,69.1,69.0,69.1,405.0
2976,2020/12/31 10:25:00,69.05,69.1,69.0,69.1,396.0
2977,2020/12/31 10:26:00,69.1,69.1,69.1,69.1,3018.0
2978,2020/12/31 10:27:00,69.0,69.0,69.0,69.0,1887.0
2979,2020/12/31 10:28:00,69.1,69.1,69.0,69.0,42.0
2980,2020/12/31 10:29:00,69.0,69.1,69.0,69.1,21.0
2981,2020/12/31 10:30:00,69.1,69.1,69.1,69.1,250.0
2982,2020/12/31 10:31:00,69.05,69.1,69.0,69.05,10809.0
2983,2020/12/31 10:32:00,69.15,69.15,68.9,68.9,10031.0
2984,2020/12/31 10:33:00,69.0,69.0,69.0,69.0,105.0
2985,2020/12/31 10:35:00,68.85,68.95,68.8,68.8,1400.0
2986,2020/12/31 10:36:00,68.8,68.8,68.8,68.8,550.0
2987,2020/12/31 10:37:00,68.85,68.9,68.85,68.9,700.0
2988,2020/12/31 10:39:00,68.9,68.95,68.9,68.95,950.0
2989,2020/12/31 10:40:00,68.95,68.95,68.95,68.95,205.0
2990,2020/12/31 10:42:00,69.0,69.0,68.9,68.9,1381.0
2991,2020/12/31 10:43:00,69.0,69.0,69.0,69.0,10323.0
2992,2020/12/31 10:44:00,69.0,69.35,69.0,69.2,16194.0
2993,2020/12/31 10:45:00,69.15,69.2,69.15,69.2,734.0
2994,2020/12/31 10:46:00,68.95,69.05,68.95,69.05,1506.0
2995,2020/12/31 10:47:00,69.05,69.05,69.05,69.05,120.0
2996,2020/12/31 10:48:00,69.0,69.0,69.0,69.0,3500.0
2997,2020/12/31 10:49:00,69.0,69.0,69.0,69.0,225.0
2998,2020/12/31 10:50:00,69.0,69.0,69.0,69.0,275.0
2999,2020/12/31 10:51:00,69.05,69.05,68.95,68.95,65.0
3000,2020/12/31 10:52:00,68.95,69.0,68.9,69.0,521.0
3001,2020/12/31 10:53:00,68.85,69.0,68.85,69.0,2430.0
3002,2020/12/31 10:54:00,69.0,69.0,68.9,68.9,545.0
3003,2020/12/31 10:55:00,68.9,68.9,68.85,68.85,2700.0
3004,2020/12/31 10:56:00,68.9,68.9,68.85,68.85,875.0
3005,2020/12/31 10:57:00,68.85,68.9,68.8,68.85,1028.0
3006,2020/12/31 10:58:00,68.8,68.85,68.8,68.85,302.0
3007,2020/12/31 10:59:00,68.8,68.85,68.65,68.65,5148.0
3008,2020/12/31 11:00:00,68.7,68.7,68.7,68.7,1079.0
3009,2020/12/31 11:01:00,68.7,68.7,68.65,68.7,726.0
3010,2020/12/31 11:02:00,68.7,68.8,68.65,68.8,608.0
3011,2020/12/31 11:03:00,68.8,68.8,68.8,68.8,3.0
3012,2020/12/31 11:04:00,68.8,68.8,68.8,68.8,235.0
3013,2020/12/31 11:05:00,68.8,68.8,68.8,68.8,476.0
3014,2020/12/31 11:06:00,68.8,68.8,68.8,68.8,5.0
3015,2020/12/31 11:07:00,68.8,68.8,68.75,68.75,1136.0
3016,2020/12/31 11:08:00,68.8,68.85,68.8,68.85,454.0
3017,2020/12/31 11:11:00,68.85,68.85,68.85,68.85,4.0
3018,2020/12/31 11:12:00,68.85,68.85,68.85,68.85,105.0
3019,2020/12/31 11:13:00,68.85,68.85,68.8,68.8,765.0
3020,2020/12/31 11:14:00,68.75,68.75,68.75,68.75,261.0
3021,2020/12/31 11:16:00,68.9,68.9,68.85,68.9,3009.0
3022,2020/12/31 11:17:00,68.9,69.05,68.9,69.0,2798.0
3023,2020/12/31 11:18:00,69.05,69.05,69.0,69.0,105.0
3024,2020/12/31 11:19:00,69.05,69.05,69.0,69.0,194.0
3025,2020/12/31 11:20:00,69.05,69.2,69.05,69.1,9267.0
3026,2020/12/31 11:21:00,69.1,69.1,69.05,69.05,1590.0
3027,2020/12/31 11:22:00,69.1,69.1,69.1,69.1,100.0
3028,2020/12/31 11:25:00,69.05,69.05,69.05,69.05,9.0
3029,2020/12/31 11:26:00,69.05,69.05,69.05,69.05,2.0
3030,2020/12/31 11:27:00,69.0,69.05,69.0,69.05,65.0
3031,2020/12/31 11:28:00,69.1,69.15,69.05,69.05,9903.0
3032,2020/12/31 11:29:00,69.1,69.1,69.05,69.05,105.0
3033,2020/12/31 11:30:00,69.1,69.1,69.05,69.05,36.0
3034,2020/12/31 11:33:00,69.05,69.05,69.05,69.05,1360.0
3035,2020/12/31 11:34:00,69.1,69.1,69.1,69.1,2.0
3036,2020/12/31 11:35:00,69.1,69.1,69.05,69.1,390.0
3037,2020/12/31 11:36:00,69.1,69.1,69.0,69.0,406.0
3038,2020/12/31 11:37:00,69.0,69.1,69.0,69.1,210.0
3039,2020/12/31 11:38:00,69.0,69.0,69.0,69.0,100.0
3040,2020/12/31 11:39:00,69.0,69.0,69.0,69.0,107.0
3041,2020/12/31 11:40:00,69.1,69.1,69.1,69.1,10.0
3042,2020/12/31 11:41:00,69.0,69.1,69.0,69.0,1700.0
3043,2020/12/31 11:42:00,69.0,69.1,69.0,69.1,19.0
3044,2020/12/31 11:43:00,69.0,69.05,69.0,69.0,412.0
3045,2020/12/31 11:44:00,69.05,69.05,69.0,69.0,11.0
3046,2020/12/31 11:46:00,69.1,69.1,69.1,69.1,700.0
3047,2020/12/31 11:47:00,69.1,69.1,69.1,69.1,1.0
3048,2020/12/31 11:48:00,69.0,69.05,69.0,69.05,1020.0
3049,2020/12/31 11:49:00,69.0,69.0,69.0,69.0,1544.0
3050,2020/12/31 11:50:00,69.0,69.0,68.95,68.95,103.0
3051,2020/12/31 11:52:00,68.9,68.9,68.9,68.9,200.0
3052,2020/12/31 11:53:00,68.9,68.9,68.85,68.85,3550.0
3053,2020/12/31 11:54:00,68.9,68.9,68.85,68.85,150.0
3054,2020/12/31 11:55:00,68.95,68.95,68.95,68.95,30.0
3055,2020/12/31 11:56:00,68.9,68.9,68.9,68.9,30.0
3056,2020/12/31 11:57:00,68.85,68.85,68.85,68.85,100.0
3057,2020/12/31 11:58:00,68.85,68.9,68.85,68.9,4782.0
3058,2020/12/31 11:59:00,68.9,68.95,68.9,68.95,200.0
3059,2020/12/31 12:01:00,68.85,68.85,68.85,68.85,100.0
3060,2020/12/31 12:02:00,68.85,68.85,68.85,68.85,1503.0
3061,2020/12/31 12:03:00,68.9,68.9,68.9,68.9,10.0
3062,2020/12/31 12:04:00,68.85,68.85,68.75,68.75,800.0
3063,2020/12/31 12:05:00,68.9,68.9,68.75,68.75,2535.0
3064,2020/12/31 12:06:00,68.75,68.75,68.75,68.75,250.0
3065,2020/12/31 12:07:00,68.85,68.85,68.8,68.8,1580.0
3066,2020/12/31 12:08:00,68.85,68.9,68.8,68.8,2055.0
3067,2020/12/31 12:09:00,68.9,68.95,68.8,68.8,2016.0
3068,2020/12/31 12:10:00,69.0,69.0,69.0,69.0,4000.0
3069,2020/12/31 12:12:00,68.85,68.85,68.85,68.85,500.0
3070,2020/12/31 12:14:00,68.85,68.85,68.85,68.85,349.0
3071,2020/12/31 12:15:00,68.85,69.0,68.85,69.0,1157.0
3072,2020/12/31 12:16:00,68.85,68.85,68.85,68.85,100.0
3073,2020/12/31 12:17:00,68.85,69.0,68.8,69.0,11196.0
3074,2020/12/31 12:18:00,68.85,68.85,68.8,68.8,324.0
3075,2020/12/31 12:19:00,68.8,68.8,68.75,68.75,2710.0
3076,2020/12/31 12:20:00,68.85,68.85,68.75,68.75,2453.0
3077,2020/12/31 12:21:00,68.75,68.85,68.75,68.85,1605.0
3078,2020/12/31 12:22:00,68.75,68.9,68.75,68.9,220.0
3079,2020/12/31 12:23:00,68.9,68.9,68.9,68.9,130.0
3080,2020/12/31 12:24:00,68.9,68.9,68.8,68.8,290.0
3081,2020/12/31 12:27:00,68.8,68.8,68.8,68.8,55.0
3082,2020/12/31 12:28:00,68.75,68.75,68.75,68.75,25.0
3083,2020/12/31 12:29:00,68.75,68.75,68.75,68.75,500.0
3084,2020/12/31 12:30:00,68.8,68.8,68.75,68.75,1733.0
3085,2020/12/31 12:31:00,68.75,68.75,68.75,68.75,7.0
3086,2020/12/31 12:32:00,68.8,68.8,68.75,68.75,626.0
3087,2020/12/31 12:33:00,68.8,68.9,68.8,68.9,1740.0
3088,2020/12/31 12:34:00,68.95,68.95,68.8,68.8,918.0
3089,2020/12/31 12:36:00,68.8,68.8,68.7,68.7,2504.0
3090,2020/12/31 12:37:00,68.85,68.85,68.75,68.75,1239.0
3091,2020/12/31 12:38:00,68.8,68.9,68.8,68.9,1094.0
3092,2020/12/31 12:39:00,68.8,68.9,68.8,68.9,351.0
3093,2020/12/31 12:44:00,68.85,68.85,68.8,68.8,305.0
3094,2020/12/31 12:45:00,68.85,68.85,68.85,68.85,100.0
3095,2020/12/31 12:47:00,68.75,68.8,68.75,68.8,800.0
3096,2020/12/31 12:49:00,68.85,68.85,68.85,68.85,14.0
3097,2020/12/31 12:50:00,68.85,68.85,68.8,68.8,450.0
3098,2020/12/31 12:51:00,68.75,68.75,68.75,68.75,1066.0
3099,2020/12/31 12:52:00,68.75,68.75,68.5,68.6,13206.0
3100,2020/12/31 12:53:00,68.75,68.75,68.75,68.75,40.0
3101,2020/12/31 12:54:00,68.75,68.75,68.75,68.75,143.0
3102,2020/12/31 12:55:00,68.8,68.8,68.8,68.8,2.0
3103,2020/12/31 12:56:00,68.7,68.8,68.7,68.8,300.0
3104,2020/12/31 12:58:00,68.7,68.7,68.7,68.7,100.0
3105,2020/12/31 12:59:00,68.8,68.85,68.75,68.85,110.0
3106,2020/12/31 13:00:00,68.75,68.8,68.75,68.8,1766.0
3107,2020/12/31 13:01:00,68.75,68.75,68.75,68.75,60.0
3108,2020/12/31 13:02:00,68.75,68.75,68.65,68.65,782.0
3109,2020/12/31 13:03:00,68.65,68.65,68.5,68.5,9509.0
3110,2020/12/31 13:04:00,68.5,68.7,68.45,68.45,7760.0
3111,2020/12/31 13:05:00,68.45,68.55,68.45,68.45,7829.0
3112,2020/12/31 13:06:00,68.5,68.5,68.35,68.45,4553.0
3113,2020/12/31 13:07:00,68.45,68.45,68.35,68.45,94.0
3114,2020/12/31 13:08:00,68.45,68.45,68.45,68.45,175.0
3115,2020/12/31 13:09:00,68.5,68.65,68.5,68.65,2000.0
3116,2020/12/31 13:10:00,68.55,68.65,68.55,68.6,346.0
3117,2020/12/31 13:11:00,68.6,68.65,68.6,68.65,52.0
3118,2020/12/31 13:12:00,68.55,68.55,68.55,68.55,582.0
3119,2020/12/31 13:13:00,68.6,68.6,68.6,68.6,163.0
3120,2020/12/31 13:14:00,68.6,68.6,68.6,68.6,45.0
3121,2020/12/31 13:15:00,68.65,68.7,68.65,68.7,2054.0
3122,2020/12/31 13:16:00,68.65,68.75,68.6,68.75,316.0
3123,2020/12/31 13:17:00,68.75,68.75,68.6,68.6,3023.0
3124,2020/12/31 13:18:00,68.7,68.7,68.55,68.65,418.0
3125,2020/12/31 13:19:00,68.7,68.7,68.55,68.55,20.0
3126,2020/12/31 13:20:00,68.65,68.7,68.55,68.6,2601.0
3127,2020/12/31 13:21:00,68.65,68.65,68.6,68.6,69.0
3128,2020/12/31 13:22:00,68.65,68.65,68.6,68.6,23.0
3129,2020/12/31 13:23:00,68.65,68.65,68.6,68.6,1019.0
3130,2020/12/31 13:24:00,68.6,68.6,68.55,68.55,118.0
3131,2020/12/31 13:25:00,68.6,68.6,68.6,68.6,19.0
3132,2020/12/31 13:26:00,68.6,68.6,68.55,68.55,118.0
3133,2020/12/31 13:27:00,68.55,68.6,68.55,68.6,945.0
3134,2020/12/31 13:28:00,68.65,68.7,68.6,68.7,1081.0
3135,2020/12/31 13:29:00,68.75,68.75,68.7,68.75,222.0
3136,2020/12/31 13:30:00,68.75,68.8,68.75,68.75,971.0
3137,2020/12/31 13:31:00,68.8,68.8,68.75,68.75,346.0
3138,2020/12/31 13:32:00,68.8,68.85,68.75,68.75,339.0
3139,2020/12/31 13:33:00,68.85,68.85,68.75,68.75,668.0
3140,2020/12/31 13:34:00,68.8,68.8,68.8,68.8,49.0
3141,2020/12/31 13:35:00,68.65,68.65,68.65,68.65,150.0
3142,2020/12/31 13:37:00,68.8,68.8,68.8,68.8,5.0
3143,2020/12/31 13:38:00,68.65,68.75,68.65,68.75,1025.0
3144,2020/12/31 13:39:00,68.65,68.65,68.65,68.65,1.0
3145,2020/12/31 13:40:00,68.65,68.75,68.65,68.75,60.0
3146,2020/12/31 13:41:00,68.65,68.65,68.6,68.6,1784.0
3147,2020/12/31 13:42:00,68.7,68.7,68.6,68.6,60.0
3148,2020/12/31 13:44:00,68.6,68.6,68.6,68.6,800.0
3149,2020/12/31 13:45:00,68.6,68.6,68.6,68.6,153.0
3150,2020/12/31 13:47:00,68.65,68.65,68.65,68.65,106.0
3151,2020/12/31 13:48:00,68.65,68.65,68.65,68.65,34.0
3152,2020/12/31 13:49:00,68.6,68.65,68.55,68.65,528.0
3153,2020/12/31 13:50:00,68.65,68.65,68.65,68.65,8.0
3154,2020/12/31 13:51:00,68.65,68.65,68.55,68.65,1384.0
3155,2020/12/31 13:52:00,68.7,68.7,68.55,68.65,792.0
3156,2020/12/31 13:53:00,68.65,68.65,68.65,68.65,8.0
3157,2020/12/31 13:54:00,68.65,68.8,68.65,68.8,5854.0
3158,2020/12/31 13:55:00,68.7,68.8,68.7,68.8,58.0
3159,2020/12/31 13:56:00,68.75,68.85,68.75,68.85,492.0
3160,2020/12/31 13:57:00,68.7,68.85,68.7,68.85,1009.0
3161,2020/12/31 13:58:00,68.8,68.8,68.7,68.7,408.0
3162,2020/12/31 13:59:00,68.8,68.8,68.8,68.8,8.0
3163,2020/12/31 14:00:00,68.8,68.8,68.7,68.7,707.0
3164,2020/12/31 14:01:00,68.8,68.8,68.8,68.8,8.0
3165,2020/12/31 14:02:00,68.7,68.75,68.7,68.75,1046.0
3166,2020/12/31 14:03:00,68.65,68.75,68.65,68.75,58.0
3167,2020/12/31 14:04:00,68.75,68.75,68.6,68.6,6564.0
3168,2020/12/31 14:05:00,68.6,68.6,68.6,68.6,885.0
3169,2020/12/31 14:06:00,68.65,68.65,68.65,68.65,885.0
3170,2020/12/31 14:07:00,68.7,68.8,68.7,68.8,1154.0
3171,2020/12/31 14:08:00,68.8,68.8,68.8,68.8,105.0
3172,2020/12/31 14:09:00,68.75,68.75,68.75,68.75,146.0
3173,2020/12/31 14:10:00,68.75,68.75,68.65,68.7,6599.0
3174,2020/12/31 14:11:00,68.65,68.65,68.6,68.65,2647.0
3175,2020/12/31 14:12:00,68.6,68.75,68.6,68.75,21.0
3176,2020/12/31 14:13:00,68.7,68.7,68.6,68.6,895.0
3177,2020/12/31 14:15:00,68.65,68.65,68.65,68.65,1745.0
3178,2020/12/31 14:16:00,68.6,68.6,68.6,68.6,1.0
3179,2020/12/31 14:17:00,68.6,68.6,68.6,68.6,3.0
3180,2020/12/31 14:18:00,68.7,68.7,68.7,68.7,25.0
3181,2020/12/31 14:19:00,68.7,68.7,68.6,68.6,222.0
3182,2020/12/31 14:20:00,68.7,68.7,68.7,68.7,200.0
3183,2020/12/31 14:21:00,68.5,68.5,68.5,68.5,8821.0
3184,2020/12/31 14:22:00,68.5,68.55,68.45,68.55,2598.0
3185,2020/12/31 14:23:00,68.45,68.55,68.45,68.55,328.0
3186,2020/12/31 14:24:00,68.45,68.45,68.45,68.45,100.0
3187,2020/12/31 14:25:00,68.45,68.45,68.45,68.45,502.0
3188,2020/12/31 14:26:00,68.45,68.5,68.45,68.5,6.0
3189,2020/12/31 14:27:00,68.5,68.5,68.45,68.5,1161.0
3190,2020/12/31 14:28:00,68.45,68.45,68.35,68.35,2405.0
3191,2020/12/31 14:29:00,68.4,68.4,68.3,68.35,2469.0
3192,2020/12/31 14:30:00,68.4,68.4,68.35,68.35,1422.0
3193,2020/12/31 14:31:00,68.3,68.35,68.0,68.0,50673.0
3194,2020/12/31 14:32:00,68.15,68.4,68.0,68.15,17496.0
3195,2020/12/31 14:33:00,68.3,68.35,68.15,68.25,2043.0
3196,2020/12/31 14:34:00,68.3,68.35,68.2,68.2,1676.0
3197,2020/12/31 14:35:00,68.3,68.3,68.2,68.25,32.0
3198,2020/12/31 14:36:00,68.25,68.5,68.25,68.5,6175.0
3199,2020/12/31 14:37:00,68.5,68.5,68.5,68.5,1313.0
3200,2020/12/31 14:38:00,68.45,68.5,68.45,68.5,2954.0
3201,2020/12/31 14:40:00,68.5,68.5,68.45,68.45,659.0
3202,2020/12/31 14:41:00,68.5,68.5,68.45,68.45,1048.0
3203,2020/12/31 14:42:00,68.5,68.5,68.5,68.5,100.0
3204,2020/12/31 14:43:00,68.5,68.5,68.3,68.3,3224.0
3205,2020/12/31 14:44:00,68.35,68.35,68.3,68.3,120.0
3206,2020/12/31 14:45:00,68.3,68.4,68.3,68.4,2517.0
3207,2020/12/31 14:46:00,68.4,68.4,68.3,68.3,2306.0
3208,2020/12/31 14:47:00,68.3,68.3,68.3,68.3,2368.0
3209,2020/12/31 14:48:00,68.3,68.3,68.25,68.3,3131.0
3210,2020/12/31 14:49:00,68.2,68.2,68.2,68.2,2354.0
3211,2020/12/31 14:50:00,68.25,68.4,68.25,68.4,2367.0
3212,2020/12/31 14:52:00,68.3,68.4,68.3,68.3,40.0
3213,2020/12/31 14:53:00,68.35,68.35,68.3,68.3,880.0
3214,2020/12/31 14:54:00,68.3,68.3,68.3,68.3,879.0
3215,2020/12/31 14:55:00,68.35,68.35,68.25,68.25,962.0
3216,2020/12/31 14:56:00,68.3,68.3,68.15,68.15,11289.0
3217,2020/12/31 14:57:00,68.15,68.15,68.1,68.1,1043.0
3218,2020/12/31 14:58:00,68.2,68.2,68.1,68.1,1146.0
3219,2020/12/31 14:59:00,68.1,68.1,68.1,68.1,1180.0
3220,2020/12/31 15:00:00,68.15,68.15,68.1,68.1,2529.0
3221,2020/12/31 15:01:00,68.1,68.15,68.1,68.15,1167.0
3222,2020/12/31 15:02:00,68.15,68.15,68.1,68.1,3127.0
3223,2020/12/31 15:03:00,68.1,68.2,68.1,68.2,2226.0
3224,2020/12/31 15:04:00,68.1,68.2,68.1,68.2,1582.0
3225,2020/12/31 15:05:00,68.2,68.2,68.15,68.15,3439.0
3226,2020/12/31 15:06:00,68.15,68.2,68.15,68.2,1660.0
3227,2020/12/31 15:07:00,68.2,68.25,68.2,68.25,128.0
3228,2020/12/31 15:08:00,68.2,68.2,68.1,68.15,3972.0
3229,2020/12/31 15:09:00,68.15,68.2,68.1,68.2,6086.0
3230,2020/12/31 15:10:00,68.15,68.15,68.1,68.1,5415.0
3231,2020/12/31 15:11:00,68.1,68.1,67.8,67.8,36876.0
3232,2020/12/31 15:12:00,67.8,67.8,67.65,67.65,11657.0
3233,2020/12/31 15:13:00,67.65,67.8,67.6,67.7,3345.0
3234,2020/12/31 15:14:00,67.65,67.7,67.6,67.65,1964.0
3235,2020/12/31 15:15:00,67.65,67.75,67.65,67.7,8141.0
3236,2020/12/31 15:16:00,67.7,67.7,67.6,67.65,59621.0
3237,2020/12/31 15:17:00,67.65,67.7,67.65,67.7,5644.0
3238,2020/12/31 15:18:00,67.65,67.7,67.65,67.65,9147.0
3239,2020/12/31 15:19:00,67.65,67.85,67.65,67.75,4872.0
3240,2020/12/31 15:20:00,67.8,67.8,67.7,67.7,3387.0
3241,2020/12/31 15:21:00,67.7,67.7,67.6,67.65,14410.0
3242,2020/12/31 15:22:00,67.65,67.7,67.65,67.65,798.0
3243,2020/12/31 15:23:00,67.65,67.85,67.65,67.8,11285.0
3244,2020/12/31 15:24:00,67.8,67.85,67.75,67.8,4991.0
3245,2020/12/31 15:25:00,67.85,67.85,67.8,67.8,2515.0
3246,2020/12/31 15:26:00,67.8,67.85,67.75,67.85,4285.0
3247,2020/12/31 15:27:00,67.9,67.9,67.8,67.8,7567.0
3248,2020/12/31 15:28:00,67.85,67.9,67.8,67.9,3489.0
3249,2020/12/31 15:29:00,67.85,67.9,67.8,67.85,14796.0
3250,2020/12/31 15:30:00,67.85,67.85,67.85,67.85,1126.0
3251,2020/12/31 15:41:00,67.8,67.8,67.8,67.8,250.0
3252,2020/12/31 15:42:00,67.8,67.8,67.8,67.8,115.0
3253,2020/12/31 15:43:00,67.8,67.8,67.8,67.8,110.0
3254,2020/12/31 15:44:00,67.8,67.85,67.8,67.8,5047.0
3255,2020/12/31 15:46:00,67.8,67.8,67.8,67.8,150.0
3256,2020/12/31 15:47:00,67.8,67.8,67.8,67.8,10.0
3257,2020/12/31 15:49:00,67.8,67.8,67.8,67.8,1000.0
3258,2021/01/01 09:07:00,67.8,67.8,67.8,67.8,2287.0
3259,2021/01/01 09:15:00,68.1,68.25,68.0,68.05,14096.0
3260,2021/01/01 09:16:00,68.1,68.25,68.1,68.25,1660.0
3261,2021/01/01 09:17:00,68.2,68.25,68.15,68.2,5315.0
3262,2021/01/01 09:18:00,68.25,68.4,68.25,68.25,9135.0
3263,2021/01/01 09:19:00,68.3,68.4,68.2,68.4,1113.0
3264,2021/01/01 09:20:00,68.35,68.35,68.25,68.3,1472.0
3265,2021/01/01 09:21:00,68.3,68.4,68.3,68.4,30270.0
3266,2021/01/01 09:22:00,68.3,68.4,68.3,68.3,1158.0
3267,2021/01/01 09:23:00,68.35,68.5,68.35,68.45,2510.0
3268,2021/01/01 09:24:00,68.45,68.45,68.35,68.4,15510.0
3269,2021/01/01 09:25:00,68.4,68.4,68.4,68.4,10.0
3270,2021/01/01 09:26:00,68.3,68.4,68.3,68.35,388.0
3271,2021/01/01 09:27:00,68.4,68.4,68.4,68.4,40.0
3272,2021/01/01 09:28:00,68.35,68.35,68.15,68.2,4653.0
3273,2021/01/01 09:29:00,68.25,68.25,68.15,68.15,5724.0
3274,2021/01/01 09:30:00,68.1,68.15,68.1,68.15,1303.0
3275,2021/01/01 09:31:00,68.1,68.2,68.1,68.2,1501.0
3276,2021/01/01 09:32:00,68.25,68.25,68.1,68.25,1110.0
3277,2021/01/01 09:33:00,68.05,68.1,67.95,67.95,19489.0
3278,2021/01/01 09:34:00,67.95,68.0,67.9,68.0,4391.0
3279,2021/01/01 09:35:00,68.0,68.15,67.95,68.15,3817.0
3280,2021/01/01 09:36:00,68.0,68.1,68.0,68.0,2070.0
3281,2021/01/01 09:37:00,67.95,68.0,67.8,67.8,14669.0
3282,2021/01/01 09:38:00,67.8,67.95,67.8,67.95,3638.0
3283,2021/01/01 09:39:00,67.95,68.0,67.8,67.9,6233.0
3284,2021/01/01 09:40:00,67.9,68.0,67.9,68.0,8044.0
3285,2021/01/01 09:41:00,68.0,68.0,67.95,68.0,2845.0
3286,2021/01/01 09:42:00,68.0,68.0,67.9,67.9,2504.0
3287,2021/01/01 09:43:00,68.0,68.0,67.85,67.85,1501.0
3288,2021/01/01 09:44:00,67.8,68.0,67.8,68.0,11294.0
3289,2021/01/01 09:45:00,68.0,68.0,67.9,67.9,625.0
3290,2021/01/01 09:46:00,67.9,67.9,67.9,67.9,4427.0
3291,2021/01/01 09:47:00,67.85,67.9,67.85,67.85,851.0
3292,2021/01/01 09:48:00,67.9,67.9,67.9,67.9,1299.0
3293,2021/01/01 09:49:00,68.0,68.0,68.0,68.0,100.0
3294,2021/01/01 09:50:00,68.0,68.0,67.9,67.9,1195.0
3295,2021/01/01 09:51:00,67.9,68.0,67.9,68.0,450.0
3296,2021/01/01 09:52:00,68.0,68.0,68.0,68.0,1738.0
3297,2021/01/01 09:53:00,68.0,68.0,68.0,68.0,2.0
3298,2021/01/01 09:54:00,67.95,67.95,67.9,67.9,1115.0
3299,2021/01/01 09:55:00,68.0,68.0,67.95,67.95,4312.0
3300,2021/01/01 09:56:00,68.0,68.0,67.95,68.0,645.0
3301,2021/01/01 09:57:00,68.0,68.0,68.0,68.0,583.0
3302,2021/01/01 09:58:00,67.95,68.0,67.95,68.0,1490.0
3303,2021/01/01 09:59:00,68.0,68.0,68.0,68.0,804.0
3304,2021/01/01 10:00:00,67.95,67.95,67.95,67.95,1500.0
3305,2021/01/01 10:01:00,68.0,68.0,68.0,68.0,257.0
3306,2021/01/01 10:02:00,68.0,68.0,67.9,67.9,6446.0
3307,2021/01/01 10:03:00,67.95,68.0,67.9,67.9,402.0
3308,2021/01/01 10:04:00,68.0,68.0,68.0,68.0,200.0
3309,2021/01/01 10:05:00,67.95,68.0,67.95,68.0,39.0
3310,2021/01/01 10:06:00,68.0,68.0,68.0,68.0,1187.0
3311,2021/01/01 10:07:00,67.9,67.9,67.9,67.9,60.0
3312,2021/01/01 10:08:00,68.0,68.0,68.0,68.0,35.0
3313,2021/01/01 10:09:00,68.0,68.0,67.95,67.95,70.0
3314,2021/01/01 10:10:00,68.0,68.0,67.95,67.95,233.0
3315,2021/01/01 10:11:00,67.95,67.95,67.9,67.9,600.0
3316,2021/01/01 10:12:00,67.95,67.95,67.95,67.95,2451.0
3317,2021/01/01 10:13:00,67.9,67.9,67.9,67.9,1000.0
3318,2021/01/01 10:14:00,67.9,67.9,67.9,67.9,1.0
3319,2021/01/01 10:15:00,67.9,68.0,67.9,68.0,10025.0
3320,2021/01/01 10:16:00,68.0,68.0,67.85,67.85,17532.0
3321,2021/01/01 10:18:00,67.85,67.85,67.85,67.85,90.0
3322,2021/01/01 10:19:00,67.95,67.95,67.95,67.95,503.0
3323,2021/01/01 10:20:00,67.95,67.95,67.95,67.95,701.0
3324,2021/01/01 10:21:00,68.0,68.0,67.95,67.95,1100.0
3325,2021/01/01 10:23:00,68.0,68.0,68.0,68.0,900.0
3326,2021/01/01 10:24:00,68.0,68.0,67.95,67.95,200.0
3327,2021/01/01 10:25:00,67.95,67.95,67.9,67.95,3205.0
3328,2021/01/01 10:26:00,67.95,67.95,67.95,67.95,250.0
3329,2021/01/01 10:27:00,67.85,67.85,67.85,67.85,1023.0
3330,2021/01/01 10:28:00,67.85,67.85,67.85,67.85,300.0
3331,2021/01/01 10:29:00,67.95,67.95,67.95,67.95,615.0
3332,2021/01/01 10:30:00,67.95,67.95,67.9,67.95,447.0
3333,2021/01/01 10:31:00,67.95,67.95,67.95,67.95,100.0
3334,2021/01/01 10:32:00,67.95,67.95,67.9,67.9,2433.0
3335,2021/01/01 10:34:00,67.95,67.95,67.95,67.95,344.0
3336,2021/01/01 10:35:00,67.95,68.0,67.95,68.0,106.0
3337,2021/01/01 10:37:00,67.95,67.95,67.9,67.9,840.0
3338,2021/01/01 10:38:00,67.9,67.9,67.9,67.9,264.0
3339,2021/01/01 10:39:00,67.85,67.85,67.85,67.85,3000.0
3340,2021/01/01 10:40:00,67.85,67.85,67.85,67.85,50.0
3341,2021/01/01 10:41:00,67.85,67.95,67.85,67.85,550.0
3342,2021/01/01 10:42:00,67.95,67.95,67.95,67.95,10.0
3343,2021/01/01 10:43:00,67.85,67.85,67.85,67.85,574.0
3344,2021/01/01 10:44:00,68.0,68.0,67.85,68.0,1337.0
3345,2021/01/01 10:45:00,68.0,68.0,68.0,68.0,301.0
3346,2021/01/01 10:46:00,68.0,68.0,68.0,68.0,12.0
3347,2021/01/01 10:47:00,68.0,68.0,68.0,68.0,10.0
3348,2021/01/01 10:48:00,68.0,68.0,67.85,67.85,101.0
3349,2021/01/01 10:49:00,68.0,68.0,68.0,68.0,195.0
3350,2021/01/01 10:50:00,68.0,68.0,68.0,68.0,317.0
3351,2021/01/01 10:51:00,67.95,67.95,67.95,67.95,1.0
3352,2021/01/01 10:52:00,67.9,67.95,67.9,67.95,100.0
3353,2021/01/01 10:53:00,68.0,68.0,68.0,68.0,103.0
3354,2021/01/01 10:55:00,68.0,68.0,67.9,67.9,211.0
3355,2021/01/01 10:56:00,67.9,67.9,67.9,67.9,1.0
3356,2021/01/01 10:57:00,67.9,67.9,67.9,67.9,50.0
3357,2021/01/01 10:59:00,67.9,67.95,67.9,67.95,1200.0
3358,2021/01/01 11:00:00,67.95,68.0,67.95,67.95,2879.0
3359,2021/01/01 11:01:00,67.9,68.0,67.9,67.9,1734.0
3360,2021/01/01 11:02:00,67.9,67.9,67.9,67.9,12.0
3361,2021/01/01 11:03:00,67.9,67.9,67.9,67.9,100.0
3362,2021/01/01 11:04:00,67.95,67.95,67.9,67.95,1512.0
3363,2021/01/01 11:05:00,67.95,67.95,67.9,67.9,15.0
3364,2021/01/01 11:06:00,67.95,67.95,67.9,67.9,50.0
3365,2021/01/01 11:07:00,67.95,67.95,67.95,67.95,220.0
3366,2021/01/01 11:08:00,67.95,67.95,67.95,67.95,25.0
3367,2021/01/01 11:09:00,67.95,67.95,67.95,67.95,2265.0
3368,2021/01/01 11:11:00,67.9,67.9,67.9,67.9,12.0
3369,2021/01/01 11:12:00,67.9,67.9,67.9,67.9,3.0
3370,2021/01/01 11:13:00,67.9,67.95,67.9,67.9,2284.0
3371,2021/01/01 11:14:00,67.9,67.95,67.9,67.9,7235.0
3372,2021/01/01 11:15:00,67.95,67.95,67.95,67.95,122.0
3373,2021/01/01 11:16:00,68.0,68.0,68.0,68.0,292.0
3374,2021/01/01 11:17:00,68.0,68.0,68.0,68.0,63.0
3375,2021/01/01 11:18:00,68.0,68.0,67.95,67.95,469.0
3376,2021/01/01 11:20:00,67.95,67.95,67.9,67.9,1111.0
3377,2021/01/01 11:21:00,67.95,67.95,67.9,67.95,502.0
3378,2021/01/01 11:22:00,68.0,68.0,68.0,68.0,5000.0
3379,2021/01/01 11:23:00,67.95,68.0,67.95,68.0,501.0
3380,2021/01/01 11:25:00,67.9,68.0,67.9,68.0,1687.0
3381,2021/01/01 11:26:00,68.0,68.0,68.0,68.0,151.0
3382,2021/01/01 11:27:00,68.0,68.0,68.0,68.0,4.0
3383,2021/01/01 11:29:00,67.95,67.95,67.95,67.95,1200.0
3384,2021/01/01 11:30:00,67.9,67.9,67.9,67.9,8210.0
3385,2021/01/01 11:31:00,67.9,67.9,67.9,67.9,425.0
3386,2021/01/01 11:32:00,67.9,67.9,67.85,67.85,390.0
3387,2021/01/01 11:33:00,67.85,67.85,67.85,67.85,50.0
3388,2021/01/01 11:34:00,67.95,67.95,67.95,67.95,25.0
3389,2021/01/01 11:35:00,67.95,68.0,67.95,68.0,1575.0
3390,2021/01/01 11:36:00,67.9,67.9,67.9,67.9,180.0
3391,2021/01/01 11:37:00,67.9,67.95,67.9,67.95,2000.0
3392,2021/01/01 11:38:00,67.95,67.95,67.95,67.95,1000.0
3393,2021/01/01 11:41:00,68.0,68.0,68.0,68.0,100.0
3394,2021/01/01 11:43:00,68.0,68.0,67.9,68.0,155.0
3395,2021/01/01 11:44:00,68.0,68.0,68.0,68.0,3200.0
3396,2021/01/01 11:45:00,68.0,68.0,68.0,68.0,352.0
3397,2021/01/01 11:46:00,67.9,67.9,67.85,67.85,8218.0
3398,2021/01/01 11:47:00,67.9,67.9,67.85,67.9,515.0
3399,2021/01/01 11:48:00,67.9,67.9,67.9,67.9,1010.0
3400,2021/01/01 11:49:00,67.9,67.9,67.85,67.85,19972.0
3401,2021/01/01 11:50:00,67.85,67.85,67.85,67.85,1962.0
3402,2021/01/01 11:51:00,67.85,67.85,67.8,67.85,591.0
3403,2021/01/01 11:52:00,67.95,67.95,67.85,67.85,1289.0
3404,2021/01/01 11:53:00,67.85,67.85,67.8,67.8,2153.0
3405,2021/01/01 11:56:00,67.95,67.95,67.9,67.9,3030.0
3406,2021/01/01 11:57:00,67.8,67.8,67.8,67.8,100.0
3407,2021/01/01 11:58:00,67.9,67.9,67.8,67.8,114.0
3408,2021/01/01 11:59:00,67.8,67.8,67.7,67.7,14663.0
3409,2021/01/01 12:00:00,67.65,67.75,67.5,67.6,17955.0
3410,2021/01/01 12:01:00,67.6,67.75,67.6,67.75,751.0
3411,2021/01/01 12:02:00,67.75,67.8,67.75,67.8,300.0
3412,2021/01/01 12:03:00,67.8,67.8,67.8,67.8,903.0
3413,2021/01/01 12:04:00,67.75,67.85,67.75,67.85,470.0
3414,2021/01/01 12:06:00,67.85,67.85,67.85,67.85,700.0
3415,2021/01/01 12:07:00,67.85,67.85,67.85,67.85,500.0
3416,2021/01/01 12:08:00,67.85,67.85,67.8,67.8,372.0
3417,2021/01/01 12:10:00,67.8,67.85,67.8,67.85,708.0
3418,2021/01/01 12:11:00,67.8,67.8,67.7,67.7,6512.0
3419,2021/01/01 12:12:00,67.7,67.7,67.3,67.35,28938.0
3420,2021/01/01 12:13:00,67.4,67.5,67.4,67.45,5875.0
3421,2021/01/01 12:14:00,67.5,67.5,67.45,67.45,1047.0
3422,2021/01/01 12:15:00,67.45,67.45,66.9,67.35,112076.0
3423,2021/01/01 12:16:00,67.35,67.5,67.3,67.5,2907.0
3424,2021/01/01 12:17:00,67.4,67.45,67.4,67.45,225.0
3425,2021/01/01 12:18:00,67.5,67.5,67.4,67.5,4219.0
3426,2021/01/01 12:19:00,67.5,67.5,67.4,67.4,6483.0
3427,2021/01/01 12:20:00,67.45,67.45,67.4,67.45,550.0
3428,2021/01/01 12:21:00,67.4,67.45,67.4,67.45,515.0
3429,2021/01/01 12:22:00,67.5,67.5,67.5,67.5,1300.0
3430,2021/01/01 12:23:00,67.5,67.5,67.4,67.4,502.0
3431,2021/01/01 12:24:00,67.4,67.5,67.4,67.5,617.0
3432,2021/01/01 12:25:00,67.4,67.5,67.4,67.5,51.0
3433,2021/01/01 12:26:00,67.5,67.5,67.05,67.2,42864.0
3434,2021/01/01 12:27:00,67.2,67.35,67.2,67.35,1606.0
3435,2021/01/01 12:28:00,67.35,67.35,67.25,67.35,1757.0
3436,2021/01/01 12:29:00,67.35,67.35,67.25,67.35,495.0
3437,2021/01/01 12:30:00,67.25,67.4,67.15,67.25,10540.0
3438,2021/01/01 12:31:00,67.2,67.3,67.2,67.3,1502.0
3439,2021/01/01 12:32:00,67.35,67.35,67.35,67.35,550.0
3440,2021/01/01 12:33:00,67.5,67.5,67.35,67.35,2201.0
3441,2021/01/01 12:34:00,67.5,67.5,67.35,67.4,7089.0
3442,2021/01/01 12:35:00,67.35,67.45,67.35,67.4,2755.0
3443,2021/01/01 12:36:00,67.45,67.45,67.45,67.45,150.0
3444,2021/01/01 12:38:00,67.4,67.45,67.35,67.45,2556.0
3445,2021/01/01 12:39:00,67.45,67.45,67.35,67.35,260.0
3446,2021/01/01 12:40:00,67.45,67.45,67.4,67.45,1151.0
3447,2021/01/01 12:41:00,67.45,67.45,67.45,67.45,275.0
3448,2021/01/01 12:42:00,67.4,67.4,67.4,67.4,801.0
3449,2021/01/01 12:43:00,67.45,67.45,67.45,67.45,500.0
3450,2021/01/01 12:44:00,67.45,67.5,67.45,67.5,3370.0
3451,2021/01/01 12:45:00,67.5,67.5,67.4,67.45,1346.0
3452,2021/01/01 12:46:00,67.45,67.5,67.45,67.5,7041.0
3453,2021/01/01 12:47:00,67.5,67.5,67.5,67.5,300.0
3454,2021/01/01 12:49:00,67.4,67.4,67.3,67.4,15350.0
3455,2021/01/01 12:50:00,67.4,67.4,67.35,67.35,2040.0
3456,2021/01/01 12:51:00,67.35,67.4,67.35,67.4,412.0
3457,2021/01/01 12:52:00,67.4,67.4,67.4,67.4,1000.0
3458,2021/01/01 12:53:00,67.4,67.4,67.4,67.4,1900.0
3459,2021/01/01 12:54:00,67.35,67.35,67.3,67.3,255.0
3460,2021/01/01 12:55:00,67.4,67.4,67.3,67.3,1230.0
3461,2021/01/01 12:56:00,67.4,67.4,67.4,67.4,20.0
3462,2021/01/01 12:58:00,67.4,67.4,67.4,67.4,2792.0
3463,2021/01/01 12:59:00,67.35,67.45,67.3,67.45,1803.0
3464,2021/01/01 13:00:00,67.45,67.45,67.3,67.3,152.0
3465,2021/01/01 13:01:00,67.5,67.5,67.4,67.5,39.0
3466,2021/01/01 13:02:00,67.4,67.5,67.4,67.5,685.0
3467,2021/01/01 13:03:00,67.5,67.5,67.25,67.25,6168.0
3468,2021/01/01 13:04:00,67.4,67.4,67.4,67.4,5.0
3469,2021/01/01 13:05:00,67.45,67.5,67.3,67.5,6495.0
3470,2021/01/01 13:06:00,67.5,67.5,67.4,67.5,735.0
3471,2021/01/01 13:07:00,67.4,67.4,67.3,67.4,2200.0
3472,2021/01/01 13:08:00,67.45,67.45,67.4,67.4,2880.0
3473,2021/01/01 13:09:00,67.4,67.4,67.4,67.4,243.0
3474,2021/01/01 13:10:00,67.45,67.45,67.3,67.35,89.0
3475,2021/01/01 13:11:00,67.45,67.45,67.45,67.45,300.0
3476,2021/01/01 13:13:00,67.45,67.45,67.45,67.45,300.0
3477,2021/01/01 13:14:00,67.45,67.45,67.45,67.45,100.0
3478,2021/01/01 13:15:00,67.45,67.5,67.3,67.45,6632.0
3479,2021/01/01 13:16:00,67.5,67.5,67.3,67.3,79280.0
3480,2021/01/01 13:17:00,67.3,67.3,67.25,67.25,527.0
3481,2021/01/01 13:18:00,67.15,67.25,67.15,67.25,1117.0
3482,2021/01/01 13:19:00,67.3,67.3,67.2,67.2,611.0
3483,2021/01/01 13:20:00,67.25,67.25,67.25,67.25,370.0
3484,2021/01/01 13:21:00,67.25,67.25,67.25,67.25,190.0
3485,2021/01/01 13:22:00,67.25,67.4,67.25,67.35,3700.0
3486,2021/01/01 13:23:00,67.35,67.4,67.2,67.3,2421.0
3487,2021/01/01 13:24:00,67.4,67.4,67.4,67.4,200.0
3488,2021/01/01 13:25:00,67.35,67.35,67.3,67.35,1700.0
3489,2021/01/01 13:26:00,67.4,67.4,67.4,67.4,2181.0
3490,2021/01/01 13:27:00,67.35,67.35,67.35,67.35,50.0
3491,2021/01/01 13:28:00,67.35,67.35,67.3,67.35,179.0
3492,2021/01/01 13:29:00,67.3,67.35,67.3,67.35,104.0
3493,2021/01/01 13:30:00,67.35,67.35,67.35,67.35,20.0
3494,2021/01/01 13:31:00,67.3,67.3,67.0,67.2,9043.0
3495,2021/01/01 13:32:00,67.05,67.25,67.05,67.25,2089.0
3496,2021/01/01 13:33:00,67.15,67.25,67.15,67.25,125.0
3497,2021/01/01 13:34:00,67.25,67.25,67.2,67.2,503.0
3498,2021/01/01 13:35:00,67.3,67.3,67.3,67.3,32.0
3499,2021/01/01 13:36:00,67.35,67.35,67.2,67.2,1024.0
3500,2021/01/01 13:37:00,67.3,67.3,67.2,67.2,708.0
3501,2021/01/01 13:38:00,67.3,67.35,67.2,67.2,342.0
3502,2021/01/01 13:39:00,67.3,67.35,67.2,67.35,1134.0
3503,2021/01/01 13:40:00,67.35,67.35,67.35,67.35,604.0
3504,2021/01/01 13:41:00,67.35,67.4,67.35,67.35,2164.0
3505,2021/01/01 13:42:00,67.35,67.35,67.35,67.35,150.0
3506,2021/01/01 13:43:00,67.3,67.4,67.3,67.4,198.0
3507,2021/01/01 13:44:00,67.3,67.3,67.3,67.3,1.0
3508,2021/01/01 13:45:00,67.4,67.4,67.3,67.3,3532.0
3509,2021/01/01 13:48:00,67.4,67.4,67.3,67.4,63.0
3510,2021/01/01 13:49:00,67.4,67.4,67.35,67.35,2535.0
3511,2021/01/01 13:50:00,67.35,67.35,67.35,67.35,515.0
3512,2021/01/01 13:51:00,67.35,67.35,67.35,67.35,6.0
3513,2021/01/01 13:52:00,67.35,67.35,67.35,67.35,250.0
3514,2021/01/01 13:53:00,67.3,67.35,67.3,67.3,3388.0
3515,2021/01/01 13:54:00,67.3,67.3,67.25,67.3,4435.0
3516,2021/01/01 13:55:00,67.35,67.35,67.35,67.35,5.0
3517,2021/01/01 13:56:00,67.25,67.25,67.25,67.25,6.0
3518,2021/01/01 13:57:00,67.35,67.35,67.35,67.35,220.0
3519,2021/01/01 13:58:00,67.35,67.35,67.35,67.35,250.0
3520,2021/01/01 13:59:00,67.4,67.45,67.4,67.45,1570.0
3521,2021/01/01 14:00:00,67.45,67.45,67.35,67.35,167.0
3522,2021/01/01 14:01:00,67.35,67.35,67.3,67.35,1100.0
3523,2021/01/01 14:02:00,67.35,67.35,67.35,67.35,25.0
3524,2021/01/01 14:03:00,67.4,67.4,67.4,67.4,35.0
3525,2021/01/01 14:04:00,67.4,67.45,67.4,67.45,5005.0
3526,2021/01/01 14:05:00,67.5,67.5,67.4,67.4,2391.0
3527,2021/01/01 14:06:00,67.5,67.5,67.5,67.5,600.0
3528,2021/01/01 14:07:00,67.5,67.5,67.5,67.5,2816.0
3529,2021/01/01 14:08:00,67.55,67.65,67.55,67.6,1524.0
3530,2021/01/01 14:09:00,67.6,67.6,67.6,67.6,303.0
3531,2021/01/01 14:10:00,67.55,67.6,67.55,67.6,1395.0
3532,2021/01/01 14:11:00,67.6,67.6,67.55,67.55,231.0
3533,2021/01/01 14:12:00,67.55,67.55,67.55,67.55,2905.0
3534,2021/01/01 14:13:00,67.6,67.65,67.5,67.5,2045.0
3535,2021/01/01 14:14:00,67.65,67.65,67.65,67.65,200.0
3536,2021/01/01 14:15:00,67.6,67.65,67.55,67.65,638.0
3537,2021/01/01 14:17:00,67.6,67.6,67.55,67.55,1126.0
3538,2021/01/01 14:18:00,67.55,67.55,67.55,67.55,2453.0
3539,2021/01/01 14:19:00,67.6,67.6,67.6,67.6,1389.0
3540,2021/01/01 14:20:00,67.65,67.65,67.65,67.65,1000.0
3541,2021/01/01 14:21:00,67.65,67.65,67.65,67.65,11637.0
3542,2021/01/01 14:22:00,67.65,67.65,67.65,67.65,10.0
3543,2021/01/01 14:23:00,67.65,67.7,67.65,67.7,798.0
3544,2021/01/01 14:24:00,67.7,67.7,67.65,67.7,510.0
3545,2021/01/01 14:25:00,67.7,67.7,67.5,67.5,7370.0
3546,2021/01/01 14:26:00,67.55,67.6,67.5,67.5,18639.0
3547,2021/01/01 14:27:00,67.5,67.65,67.5,67.65,864.0
3548,2021/01/01 14:28:00,67.65,67.65,67.5,67.6,1605.0
3549,2021/01/01 14:29:00,67.6,67.65,67.55,67.65,1323.0
3550,2021/01/01 14:30:00,67.65,67.65,67.5,67.6,600.0
3551,2021/01/01 14:31:00,67.6,67.6,67.6,67.6,927.0
3552,2021/01/01 14:32:00,67.6,67.65,67.55,67.6,455.0
3553,2021/01/01 14:33:00,67.65,67.65,67.4,67.4,2400.0
3554,2021/01/01 14:34:00,67.5,67.6,67.45,67.6,1015.0
3555,2021/01/01 14:35:00,67.6,67.6,67.6,67.6,1175.0
3556,2021/01/01 14:36:00,67.65,67.65,67.45,67.6,2400.0
3557,2021/01/01 14:37:00,67.65,67.65,67.6,67.65,400.0
3558,2021/01/01 14:38:00,67.6,67.6,67.5,67.6,525.0
3559,2021/01/01 14:39:00,67.6,67.6,67.6,67.6,1526.0
3560,2021/01/01 14:40:00,67.65,67.7,67.5,67.7,6575.0
3561,2021/01/01 14:41:00,67.75,67.8,67.7,67.75,10296.0
3562,2021/01/01 14:42:00,67.8,67.8,67.65,67.8,541.0
3563,2021/01/01 14:43:00,67.8,67.85,67.7,67.85,16481.0
3564,2021/01/01 14:44:00,67.9,67.9,67.85,67.85,1668.0
3565,2021/01/01 14:45:00,67.8,67.85,67.8,67.85,1148.0
3566,2021/01/01 14:46:00,67.85,67.85,67.7,67.85,2904.0
3567,2021/01/01 14:47:00,67.85,67.85,67.75,67.75,458.0
3568,2021/01/01 14:48:00,67.7,67.9,67.7,67.9,1800.0
3569,2021/01/01 14:49:00,67.85,67.9,67.85,67.9,2460.0
3570,2021/01/01 14:50:00,67.8,67.9,67.8,67.9,1850.0
3571,2021/01/01 14:51:00,67.9,67.9,67.75,67.85,5942.0
3572,2021/01/01 14:52:00,67.75,67.85,67.75,67.85,650.0
3573,2021/01/01 14:53:00,67.85,67.85,67.75,67.8,1500.0
3574,2021/01/01 14:54:00,67.8,67.8,67.7,67.7,2038.0
3575,2021/01/01 14:55:00,67.8,67.8,67.7,67.8,2944.0
3576,2021/01/01 14:56:00,67.8,67.8,67.8,67.8,1445.0
3577,2021/01/01 14:57:00,67.8,67.8,67.8,67.8,571.0
3578,2021/01/01 14:58:00,67.8,67.8,67.75,67.8,1565.0
3579,2021/01/01 14:59:00,67.8,67.8,67.7,67.8,1500.0
3580,2021/01/01 15:00:00,67.7,67.8,67.7,67.7,1846.0
3581,2021/01/01 15:01:00,67.8,67.8,67.6,67.75,9500.0
3582,2021/01/01 15:02:00,67.75,67.8,67.75,67.8,329.0
3583,2021/01/01 15:03:00,67.8,67.8,67.7,67.8,5442.0
3584,2021/01/01 15:04:00,67.8,67.8,67.7,67.75,2256.0
3585,2021/01/01 15:05:00,67.75,67.8,67.7,67.8,5705.0
3586,2021/01/01 15:06:00,67.8,67.8,67.65,67.65,2291.0
3587,2021/01/01 15:07:00,67.75,67.75,67.65,67.7,1328.0
3588,2021/01/01 15:08:00,67.75,67.75,67.7,67.75,619.0
3589,2021/01/01 15:09:00,67.75,67.75,67.6,67.6,16997.0
3590,2021/01/01 15:10:00,67.7,67.7,67.25,67.25,40472.0
3591,2021/01/01 15:11:00,67.25,67.3,67.25,67.25,4494.0
3592,2021/01/01 15:12:00,67.25,67.3,67.2,67.3,2565.0
3593,2021/01/01 15:13:00,67.3,67.4,67.3,67.3,19611.0
3594,2021/01/01 15:14:00,67.25,67.35,67.1,67.3,3856.0
3595,2021/01/01 15:15:00,67.3,67.35,67.2,67.35,2828.0
3596,2021/01/01 15:16:00,67.35,67.4,66.65,67.0,92888.0
3597,2021/01/01 15:17:00,67.1,67.2,67.0,67.1,3602.0
3598,2021/01/01 15:18:00,67.25,67.3,66.8,66.8,33557.0
3599,2021/01/01 15:19:00,66.8,67.0,66.8,67.0,12982.0
3600,2021/01/01 15:20:00,66.95,67.0,66.95,67.0,14121.0
3601,2021/01/01 15:21:00,67.0,67.0,66.9,66.9,24436.0
3602,2021/01/01 15:22:00,66.9,67.0,66.9,66.9,4857.0
3603,2021/01/01 15:23:00,67.0,67.0,66.9,66.95,12915.0
3604,2021/01/01 15:24:00,66.95,66.95,66.5,66.85,84715.0
3605,2021/01/01 15:25:00,66.8,66.85,66.75,66.85,17377.0
3606,2021/01/01 15:26:00,66.85,66.95,66.2,66.75,68246.0
3607,2021/01/01 15:27:00,66.75,66.85,66.0,66.45,118099.0
3608,2021/01/01 15:28:00,66.7,66.7,66.35,66.5,25326.0
3609,2021/01/01 15:29:00,66.6,66.85,66.5,66.7,27551.0
3610,2021/01/01 15:30:00,66.8,66.8,66.8,66.8,500.0
3611,2021/01/01 15:40:00,66.8,66.8,66.8,66.8,247.0
3612,2021/01/01 15:41:00,66.8,66.8,66.8,66.8,2883.0
3613,2021/01/01 15:44:00,66.8,66.8,66.8,66.8,625.0
3614,2021/01/01 15:47:00,66.8,66.8,66.8,66.8,300.0
3615,2021/01/01 15:50:00,66.8,66.8,66.8,66.8,10.0
3616,2021/01/01 15:51:00,66.8,66.8,66.8,66.8,510.0
3617,2021/01/01 15:52:00,66.8,66.8,66.8,66.8,10.0
3618,2021/01/01 15:55:00,66.8,66.8,66.8,66.8,1000.0
3619,2021/01/01 15:56:00,66.8,66.8,66.8,66.8,5.0
3620,2021/01/01 15:57:00,66.8,66.8,66.8,66.8,20.0
3621,2021/01/01 15:58:00,66.8,66.8,66.8,66.8,154.0
3622,2021/01/01 15:59:00,66.8,66.8,66.8,66.8,500.0
3623,2021/01/04 09:07:00,67.25,67.25,67.25,67.25,2875.0
3624,2021/01/04 09:15:00,67.3,67.5,67.3,67.4,14057.0
3625,2021/01/04 09:16:00,67.4,67.8,67.4,67.45,15694.0
3626,2021/01/04 09:17:00,67.45,67.45,67.3,67.4,6911.0
3627,2021/01/04 09:18:00,67.55,67.6,67.4,67.6,8060.0
3628,2021/01/04 09:19:00,67.6,67.65,67.55,67.6,3497.0
3629,2021/01/04 09:20:00,67.6,67.6,67.45,67.6,3615.0
3630,2021/01/04 09:21:00,67.6,67.6,67.4,67.4,6110.0
3631,2021/01/04 09:22:00,67.4,67.6,67.35,67.35,10600.0
3632,2021/01/04 09:23:00,67.5,67.5,67.4,67.4,706.0
3633,2021/01/04 09:24:00,67.4,67.7,67.35,67.7,24112.0
3634,2021/01/04 09:25:00,67.75,67.75,67.7,67.7,3175.0
3635,2021/01/04 09:26:00,67.7,67.75,67.5,67.5,25453.0
3636,2021/01/04 09:27:00,67.55,67.6,67.5,67.5,1923.0
3637,2021/01/04 09:28:00,67.6,67.6,67.5,67.6,5969.0
3638,2021/01/04 09:29:00,67.6,67.6,67.45,67.45,10824.0
3639,2021/01/04 09:30:00,67.55,67.7,67.55,67.65,5530.0
3640,2021/01/04 09:31:00,67.65,67.75,67.65,67.7,2278.0
3641,2021/01/04 09:32:00,67.65,67.7,67.65,67.7,6933.0
3642,2021/01/04 09:33:00,67.9,67.9,67.75,67.9,12964.0
3643,2021/01/04 09:34:00,67.9,67.95,67.85,67.95,4913.0
3644,2021/01/04 09:35:00,67.95,68.8,67.75,68.8,58173.0
3645,2021/01/04 09:36:00,68.65,68.65,68.35,68.5,32381.0
3646,2021/01/04 09:37:00,68.5,68.5,68.35,68.5,12857.0
3647,2021/01/04 09:38:00,68.4,68.5,68.3,68.3,2025.0
3648,2021/01/04 09:39:00,68.3,68.3,68.25,68.25,10677.0
3649,2021/01/04 09:40:00,68.1,68.25,68.1,68.1,3323.0
3650,2021/01/04 09:41:00,68.1,68.15,68.05,68.1,3540.0
3651,2021/01/04 09:42:00,68.1,68.5,68.1,68.3,33483.0
3652,2021/01/04 09:43:00,68.4,68.4,68.2,68.4,926.0
3653,2021/01/04 09:44:00,68.35,68.4,68.3,68.4,4582.0
3654,2021/01/04 09:45:00,68.3,68.4,68.3,68.4,1183.0
3655,2021/01/04 09:46:00,68.4,68.45,68.3,68.3,9211.0
3656,2021/01/04 09:47:00,68.4,68.4,68.3,68.3,920.0
3657,2021/01/04 09:48:00,68.2,68.25,68.15,68.25,18350.0
3658,2021/01/04 09:49:00,68.25,68.25,68.15,68.15,1810.0
3659,2021/01/04 09:50:00,68.1,68.2,67.9,67.9,27131.0
3660,2021/01/04 09:51:00,67.9,67.95,67.85,67.9,10919.0
3661,2021/01/04 09:52:00,67.9,68.0,67.85,68.0,11015.0
3662,2021/01/04 09:53:00,68.0,68.0,67.95,67.95,6521.0
3663,2021/01/04 09:54:00,68.0,68.0,67.95,68.0,4057.0
3664,2021/01/04 09:55:00,68.0,68.2,68.0,68.2,2409.0
3665,2021/01/04 09:56:00,68.15,68.2,68.15,68.2,911.0
3666,2021/01/04 09:57:00,68.2,68.25,68.15,68.2,7194.0
3667,2021/01/04 09:58:00,68.25,68.25,68.15,68.25,2070.0
3668,2021/01/04 09:59:00,68.15,68.25,68.15,68.25,529.0
3669,2021/01/04 10:00:00,68.25,68.25,68.15,68.15,3099.0
3670,2021/01/04 10:01:00,68.25,68.25,68.15,68.25,7880.0
3671,2021/01/04 10:02:00,68.2,68.3,68.2,68.3,176.0
3672,2021/01/04 10:03:00,68.3,68.3,68.15,68.15,9315.0
3673,2021/01/04 10:04:00,68.2,68.2,68.1,68.2,823.0
3674,2021/01/04 10:05:00,68.2,68.2,68.2,68.2,2.0
3675,2021/01/04 10:06:00,68.2,68.2,68.0,68.0,8200.0
3676,2021/01/04 10:07:00,68.0,68.1,68.0,68.1,202.0
3677,2021/01/04 10:08:00,68.1,68.1,68.05,68.1,1175.0
3678,2021/01/04 10:09:00,67.95,68.0,67.85,68.0,12036.0
3679,2021/01/04 10:10:00,68.0,68.0,67.85,67.9,2115.0
3680,2021/01/04 10:11:00,68.0,68.0,68.0,68.0,1698.0
3681,2021/01/04 10:12:00,68.0,68.0,67.85,68.0,4470.0
3682,2021/01/04 10:13:00,67.85,68.0,67.85,67.9,1938.0
3683,2021/01/04 10:14:00,67.9,67.9,67.9,67.9,1868.0
3684,2021/01/04 10:15:00,67.85,67.9,67.8,67.85,4818.0
3685,2021/01/04 10:16:00,67.85,67.85,67.85,67.85,300.0
3686,2021/01/04 10:17:00,67.85,67.85,67.85,67.85,711.0
3687,2021/01/04 10:18:00,67.85,68.0,67.85,68.0,7426.0
3688,2021/01/04 10:19:00,68.0,68.0,67.85,67.95,614.0
3689,2021/01/04 10:20:00,67.9,67.95,67.9,67.95,1090.0
3690,2021/01/04 10:21:00,68.0,68.0,67.9,67.9,1900.0
3691,2021/01/04 10:22:00,67.85,68.0,67.85,67.9,220.0
3692,2021/01/04 10:23:00,67.85,67.85,67.8,67.8,534.0
3693,2021/01/04 10:24:00,67.85,67.85,67.85,67.85,20.0
3694,2021/01/04 10:25:00,67.8,67.8,67.8,67.8,125.0
3695,2021/01/04 10:26:00,67.8,67.85,67.8,67.8,151.0
3696,2021/01/04 10:27:00,67.85,67.85,67.8,67.8,105.0
3697,2021/01/04 10:28:00,67.85,67.9,67.8,67.9,710.0
3698,2021/01/04 10:29:00,67.9,67.95,67.8,67.8,572.0
3699,2021/01/04 10:30:00,67.95,67.95,67.95,67.95,500.0
3700,2021/01/04 10:31:00,67.95,67.95,67.95,67.95,150.0
3701,2021/01/04 10:32:00,67.95,67.95,67.95,67.95,124.0
3702,2021/01/04 10:33:00,67.95,67.95,67.85,67.95,610.0
3703,2021/01/04 10:34:00,67.95,67.95,67.95,67.95,110.0
3704,2021/01/04 10:35:00,67.85,67.95,67.85,67.9,705.0
3705,2021/01/04 10:36:00,67.95,67.95,67.95,67.95,10.0
3706,2021/01/04 10:37:00,67.95,67.95,67.95,67.95,200.0
3707,2021/01/04 10:38:00,67.95,68.0,67.95,68.0,280.0
3708,2021/01/04 10:39:00,68.0,68.0,67.95,67.95,65.0
3709,2021/01/04 10:40:00,67.95,68.0,67.9,68.0,838.0
3710,2021/01/04 10:41:00,68.0,68.0,67.9,67.9,3540.0
3711,2021/01/04 10:42:00,67.9,67.9,67.9,67.9,15.0
3712,2021/01/04 10:43:00,68.0,68.0,67.9,67.9,141.0
3713,2021/01/04 10:44:00,67.9,68.0,67.9,67.9,300.0
3714,2021/01/04 10:45:00,68.0,68.0,67.9,67.9,838.0
3715,2021/01/04 10:46:00,67.9,68.0,67.9,67.9,1155.0
3716,2021/01/04 10:47:00,68.0,68.0,67.9,67.9,503.0
3717,2021/01/04 10:48:00,67.9,68.0,67.85,67.9,1838.0
3718,2021/01/04 10:49:00,67.9,67.9,67.9,67.9,1004.0
3719,2021/01/04 10:50:00,67.8,67.85,67.75,67.85,4182.0
3720,2021/01/04 10:51:00,67.9,67.9,67.85,67.85,310.0
3721,2021/01/04 10:52:00,67.9,67.9,67.8,67.8,3006.0
3722,2021/01/04 10:53:00,67.8,67.8,67.8,67.8,5.0
3723,2021/01/04 10:54:00,67.9,67.9,67.9,67.9,725.0
3724,2021/01/04 10:55:00,67.9,67.9,67.8,67.9,379.0
3725,2021/01/04 10:56:00,67.9,67.9,67.9,67.9,250.0
3726,2021/01/04 10:57:00,67.8,67.8,67.8,67.8,77.0
3727,2021/01/04 10:58:00,67.8,67.8,67.8,67.8,100.0
3728,2021/01/04 10:59:00,67.75,67.75,67.75,67.75,3192.0
3729,2021/01/04 11:00:00,67.75,67.95,67.7,67.95,12523.0
3730,2021/01/04 11:01:00,67.75,67.8,67.65,67.65,974.0
3731,2021/01/04 11:02:00,67.65,67.85,67.65,67.7,1192.0
3732,2021/01/04 11:03:00,67.65,67.65,67.6,67.6,1496.0
3733,2021/01/04 11:04:00,67.6,67.6,67.55,67.55,791.0
3734,2021/01/04 11:05:00,67.55,67.6,67.5,67.5,6036.0
3735,2021/01/04 11:06:00,67.5,67.5,67.4,67.4,10294.0
3736,2021/01/04 11:07:00,67.35,67.45,67.25,67.35,7946.0
3737,2021/01/04 11:08:00,67.45,67.5,67.3,67.3,2719.0
3738,2021/01/04 11:09:00,67.4,67.4,67.4,67.4,26.0
3739,2021/01/04 11:10:00,67.45,67.45,67.2,67.35,19462.0
3740,2021/01/04 11:11:00,67.3,67.3,67.15,67.25,2933.0
3741,2021/01/04 11:12:00,67.2,67.45,67.2,67.45,15446.0
3742,2021/01/04 11:13:00,67.45,67.45,67.3,67.45,3516.0
3743,2021/01/04 11:14:00,67.45,67.45,67.4,67.45,983.0
3744,2021/01/04 11:15:00,67.45,67.5,67.4,67.45,545.0
3745,2021/01/04 11:16:00,67.4,67.5,67.35,67.5,7754.0
3746,2021/01/04 11:17:00,67.65,67.65,67.5,67.55,18289.0
3747,2021/01/04 11:18:00,67.5,67.6,67.5,67.6,1499.0
3748,2021/01/04 11:19:00,67.6,67.6,67.5,67.5,312.0
3749,2021/01/04 11:20:00,67.55,67.65,67.55,67.65,5000.0
3750,2021/01/04 11:21:00,67.6,67.65,67.6,67.65,150.0
3751,2021/01/04 11:22:00,67.65,67.65,67.65,67.65,1000.0
3752,2021/01/04 11:23:00,67.5,67.55,67.5,67.5,1301.0
3753,2021/01/04 11:24:00,67.6,67.6,67.6,67.6,10.0
3754,2021/01/04 11:25:00,67.6,67.6,67.5,67.5,65.0
3755,2021/01/04 11:26:00,67.5,67.65,67.5,67.65,631.0
3756,2021/01/04 11:27:00,67.65,67.65,67.65,67.65,10.0
3757,2021/01/04 11:28:00,67.55,67.65,67.55,67.65,601.0
3758,2021/01/04 11:29:00,67.65,67.65,67.65,67.65,320.0
3759,2021/01/04 11:30:00,67.55,67.75,67.55,67.75,10131.0
3760,2021/01/04 11:31:00,67.85,68.0,67.8,67.95,3829.0
3761,2021/01/04 11:32:00,67.95,68.1,67.9,68.05,8076.0
3762,2021/01/04 11:33:00,68.0,68.05,68.0,68.0,1790.0
3763,2021/01/04 11:34:00,68.0,68.15,68.0,68.15,11882.0
3764,2021/01/04 11:35:00,68.05,68.2,68.05,68.1,5164.0
3765,2021/01/04 11:36:00,68.2,68.2,68.15,68.15,7264.0
3766,2021/01/04 11:37:00,68.05,68.05,68.0,68.0,1400.0
3767,2021/01/04 11:38:00,68.1,68.1,67.95,67.95,7317.0
3768,2021/01/04 11:39:00,68.0,68.05,68.0,68.05,2125.0
3769,2021/01/04 11:40:00,68.0,68.0,68.0,68.0,1250.0
3770,2021/01/04 11:41:00,68.05,68.15,68.05,68.15,2620.0
3771,2021/01/04 11:42:00,68.15,68.15,68.1,68.1,2270.0
3772,2021/01/04 11:43:00,68.1,68.15,68.1,68.15,1617.0
3773,2021/01/04 11:44:00,68.1,68.15,68.1,68.1,6723.0
3774,2021/01/04 11:45:00,68.15,68.15,68.1,68.15,1197.0
3775,2021/01/04 11:46:00,68.1,68.1,68.1,68.1,1911.0
3776,2021/01/04 11:47:00,68.0,68.05,67.9,68.05,6643.0
3777,2021/01/04 11:48:00,67.9,67.9,67.85,67.9,312.0
3778,2021/01/04 11:49:00,67.85,67.85,67.85,67.85,400.0
3779,2021/01/04 11:50:00,67.85,67.9,67.85,67.9,1702.0
3780,2021/01/04 11:51:00,67.9,67.9,67.9,67.9,1.0
3781,2021/01/04 11:52:00,67.9,67.9,67.85,67.9,141.0
3782,2021/01/04 11:53:00,67.85,67.85,67.85,67.85,505.0
3783,2021/01/04 11:54:00,67.9,67.9,67.85,67.85,2837.0
3784,2021/01/04 11:55:00,67.85,67.85,67.8,67.85,15237.0
3785,2021/01/04 11:56:00,67.85,67.9,67.8,67.9,3066.0
3786,2021/01/04 11:57:00,67.95,67.95,67.85,67.9,2119.0
3787,2021/01/04 11:58:00,67.95,67.95,67.95,67.95,92.0
3788,2021/01/04 11:59:00,67.85,67.85,67.85,67.85,419.0
3789,2021/01/04 12:00:00,67.85,67.85,67.7,67.8,15498.0
3790,2021/01/04 12:01:00,67.85,67.85,67.85,67.85,35.0
3791,2021/01/04 12:02:00,67.9,67.9,67.85,67.9,202.0
3792,2021/01/04 12:03:00,67.9,67.9,67.9,67.9,43.0
3793,2021/01/04 12:04:00,67.85,67.85,67.85,67.85,1100.0
3794,2021/01/04 12:05:00,67.85,67.9,67.85,67.9,16.0
3795,2021/01/04 12:06:00,67.75,67.9,67.75,67.9,1050.0
3796,2021/01/04 12:07:00,67.9,67.9,67.7,67.7,91.0
3797,2021/01/04 12:08:00,67.9,67.9,67.9,67.9,1.0
3798,2021/01/04 12:09:00,67.9,67.9,67.9,67.9,50.0
3799,2021/01/04 12:10:00,67.9,67.9,67.9,67.9,6685.0
3800,2021/01/04 12:11:00,67.9,67.9,67.8,67.8,1104.0
3801,2021/01/04 12:12:00,67.9,67.9,67.9,67.9,1.0
3802,2021/01/04 12:13:00,67.9,67.9,67.9,67.9,250.0
3803,2021/01/04 12:14:00,67.8,67.8,67.65,67.65,7357.0
3804,2021/01/04 12:15:00,67.6,67.9,67.6,67.9,4149.0
3805,2021/01/04 12:16:00,67.9,67.9,67.9,67.9,1895.0
3806,2021/01/04 12:17:00,67.9,67.9,67.9,67.9,40.0
3807,2021/01/04 12:18:00,67.9,67.9,67.9,67.9,10.0
3808,2021/01/04 12:19:00,67.75,67.75,67.75,67.75,252.0
3809,2021/01/04 12:20:00,67.75,67.85,67.7,67.85,1502.0
3810,2021/01/04 12:22:00,67.9,67.9,67.9,67.9,100.0
3811,2021/01/04 12:23:00,67.9,67.9,67.9,67.9,25.0
3812,2021/01/04 12:24:00,67.85,67.9,67.85,67.9,1050.0
3813,2021/01/04 12:25:00,67.9,67.9,67.9,67.9,2188.0
3814,2021/01/04 12:27:00,67.9,67.9,67.9,67.9,25.0
3815,2021/01/04 12:28:00,67.8,67.8,67.8,67.8,1070.0
3816,2021/01/04 12:29:00,67.8,67.8,67.8,67.8,50.0
3817,2021/01/04 12:30:00,67.9,67.9,67.9,67.9,250.0
3818,2021/01/04 12:32:00,67.9,67.9,67.9,67.9,800.0
3819,2021/01/04 12:34:00,67.9,67.9,67.8,67.9,92.0
3820,2021/01/04 12:35:00,67.9,67.9,67.9,67.9,1273.0
3821,2021/01/04 12:36:00,67.85,67.85,67.85,67.85,12.0
3822,2021/01/04 12:37:00,67.85,67.9,67.8,67.8,440.0
3823,2021/01/04 12:38:00,67.9,67.9,67.9,67.9,21.0
3824,2021/01/04 12:39:00,67.9,67.9,67.8,67.8,21.0
3825,2021/01/04 12:40:00,67.8,67.9,67.8,67.9,88.0
3826,2021/01/04 12:41:00,67.85,67.9,67.85,67.9,200.0
3827,2021/01/04 12:42:00,67.55,67.7,67.55,67.7,13725.0
3828,2021/01/04 12:43:00,67.65,67.75,67.55,67.75,3085.0
3829,2021/01/04 12:44:00,67.8,67.8,67.75,67.8,2640.0
3830,2021/01/04 12:45:00,67.8,67.8,67.75,67.75,1287.0
3831,2021/01/04 12:46:00,67.8,67.8,67.7,67.7,39.0
3832,2021/01/04 12:48:00,67.8,67.8,67.8,67.8,8.0
3833,2021/01/04 12:49:00,67.8,67.8,67.8,67.8,200.0
3834,2021/01/04 12:50:00,67.8,67.8,67.8,67.8,200.0
3835,2021/01/04 12:51:00,67.7,67.7,67.7,67.7,1783.0
3836,2021/01/04 12:52:00,67.6,67.7,67.55,67.7,6699.0
3837,2021/01/04 12:53:00,67.6,67.6,67.6,67.6,5.0
3838,2021/01/04 12:54:00,67.55,67.7,67.55,67.55,1342.0
3839,2021/01/04 12:55:00,67.6,67.6,67.6,67.6,60.0
3840,2021/01/04 12:56:00,67.6,67.7,67.6,67.6,750.0
3841,2021/01/04 12:57:00,67.6,67.6,67.6,67.6,1000.0
3842,2021/01/04 12:59:00,67.7,67.7,67.7,67.7,12.0
3843,2021/01/04 13:00:00,67.7,67.7,67.65,67.65,76.0
3844,2021/01/04 13:01:00,67.65,67.65,67.65,67.65,315.0
3845,2021/01/04 13:02:00,67.7,67.7,67.6,67.7,434.0
3846,2021/01/04 13:03:00,67.6,67.6,67.6,67.6,2408.0
3847,2021/01/04 13:04:00,67.6,67.6,67.6,67.6,1.0
3848,2021/01/04 13:05:00,67.6,67.6,67.55,67.55,550.0
3849,2021/01/04 13:06:00,67.55,67.55,67.55,67.55,307.0
3850,2021/01/04 13:07:00,67.6,67.6,67.6,67.6,1474.0
3851,2021/01/04 13:08:00,67.55,67.55,67.55,67.55,1000.0
3852,2021/01/04 13:10:00,67.65,67.65,67.65,67.65,200.0
3853,2021/01/04 13:11:00,67.65,67.65,67.55,67.55,2063.0
3854,2021/01/04 13:12:00,67.65,67.65,67.65,67.65,113.0
3855,2021/01/04 13:14:00,67.65,67.7,67.65,67.7,1448.0
3856,2021/01/04 13:15:00,67.8,67.8,67.75,67.8,1704.0
3857,2021/01/04 13:16:00,67.7,67.8,67.7,67.7,303.0
3858,2021/01/04 13:17:00,67.7,67.7,67.7,67.7,13.0
3859,2021/01/04 13:18:00,67.7,67.8,67.7,67.8,863.0
3860,2021/01/04 13:19:00,67.8,67.8,67.8,67.8,396.0
3861,2021/01/04 13:20:00,67.8,67.8,67.8,67.8,4816.0
3862,2021/01/04 13:21:00,67.7,67.8,67.7,67.75,838.0
3863,2021/01/04 13:22:00,67.75,67.75,67.75,67.75,1844.0
3864,2021/01/04 13:23:00,67.7,67.7,67.65,67.65,4083.0
3865,2021/01/04 13:24:00,67.7,67.75,67.6,67.6,2284.0
3866,2021/01/04 13:25:00,67.7,67.7,67.7,67.7,322.0
3867,2021/01/04 13:26:00,67.75,67.75,67.75,67.75,120.0
3868,2021/01/04 13:27:00,67.75,67.75,67.6,67.75,2724.0
3869,2021/01/04 13:28:00,67.75,67.75,67.6,67.7,315.0
3870,2021/01/04 13:29:00,67.55,67.7,67.55,67.7,800.0
3871,2021/01/04 13:30:00,67.6,67.7,67.6,67.6,1307.0
3872,2021/01/04 13:31:00,67.7,67.7,67.7,67.7,1724.0
3873,2021/01/04 13:32:00,67.6,67.7,67.6,67.6,109.0
3874,2021/01/04 13:33:00,67.7,67.7,67.6,67.7,621.0
3875,2021/01/04 13:34:00,67.7,67.7,67.65,67.65,576.0
3876,2021/01/04 13:35:00,67.65,67.65,67.65,67.65,25.0
3877,2021/01/04 13:36:00,67.65,67.65,67.65,67.65,150.0
3878,2021/01/04 13:37:00,67.65,67.65,67.65,67.65,78.0
3879,2021/01/04 13:38:00,67.65,67.7,67.65,67.7,3925.0
3880,2021/01/04 13:39:00,67.7,67.7,67.7,67.7,100.0
3881,2021/01/04 13:40:00,67.7,67.7,67.6,67.6,121.0
3882,2021/01/04 13:41:00,67.6,67.7,67.6,67.7,310.0
3883,2021/01/04 13:42:00,67.6,67.7,67.6,67.7,8.0
3884,2021/01/04 13:43:00,67.65,67.65,67.45,67.5,21859.0
3885,2021/01/04 13:44:00,67.5,67.5,67.5,67.5,1540.0
3886,2021/01/04 13:45:00,67.5,67.5,67.5,67.5,2114.0
3887,2021/01/04 13:46:00,67.5,67.5,67.45,67.45,1600.0
3888,2021/01/04 13:47:00,67.5,67.5,67.5,67.5,150.0
3889,2021/01/04 13:48:00,67.5,67.5,67.5,67.5,500.0
3890,2021/01/04 13:49:00,67.5,67.5,67.4,67.4,1042.0
3891,2021/01/04 13:50:00,67.4,67.4,67.4,67.4,200.0
3892,2021/01/04 13:51:00,67.5,67.5,67.4,67.45,149.0
3893,2021/01/04 13:52:00,67.45,67.5,67.45,67.5,1388.0
3894,2021/01/04 13:53:00,67.4,67.5,67.4,67.5,1900.0
3895,2021/01/04 13:54:00,67.5,67.5,67.4,67.5,1384.0
3896,2021/01/04 13:55:00,67.45,67.5,67.4,67.5,2150.0
3897,2021/01/04 13:56:00,67.5,67.5,67.5,67.5,214.0
3898,2021/01/04 13:57:00,67.5,67.5,67.5,67.5,1000.0
3899,2021/01/04 13:58:00,67.5,67.5,67.4,67.4,1416.0
3900,2021/01/04 13:59:00,67.5,67.5,67.5,67.5,3102.0
3901,2021/01/04 14:01:00,67.45,67.5,67.45,67.5,2208.0
3902,2021/01/04 14:02:00,67.5,67.5,67.45,67.5,1669.0
3903,2021/01/04 14:03:00,67.5,67.5,67.45,67.45,1101.0
3904,2021/01/04 14:05:00,67.45,67.5,67.45,67.5,3405.0
3905,2021/01/04 14:06:00,67.5,67.5,67.5,67.5,1.0
3906,2021/01/04 14:07:00,67.5,67.85,67.5,67.85,100017.0
3907,2021/01/04 14:08:00,67.6,67.9,67.55,67.7,7312.0
3908,2021/01/04 14:09:00,67.7,67.8,67.7,67.8,4496.0
3909,2021/01/04 14:10:00,67.8,67.8,67.8,67.8,1453.0
3910,2021/01/04 14:11:00,67.75,67.75,67.65,67.7,3350.0
3911,2021/01/04 14:12:00,67.75,67.9,67.75,67.9,1926.0
3912,2021/01/04 14:13:00,67.65,67.9,67.65,67.75,7070.0
3913,2021/01/04 14:14:00,67.7,67.7,67.6,67.6,5004.0
3914,2021/01/04 14:15:00,67.7,67.75,67.7,67.75,2000.0
3915,2021/01/04 14:16:00,67.65,67.8,67.65,67.8,304.0
3916,2021/01/04 14:17:00,67.75,67.75,67.6,67.6,1784.0
3917,2021/01/04 14:18:00,67.7,67.75,67.6,67.75,2104.0
3918,2021/01/04 14:19:00,67.75,67.75,67.75,67.75,45.0
3919,2021/01/04 14:20:00,67.7,67.7,67.6,67.6,1501.0
3920,2021/01/04 14:21:00,67.7,67.7,67.7,67.7,100.0
3921,2021/01/04 14:22:00,67.7,67.7,67.7,67.7,101.0
3922,2021/01/04 14:23:00,67.7,67.7,67.7,67.7,447.0
3923,2021/01/04 14:24:00,67.6,67.7,67.55,67.55,5615.0
3924,2021/01/04 14:26:00,67.7,67.7,67.55,67.55,105.0
3925,2021/01/04 14:27:00,67.65,67.7,67.65,67.7,30.0
3926,2021/01/04 14:28:00,67.7,67.7,67.6,67.6,54.0
3927,2021/01/04 14:29:00,67.7,67.7,67.55,67.65,1742.0
3928,2021/01/04 14:30:00,67.7,67.7,67.6,67.6,1635.0
3929,2021/01/04 14:31:00,67.7,67.7,67.7,67.7,150.0
3930,2021/01/04 14:32:00,67.75,67.75,67.75,67.75,8091.0
3931,2021/01/04 14:33:00,67.75,67.75,67.75,67.75,600.0
3932,2021/01/04 14:34:00,67.65,67.7,67.6,67.6,1100.0
3933,2021/01/04 14:35:00,67.7,67.7,67.6,67.7,3497.0
3934,2021/01/04 14:37:00,67.7,67.7,67.65,67.65,2041.0
3935,2021/01/04 14:38:00,67.6,67.7,67.6,67.7,6180.0
3936,2021/01/04 14:39:00,67.7,67.7,67.6,67.6,300.0
3937,2021/01/04 14:40:00,67.65,67.65,67.6,67.65,1108.0
3938,2021/01/04 14:41:00,67.65,67.65,67.65,67.65,40.0
3939,2021/01/04 14:42:00,67.65,67.65,67.65,67.65,52.0
3940,2021/01/04 14:43:00,67.65,67.8,67.65,67.8,17516.0
3941,2021/01/04 14:44:00,67.7,67.7,67.7,67.7,100.0
3942,2021/01/04 14:45:00,67.75,67.85,67.75,67.85,7997.0
3943,2021/01/04 14:46:00,67.85,67.85,67.75,67.8,1984.0
3944,2021/01/04 14:47:00,67.8,67.8,67.75,67.8,6230.0
3945,2021/01/04 14:48:00,67.7,67.75,67.7,67.75,468.0
3946,2021/01/04 14:49:00,67.75,67.8,67.75,67.8,1037.0
3947,2021/01/04 14:50:00,67.8,67.8,67.7,67.7,377.0
3948,2021/01/04 14:51:00,67.8,67.8,67.7,67.7,550.0
3949,2021/01/04 14:52:00,67.75,67.75,67.6,67.6,8428.0
3950,2021/01/04 14:53:00,67.55,67.7,67.55,67.65,1300.0
3951,2021/01/04 14:54:00,67.65,67.65,67.65,67.65,70.0
3952,2021/01/04 14:55:00,67.7,67.7,67.6,67.7,790.0
3953,2021/01/04 14:56:00,67.6,67.6,67.6,67.6,50.0
3954,2021/01/04 14:57:00,67.6,67.7,67.6,67.6,741.0
3955,2021/01/04 14:58:00,67.6,67.6,67.6,67.6,701.0
3956,2021/01/04 14:59:00,67.6,67.7,67.6,67.7,797.0
3957,2021/01/04 15:00:00,67.6,67.8,67.6,67.8,6175.0
3958,2021/01/04 15:01:00,67.8,67.8,67.75,67.75,3019.0
3959,2021/01/04 15:02:00,67.75,67.8,67.75,67.8,3365.0
3960,2021/01/04 15:03:00,67.8,67.8,67.8,67.8,7915.0
3961,2021/01/04 15:04:00,67.8,68.15,67.8,68.0,33745.0
3962,2021/01/04 15:05:00,68.05,68.05,67.8,67.9,10733.0
3963,2021/01/04 15:06:00,67.8,67.95,67.8,67.9,2948.0
3964,2021/01/04 15:07:00,67.9,67.95,67.9,67.9,15610.0
3965,2021/01/04 15:08:00,67.95,67.95,67.9,67.9,2751.0
3966,2021/01/04 15:09:00,67.85,67.95,67.85,67.9,3966.0
3967,2021/01/04 15:10:00,67.9,67.9,67.85,67.85,8944.0
3968,2021/01/04 15:11:00,67.85,67.9,67.85,67.9,5791.0
3969,2021/01/04 15:12:00,67.9,67.9,67.85,67.9,12052.0
3970,2021/01/04 15:13:00,67.85,67.9,67.85,67.85,6357.0
3971,2021/01/04 15:14:00,67.85,67.9,67.85,67.9,13001.0
3972,2021/01/04 15:15:00,67.9,67.9,67.85,67.85,6310.0
3973,2021/01/04 15:16:00,67.85,67.85,67.85,67.85,3422.0
3974,2021/01/04 15:17:00,67.85,67.9,67.85,67.85,15686.0
3975,2021/01/04 15:18:00,67.9,67.9,67.85,67.9,19727.0
3976,2021/01/04 15:19:00,67.9,67.95,67.85,67.85,25144.0
3977,2021/01/04 15:20:00,67.85,67.95,67.85,67.95,11651.0
3978,2021/01/04 15:21:00,67.95,67.95,67.8,67.8,6185.0
3979,2021/01/04 15:22:00,67.9,67.9,67.75,67.8,14994.0
3980,2021/01/04 15:23:00,67.75,67.75,67.65,67.7,3718.0
3981,2021/01/04 15:24:00,67.8,67.8,67.7,67.8,18369.0
3982,2021/01/04 15:25:00,67.8,67.9,67.75,67.9,17651.0
3983,2021/01/04 15:26:00,67.95,68.0,67.9,68.0,67089.0
3984,2021/01/04 15:27:00,68.0,68.0,67.9,67.9,25887.0
3985,2021/01/04 15:28:00,67.9,68.0,67.85,68.0,12215.0
3986,2021/01/04 15:29:00,68.0,68.0,67.85,68.0,30163.0
3987,2021/01/04 15:30:00,67.85,67.85,67.85,67.85,501.0
3988,2021/01/04 15:40:00,67.9,67.9,67.9,67.9,4500.0
3989,2021/01/04 15:42:00,67.9,67.9,67.9,67.9,553.0
3990,2021/01/04 15:43:00,67.9,67.9,67.9,67.9,50.0
3991,2021/01/04 15:45:00,67.9,67.9,67.9,67.9,77.0
3992,2021/01/04 15:55:00,67.9,67.9,67.9,67.9,100.0
3993,2021/01/05 09:07:00,67.8,67.8,67.8,67.8,3849.0
3994,2021/01/05 09:15:00,67.85,67.85,67.4,67.45,6734.0
3995,2021/01/05 09:16:00,67.5,67.6,67.3,67.3,7573.0
3996,2021/01/05 09:17:00,67.45,67.45,67.35,67.4,3570.0
3997,2021/01/05 09:18:00,67.4,67.8,67.4,67.8,16681.0
3998,2021/01/05 09:19:00,67.8,68.05,67.8,67.85,29198.0
3999,2021/01/05 09:20:00,67.8,67.95,67.65,67.7,4959.0
4000,2021/01/05 09:21:00,67.7,67.8,67.7,67.7,2553.0
4001,2021/01/05 09:22:00,67.7,67.8,67.65,67.8,1635.0
4002,2021/01/05 09:23:00,67.7,67.9,67.7,67.9,3850.0
4003,2021/01/05 09:24:00,67.75,67.85,67.7,67.8,404.0
4004,2021/01/05 09:25:00,67.9,67.9,67.8,67.9,2701.0
4005,2021/01/05 09:26:00,67.9,67.95,67.9,67.9,1857.0
4006,2021/01/05 09:27:00,67.9,67.9,67.8,67.8,672.0
4007,2021/01/05 09:28:00,67.9,67.9,67.8,67.8,2036.0
4008,2021/01/05 09:29:00,67.85,67.85,67.85,67.85,100.0
4009,2021/01/05 09:30:00,67.85,67.85,67.8,67.8,509.0
4010,2021/01/05 09:31:00,67.75,67.85,67.75,67.75,1495.0
4011,2021/01/05 09:32:00,67.85,67.85,67.75,67.75,2242.0
4012,2021/01/05 09:33:00,67.85,67.85,67.7,67.75,5255.0
4013,2021/01/05 09:34:00,67.75,67.75,67.65,67.65,4413.0
4014,2021/01/05 09:35:00,67.75,67.75,67.6,67.75,11127.0
4015,2021/01/05 09:36:00,67.65,67.75,67.65,67.75,2254.0
4016,2021/01/05 09:37:00,67.75,67.75,67.6,67.75,1927.0
4017,2021/01/05 09:38:00,67.75,67.75,67.75,67.75,20.0
4018,2021/01/05 09:39:00,67.75,67.75,67.7,67.7,276.0
4019,2021/01/05 09:40:00,67.65,67.7,67.65,67.7,2955.0
4020,2021/01/05 09:41:00,67.6,67.7,67.6,67.7,216.0
4021,2021/01/05 09:42:00,67.7,67.7,67.6,67.6,1200.0
4022,2021/01/05 09:43:00,67.7,67.7,67.7,67.7,457.0
4023,2021/01/05 09:44:00,67.7,67.7,67.6,67.6,1614.0
4024,2021/01/05 09:45:00,67.6,67.7,67.6,67.7,1542.0
4025,2021/01/05 09:46:00,67.7,67.7,67.7,67.7,244.0
4026,2021/01/05 09:47:00,67.6,67.7,67.6,67.65,403.0
4027,2021/01/05 09:48:00,67.7,67.7,67.7,67.7,3836.0
4028,2021/01/05 09:49:00,67.8,67.8,67.8,67.8,1576.0
4029,2021/01/05 09:50:00,67.8,67.8,67.8,67.8,1000.0
4030,2021/01/05 09:51:00,67.8,67.8,67.8,67.8,604.0
4031,2021/01/05 09:52:00,67.8,67.9,67.7,67.7,5478.0
4032,2021/01/05 09:53:00,67.85,67.85,67.85,67.85,300.0
4033,2021/01/05 09:55:00,67.75,67.75,67.75,67.75,500.0
4034,2021/01/05 09:56:00,67.75,67.75,67.7,67.75,22085.0
4035,2021/01/05 09:57:00,67.75,67.75,67.6,67.6,634.0
4036,2021/01/05 09:58:00,67.6,67.7,67.6,67.7,1191.0
4037,2021/01/05 09:59:00,67.6,67.7,67.6,67.6,2565.0
4038,2021/01/05 10:00:00,67.65,67.65,67.5,67.5,3633.0
4039,2021/01/05 10:01:00,67.4,67.4,67.35,67.4,16068.0
4040,2021/01/05 10:02:00,67.4,67.4,67.35,67.4,1702.0
4041,2021/01/05 10:03:00,67.45,67.45,67.35,67.4,322.0
4042,2021/01/05 10:04:00,67.4,67.4,67.4,67.4,1570.0
4043,2021/01/05 10:05:00,67.4,67.4,67.15,67.15,11233.0
4044,2021/01/05 10:06:00,67.15,67.2,67.0,67.0,12948.0
4045,2021/01/05 10:07:00,67.1,67.25,67.1,67.25,3372.0
4046,2021/01/05 10:08:00,67.2,67.4,67.2,67.35,840.0
4047,2021/01/05 10:09:00,67.35,67.35,67.2,67.2,5641.0
4048,2021/01/05 10:10:00,67.3,67.3,67.3,67.3,254.0
4049,2021/01/05 10:11:00,67.3,67.3,67.3,67.3,570.0
4050,2021/01/05 10:12:00,67.25,67.4,67.2,67.2,12192.0
4051,2021/01/05 10:13:00,67.4,67.5,67.4,67.5,9823.0
4052,2021/01/05 10:14:00,67.5,67.55,67.45,67.45,874.0
4053,2021/01/05 10:15:00,67.4,67.45,67.4,67.45,879.0
4054,2021/01/05 10:16:00,67.4,67.45,67.4,67.45,2868.0
4055,2021/01/05 10:17:00,67.4,67.4,67.3,67.35,2196.0
4056,2021/01/05 10:18:00,67.35,67.35,67.2,67.2,7312.0
4057,2021/01/05 10:19:00,67.2,67.2,67.2,67.2,5196.0
4058,2021/01/05 10:20:00,67.35,67.35,67.3,67.3,83.0
4059,2021/01/05 10:21:00,67.35,67.4,67.25,67.35,7208.0
4060,2021/01/05 10:22:00,67.45,67.45,67.35,67.45,214.0
4061,2021/01/05 10:23:00,67.45,67.45,67.4,67.4,1520.0
4062,2021/01/05 10:24:00,67.4,67.45,67.3,67.3,753.0
4063,2021/01/05 10:25:00,67.45,67.45,67.45,67.45,100.0
4064,2021/01/05 10:26:00,67.3,67.3,67.3,67.3,195.0
4065,2021/01/05 10:27:00,67.3,67.4,67.3,67.4,1457.0
4066,2021/01/05 10:28:00,67.4,67.4,67.3,67.3,1191.0
4067,2021/01/05 10:29:00,67.4,67.4,67.4,67.4,1100.0
4068,2021/01/05 10:30:00,67.3,67.4,67.3,67.4,803.0
4069,2021/01/05 10:31:00,67.4,67.4,67.3,67.4,749.0
4070,2021/01/05 10:32:00,67.4,67.4,67.4,67.4,8.0
4071,2021/01/05 10:33:00,67.3,67.3,67.3,67.3,50.0
4072,2021/01/05 10:34:00,67.3,67.4,67.3,67.4,784.0
4073,2021/01/05 10:35:00,67.4,67.4,67.4,67.4,100.0
4074,2021/01/05 10:36:00,67.4,67.4,67.3,67.3,618.0
4075,2021/01/05 10:37:00,67.3,67.4,67.3,67.4,202.0
4076,2021/01/05 10:38:00,67.35,67.35,67.35,67.35,297.0
4077,2021/01/05 10:39:00,67.3,67.35,67.25,67.25,803.0
4078,2021/01/05 10:40:00,67.4,67.4,67.35,67.35,21.0
4079,2021/01/05 10:41:00,67.35,67.35,67.35,67.35,1.0
4080,2021/01/05 10:42:00,67.35,67.35,67.35,67.35,31.0
4081,2021/01/05 10:44:00,67.35,67.35,67.35,67.35,2617.0
4082,2021/01/05 10:45:00,67.4,67.4,67.3,67.4,273.0
4083,2021/01/05 10:46:00,67.4,67.4,67.3,67.4,30.0
4084,2021/01/05 10:47:00,67.35,67.4,67.3,67.4,551.0
4085,2021/01/05 10:48:00,67.3,67.3,67.3,67.3,1.0
4086,2021/01/05 10:49:00,67.3,67.3,67.3,67.3,50.0
4087,2021/01/05 10:50:00,67.4,67.4,67.4,67.4,2323.0
4088,2021/01/05 10:51:00,67.45,67.45,67.4,67.45,200.0
4089,2021/01/05 10:52:00,67.45,67.45,67.4,67.45,144.0
4090,2021/01/05 10:53:00,67.45,67.45,67.45,67.45,100.0
4091,2021/01/05 10:54:00,67.45,67.45,67.45,67.45,480.0
4092,2021/01/05 10:55:00,67.45,67.5,67.35,67.5,3191.0
4093,2021/01/05 10:56:00,67.45,67.7,67.45,67.6,11461.0
4094,2021/01/05 10:57:00,67.7,67.7,67.55,67.7,1900.0
4095,2021/01/05 10:58:00,67.55,67.6,67.55,67.55,936.0
4096,2021/01/05 10:59:00,67.6,67.6,67.6,67.6,50.0
4097,2021/01/05 11:00:00,67.6,67.6,67.6,67.6,154.0
4098,2021/01/05 11:01:00,67.6,67.6,67.5,67.5,733.0
4099,2021/01/05 11:03:00,67.45,67.45,67.45,67.45,10.0
4100,2021/01/05 11:04:00,67.5,67.5,67.45,67.45,5797.0
4101,2021/01/05 11:05:00,67.5,67.7,67.5,67.7,11096.0
4102,2021/01/05 11:06:00,67.5,67.55,67.5,67.55,222.0
4103,2021/01/05 11:07:00,67.5,67.65,67.5,67.5,1063.0
4104,2021/01/05 11:08:00,67.55,67.55,67.5,67.5,2743.0
4105,2021/01/05 11:09:00,67.5,67.5,67.5,67.5,33.0
4106,2021/01/05 11:10:00,67.55,67.55,67.55,67.55,100.0
4107,2021/01/05 11:11:00,67.6,67.6,67.5,67.5,940.0
4108,2021/01/05 11:12:00,67.6,67.6,67.6,67.6,1550.0
4109,2021/01/05 11:13:00,67.6,67.65,67.6,67.65,310.0
4110,2021/01/05 11:14:00,67.65,67.65,67.65,67.65,1009.0
4111,2021/01/05 11:15:00,67.7,67.7,67.7,67.7,174.0
4112,2021/01/05 11:16:00,67.65,67.65,67.55,67.55,5648.0
4113,2021/01/05 11:17:00,67.65,67.65,67.65,67.65,297.0
4114,2021/01/05 11:18:00,67.6,67.65,67.5,67.65,393.0
4115,2021/01/05 11:19:00,67.65,67.65,67.65,67.65,1100.0
4116,2021/01/05 11:20:00,67.55,67.6,67.55,67.6,43.0
4117,2021/01/05 11:21:00,67.6,67.6,67.5,67.5,24.0
4118,2021/01/05 11:22:00,67.5,67.6,67.5,67.55,465.0
4119,2021/01/05 11:23:00,67.55,67.55,67.5,67.55,167.0
4120,2021/01/05 11:24:00,67.55,67.55,67.5,67.5,120.0
4121,2021/01/05 11:25:00,67.55,67.55,67.55,67.55,1020.0
4122,2021/01/05 11:26:00,67.5,67.5,67.5,67.5,168.0
4123,2021/01/05 11:27:00,67.55,67.55,67.55,67.55,321.0
4124,2021/01/05 11:28:00,67.5,67.55,67.5,67.55,213.0
4125,2021/01/05 11:29:00,67.55,67.55,67.55,67.55,448.0
4126,2021/01/05 11:30:00,67.65,67.65,67.6,67.6,1591.0
4127,2021/01/05 11:31:00,67.65,67.65,67.65,67.65,2360.0
4128,2021/01/05 11:32:00,67.7,67.7,67.65,67.65,900.0
4129,2021/01/05 11:33:00,67.65,67.65,67.65,67.65,1224.0
4130,2021/01/05 11:34:00,67.55,67.6,67.55,67.6,10598.0
4131,2021/01/05 11:35:00,67.6,67.6,67.55,67.55,77.0
4132,2021/01/05 11:36:00,67.6,67.7,67.6,67.7,4419.0
4133,2021/01/05 11:37:00,67.75,67.8,67.75,67.75,1155.0
4134,2021/01/05 11:38:00,67.75,67.75,67.6,67.6,9299.0
4135,2021/01/05 11:39:00,67.55,67.55,67.55,67.55,650.0
4136,2021/01/05 11:40:00,67.5,67.55,67.5,67.55,1439.0
4137,2021/01/05 11:41:00,67.55,67.55,67.55,67.55,752.0
4138,2021/01/05 11:42:00,67.55,67.55,67.45,67.45,3438.0
4139,2021/01/05 11:43:00,67.45,67.45,67.45,67.45,1372.0
4140,2021/01/05 11:44:00,67.45,67.45,67.45,67.45,211.0
4141,2021/01/05 11:45:00,67.5,67.5,67.4,67.5,1580.0
4142,2021/01/05 11:46:00,67.45,67.45,67.45,67.45,18.0
4143,2021/01/05 11:47:00,67.4,67.5,67.4,67.5,1182.0
4144,2021/01/05 11:48:00,67.5,67.5,67.45,67.45,646.0
4145,2021/01/05 11:49:00,67.45,67.55,67.45,67.55,1725.0
4146,2021/01/05 11:50:00,67.55,67.6,67.55,67.55,2951.0
4147,2021/01/05 11:51:00,67.6,67.6,67.6,67.6,2.0
4148,2021/01/05 11:52:00,67.6,67.6,67.6,67.6,2518.0
4149,2021/01/05 11:53:00,67.6,67.6,67.55,67.55,2372.0
4150,2021/01/05 11:54:00,67.5,67.5,67.5,67.5,450.0
4151,2021/01/05 11:55:00,67.5,67.6,67.5,67.5,1050.0
4152,2021/01/05 11:56:00,67.5,67.6,67.5,67.5,744.0
4153,2021/01/05 11:57:00,67.6,67.6,67.5,67.6,754.0
4154,2021/01/05 11:58:00,67.55,67.55,67.55,67.55,23.0
4155,2021/01/05 11:59:00,67.55,67.55,67.5,67.5,1523.0
4156,2021/01/05 12:00:00,67.45,67.45,67.45,67.45,400.0
4157,2021/01/05 12:01:00,67.55,67.55,67.45,67.45,105.0
4158,2021/01/05 12:02:00,67.6,67.6,67.6,67.6,11544.0
4159,2021/01/05 12:03:00,67.6,67.6,67.45,67.5,5239.0
4160,2021/01/05 12:04:00,67.5,67.55,67.5,67.55,1675.0
4161,2021/01/05 12:05:00,67.55,67.6,67.55,67.6,1354.0
4162,2021/01/05 12:06:00,67.6,67.6,67.55,67.6,198.0
4163,2021/01/05 12:07:00,67.6,67.6,67.6,67.6,500.0
4164,2021/01/05 12:08:00,67.65,67.65,67.65,67.65,121.0
4165,2021/01/05 12:09:00,67.7,67.7,67.6,67.7,471.0
4166,2021/01/05 12:10:00,67.6,67.7,67.6,67.65,7286.0
4167,2021/01/05 12:11:00,67.65,67.65,67.65,67.65,100.0
4168,2021/01/05 12:12:00,67.65,67.75,67.6,67.75,625.0
4169,2021/01/05 12:13:00,67.65,67.65,67.65,67.65,100.0
4170,2021/01/05 12:14:00,67.75,67.75,67.7,67.7,549.0
4171,2021/01/05 12:15:00,67.75,67.75,67.65,67.75,1261.0
4172,2021/01/05 12:16:00,67.75,67.75,67.65,67.7,954.0
4173,2021/01/05 12:17:00,67.65,67.8,67.65,67.8,2450.0
4174,2021/01/05 12:18:00,67.75,67.85,67.65,67.7,16550.0
4175,2021/01/05 12:19:00,67.55,67.55,67.55,67.55,32.0
4176,2021/01/05 12:20:00,67.6,67.6,67.6,67.6,33.0
4177,2021/01/05 12:21:00,67.65,67.65,67.6,67.6,149.0
4178,2021/01/05 12:22:00,67.6,67.6,67.6,67.6,200.0
4179,2021/01/05 12:23:00,67.6,67.6,67.6,67.6,243.0
4180,2021/01/05 12:25:00,67.65,67.7,67.6,67.6,2433.0
4181,2021/01/05 12:26:00,67.65,67.65,67.65,67.65,26.0
4182,2021/01/05 12:27:00,67.65,67.65,67.5,67.5,592.0
4183,2021/01/05 12:28:00,67.6,67.6,67.5,67.5,402.0
4184,2021/01/05 12:29:00,67.6,67.6,67.5,67.6,2987.0
4185,2021/01/05 12:30:00,67.55,67.6,67.55,67.6,402.0
4186,2021/01/05 12:31:00,67.65,67.65,67.65,67.65,1474.0
4187,2021/01/05 12:32:00,67.5,67.7,67.5,67.6,2244.0
4188,2021/01/05 12:33:00,67.65,67.65,67.6,67.6,42.0
4189,2021/01/05 12:34:00,67.7,67.7,67.7,67.7,200.0
4190,2021/01/05 12:35:00,67.65,67.65,67.65,67.65,28.0
4191,2021/01/05 12:36:00,67.6,67.6,67.6,67.6,1.0
4192,2021/01/05 12:37:00,67.65,67.65,67.65,67.65,25.0
4193,2021/01/05 12:38:00,67.65,67.65,67.5,67.5,1302.0
4194,2021/01/05 12:39:00,67.5,67.65,67.45,67.65,7385.0
4195,2021/01/05 12:40:00,67.5,67.5,67.5,67.5,151.0
4196,2021/01/05 12:41:00,67.6,67.6,67.6,67.6,1515.0
4197,2021/01/05 12:42:00,67.65,67.65,67.6,67.65,400.0
4198,2021/01/05 12:43:00,67.6,67.7,67.6,67.7,2046.0
4199,2021/01/05 12:44:00,67.6,67.65,67.6,67.65,125.0
4200,2021/01/05 12:45:00,67.65,67.7,67.6,67.7,1153.0
4201,2021/01/05 12:46:00,67.7,67.7,67.7,67.7,500.0
4202,2021/01/05 12:47:00,67.7,67.7,67.6,67.65,348.0
4203,2021/01/05 12:48:00,67.65,67.65,67.65,67.65,101.0
4204,2021/01/05 12:49:00,67.65,67.65,67.6,67.6,60.0
4205,2021/01/05 12:50:00,67.65,67.65,67.65,67.65,2.0
4206,2021/01/05 12:51:00,67.6,67.65,67.6,67.65,1030.0
4207,2021/01/05 12:52:00,67.6,67.6,67.6,67.6,350.0
4208,2021/01/05 12:53:00,67.6,67.6,67.6,67.6,1171.0
4209,2021/01/05 12:54:00,67.65,67.65,67.65,67.65,2.0
4210,2021/01/05 12:55:00,67.65,67.65,67.65,67.65,101.0
4211,2021/01/05 12:56:00,67.55,67.55,67.55,67.55,445.0
4212,2021/01/05 12:57:00,67.55,67.55,67.55,67.55,1000.0
4213,2021/01/05 12:59:00,67.6,67.6,67.6,67.6,28.0
4214,2021/01/05 13:00:00,67.6,67.6,67.6,67.6,2983.0
4215,2021/01/05 13:01:00,67.6,67.6,67.5,67.6,326.0
4216,2021/01/05 13:02:00,67.65,67.65,67.65,67.65,4.0
4217,2021/01/05 13:03:00,67.65,67.65,67.65,67.65,25.0
4218,2021/01/05 13:04:00,67.6,67.6,67.6,67.6,2537.0
4219,2021/01/05 13:05:00,67.55,67.55,67.55,67.55,40.0
4220,2021/01/05 13:06:00,67.5,67.5,67.5,67.5,6000.0
4221,2021/01/05 13:07:00,67.55,67.55,67.55,67.55,1920.0
4222,2021/01/05 13:08:00,67.6,67.6,67.6,67.6,220.0
4223,2021/01/05 13:09:00,67.6,67.6,67.5,67.5,272.0
4224,2021/01/05 13:10:00,67.6,67.6,67.6,67.6,50.0
4225,2021/01/05 13:11:00,67.6,67.6,67.6,67.6,4.0
4226,2021/01/05 13:12:00,67.6,67.6,67.55,67.55,31.0
4227,2021/01/05 13:13:00,67.6,67.6,67.5,67.5,163.0
4228,2021/01/05 13:14:00,67.6,67.6,67.6,67.6,100.0
4229,2021/01/05 13:15:00,67.55,67.6,67.45,67.45,795.0
4230,2021/01/05 13:16:00,67.6,67.6,67.6,67.6,750.0
4231,2021/01/05 13:17:00,67.6,67.6,67.6,67.6,1.0
4232,2021/01/05 13:18:00,67.5,67.6,67.5,67.6,1190.0
4233,2021/01/05 13:19:00,67.6,67.6,67.4,67.4,3391.0
4234,2021/01/05 13:20:00,67.4,67.4,67.4,67.4,86.0
4235,2021/01/05 13:22:00,67.5,67.5,67.5,67.5,657.0
4236,2021/01/05 13:23:00,67.55,67.55,67.5,67.5,4396.0
4237,2021/01/05 13:25:00,67.4,67.4,67.35,67.35,1633.0
4238,2021/01/05 13:26:00,67.3,67.4,67.3,67.35,3074.0
4239,2021/01/05 13:27:00,67.35,67.4,67.3,67.4,1091.0
4240,2021/01/05 13:28:00,67.35,67.5,67.35,67.45,5106.0
4241,2021/01/05 13:29:00,67.55,67.55,67.5,67.5,34.0
4242,2021/01/05 13:30:00,67.5,67.55,67.5,67.55,2625.0
4243,2021/01/05 13:31:00,67.45,67.45,67.45,67.45,500.0
4244,2021/01/05 13:33:00,67.5,67.5,67.5,67.5,25.0
4245,2021/01/05 13:34:00,67.45,67.45,67.45,67.45,100.0
4246,2021/01/05 13:36:00,67.5,67.5,67.45,67.45,720.0
4247,2021/01/05 13:37:00,67.55,67.55,67.45,67.45,3000.0
4248,2021/01/05 13:39:00,67.55,67.55,67.45,67.55,321.0
4249,2021/01/05 13:40:00,67.45,67.55,67.45,67.55,110.0
4250,2021/01/05 13:41:00,67.55,67.6,67.55,67.6,1072.0
4251,2021/01/05 13:42:00,67.5,67.5,67.5,67.5,93.0
4252,2021/01/05 13:43:00,67.6,67.6,67.6,67.6,575.0
4253,2021/01/05 13:44:00,67.6,67.6,67.55,67.55,603.0
4254,2021/01/05 13:45:00,67.45,67.45,67.45,67.45,714.0
4255,2021/01/05 13:46:00,67.6,67.6,67.6,67.6,700.0
4256,2021/01/05 13:47:00,67.6,67.6,67.55,67.55,30.0
4257,2021/01/05 13:48:00,67.55,67.6,67.55,67.6,426.0
4258,2021/01/05 13:49:00,67.6,67.65,67.55,67.55,2259.0
4259,2021/01/05 13:50:00,67.65,67.65,67.65,67.65,100.0
4260,2021/01/05 13:51:00,67.65,67.65,67.65,67.65,101.0
4261,2021/01/05 13:52:00,67.65,67.65,67.65,67.65,20.0
4262,2021/01/05 13:53:00,67.65,67.7,67.65,67.7,124.0
4263,2021/01/05 13:54:00,67.6,67.6,67.6,67.6,100.0
4264,2021/01/05 13:55:00,67.6,67.6,67.6,67.6,27.0
4265,2021/01/05 13:57:00,67.65,67.65,67.65,67.65,156.0
4266,2021/01/05 13:59:00,67.65,67.65,67.55,67.55,438.0
4267,2021/01/05 14:00:00,67.65,67.65,67.65,67.65,120.0
4268,2021/01/05 14:01:00,67.65,67.65,67.55,67.55,397.0
4269,2021/01/05 14:02:00,67.55,67.6,67.55,67.6,29.0
4270,2021/01/05 14:03:00,67.6,67.65,67.6,67.65,207.0
4271,2021/01/05 14:04:00,67.65,67.65,67.55,67.65,4018.0
4272,2021/01/05 14:05:00,67.7,67.8,67.65,67.65,3335.0
4273,2021/01/05 14:06:00,67.65,67.65,67.6,67.6,387.0
4274,2021/01/05 14:07:00,67.75,67.75,67.6,67.6,163.0
4275,2021/01/05 14:08:00,67.75,67.75,67.75,67.75,886.0
4276,2021/01/05 14:09:00,67.75,67.75,67.75,67.75,723.0
4277,2021/01/05 14:10:00,67.75,67.75,67.65,67.7,1661.0
4278,2021/01/05 14:11:00,67.65,67.7,67.65,67.7,618.0
4279,2021/01/05 14:12:00,67.7,67.7,67.6,67.65,577.0
4280,2021/01/05 14:13:00,67.7,67.7,67.7,67.7,35.0
4281,2021/01/05 14:14:00,67.7,67.7,67.6,67.65,276.0
4282,2021/01/05 14:15:00,67.65,67.7,67.6,67.6,596.0
4283,2021/01/05 14:16:00,67.6,67.6,67.55,67.55,1200.0
4284,2021/01/05 14:17:00,67.55,67.6,67.55,67.55,2003.0
4285,2021/01/05 14:18:00,67.55,67.65,67.55,67.65,877.0
4286,2021/01/05 14:19:00,67.55,67.55,67.55,67.55,58.0
4287,2021/01/05 14:20:00,67.55,67.55,67.55,67.55,244.0
4288,2021/01/05 14:21:00,67.6,67.6,67.6,67.6,30.0
4289,2021/01/05 14:22:00,67.6,67.6,67.55,67.55,144.0
4290,2021/01/05 14:23:00,67.55,67.55,67.55,67.55,100.0
4291,2021/01/05 14:24:00,67.55,67.55,67.45,67.45,2928.0
4292,2021/01/05 14:25:00,67.4,67.55,67.4,67.5,683.0
4293,2021/01/05 14:26:00,67.4,67.4,67.4,67.4,257.0
4294,2021/01/05 14:27:00,67.45,67.45,67.45,67.45,397.0
4295,2021/01/05 14:28:00,67.45,67.45,67.35,67.35,633.0
4296,2021/01/05 14:29:00,67.35,67.45,67.35,67.45,7778.0
4297,2021/01/05 14:30:00,67.45,67.5,67.35,67.35,3211.0
4298,2021/01/05 14:31:00,67.35,67.35,67.35,67.35,1069.0
4299,2021/01/05 14:32:00,67.45,67.45,67.35,67.35,975.0
4300,2021/01/05 14:33:00,67.5,67.5,67.45,67.45,345.0
4301,2021/01/05 14:34:00,67.4,67.5,67.4,67.5,306.0
4302,2021/01/05 14:35:00,67.45,67.5,67.45,67.45,20957.0
4303,2021/01/05 14:36:00,67.45,67.5,67.45,67.5,17453.0
4304,2021/01/05 14:37:00,67.45,67.45,67.4,67.4,495.0
4305,2021/01/05 14:38:00,67.45,67.45,67.45,67.45,70.0
4306,2021/01/05 14:39:00,67.45,67.45,67.4,67.45,2706.0
4307,2021/01/05 14:40:00,67.45,67.5,67.45,67.45,1043.0
4308,2021/01/05 14:41:00,67.4,67.4,67.4,67.4,550.0
4309,2021/01/05 14:42:00,67.35,67.4,67.35,67.4,6710.0
4310,2021/01/05 14:44:00,67.5,67.5,67.4,67.5,1051.0
4311,2021/01/05 14:45:00,67.45,67.5,67.45,67.5,25034.0
4312,2021/01/05 14:46:00,67.4,67.5,67.4,67.5,5423.0
4313,2021/01/05 14:47:00,67.5,67.5,67.5,67.5,5590.0
4314,2021/01/05 14:48:00,67.45,67.5,67.45,67.5,1163.0
4315,2021/01/05 14:49:00,67.5,67.5,67.5,67.5,2234.0
4316,2021/01/05 14:50:00,67.45,67.5,67.45,67.5,2250.0
4317,2021/01/05 14:51:00,67.45,67.5,67.45,67.5,1542.0
4318,2021/01/05 14:52:00,67.5,67.5,67.4,67.4,6040.0
4319,2021/01/05 14:53:00,67.5,67.5,67.4,67.4,16000.0
4320,2021/01/05 14:54:00,67.5,67.5,67.4,67.4,5526.0
4321,2021/01/05 14:55:00,67.5,67.5,67.4,67.5,1693.0
4322,2021/01/05 14:56:00,67.4,67.5,67.4,67.5,1511.0
4323,2021/01/05 14:57:00,67.5,67.5,67.4,67.4,3310.0
4324,2021/01/05 14:58:00,67.45,67.45,67.4,67.4,8025.0
4325,2021/01/05 14:59:00,67.45,67.45,67.45,67.45,162.0
4326,2021/01/05 15:00:00,67.45,67.5,67.45,67.5,5114.0
4327,2021/01/05 15:01:00,67.5,67.5,67.45,67.5,2479.0
4328,2021/01/05 15:02:00,67.5,67.5,67.45,67.5,3436.0
4329,2021/01/05 15:03:00,67.5,67.5,67.45,67.45,3679.0
4330,2021/01/05 15:04:00,67.5,67.5,67.45,67.5,1728.0
4331,2021/01/05 15:05:00,67.5,67.5,67.45,67.45,1990.0
4332,2021/01/05 15:06:00,67.5,67.5,67.45,67.5,2484.0
4333,2021/01/05 15:07:00,67.5,67.5,67.45,67.5,2377.0
4334,2021/01/05 15:08:00,67.45,67.5,67.45,67.5,3872.0
4335,2021/01/05 15:09:00,67.5,67.5,67.45,67.5,16179.0
4336,2021/01/05 15:10:00,67.5,67.5,67.45,67.5,7428.0
4337,2021/01/05 15:11:00,67.5,67.5,67.45,67.5,13050.0
4338,2021/01/05 15:12:00,67.45,67.5,67.45,67.45,8267.0
4339,2021/01/05 15:13:00,67.5,67.5,67.45,67.5,7068.0
4340,2021/01/05 15:14:00,67.5,67.5,67.45,67.45,4083.0
4341,2021/01/05 15:15:00,67.45,67.5,67.45,67.45,2632.0
4342,2021/01/05 15:16:00,67.5,67.5,67.45,67.45,18075.0
4343,2021/01/05 15:17:00,67.5,67.5,67.45,67.45,5605.0
4344,2021/01/05 15:18:00,67.5,67.5,67.4,67.4,5018.0
4345,2021/01/05 15:19:00,67.4,67.45,67.4,67.45,3645.0
4346,2021/01/05 15:20:00,67.45,67.5,67.45,67.5,4372.0
4347,2021/01/05 15:21:00,67.45,67.5,67.45,67.45,10525.0
4348,2021/01/05 15:22:00,67.45,67.5,67.45,67.5,2746.0
4349,2021/01/05 15:23:00,67.45,67.5,67.35,67.4,11747.0
4350,2021/01/05 15:24:00,67.4,67.45,67.4,67.4,2911.0
4351,2021/01/05 15:25:00,67.4,67.4,67.3,67.35,10314.0
4352,2021/01/05 15:26:00,67.35,67.35,67.25,67.35,6078.0
4353,2021/01/05 15:27:00,67.25,67.4,67.25,67.35,10871.0
4354,2021/01/05 15:28:00,67.4,67.45,67.3,67.3,7113.0
4355,2021/01/05 15:29:00,67.3,67.4,67.3,67.35,11252.0
4356,2021/01/05 15:56:00,67.45,67.45,67.35,67.35,5600.0
4357,2021/01/05 15:57:00,67.45,67.45,67.45,67.45,25.0
4358,2021/01/05 15:58:00,67.45,67.45,67.45,67.45,450.0
4359,2021/01/05 15:59:00,67.45,67.45,67.35,67.35,192.0
4360,2021/01/06 09:07:00,68.0,68.0,68.0,68.0,5222.0
4361,2021/01/06 09:15:00,67.55,67.95,67.55,67.75,17703.0
4362,2021/01/06 09:16:00,67.65,68.0,67.65,67.95,13844.0
4363,2021/01/06 09:17:00,68.0,68.1,67.95,68.1,9984.0
4364,2021/01/06 09:18:00,68.0,68.35,68.0,68.35,47993.0
4365,2021/01/06 09:19:00,68.25,68.45,68.15,68.45,8429.0
4366,2021/01/06 09:20:00,68.45,68.5,68.05,68.25,43255.0
4367,2021/01/06 09:21:00,68.25,68.25,68.0,68.0,10594.0
4368,2021/01/06 09:22:00,68.15,68.25,68.1,68.25,4694.0
4369,2021/01/06 09:23:00,68.1,68.2,68.05,68.05,4197.0
4370,2021/01/06 09:24:00,68.2,68.2,68.05,68.2,3169.0
4371,2021/01/06 09:25:00,68.2,68.2,68.0,68.05,4824.0
4372,2021/01/06 09:26:00,68.05,68.05,68.0,68.0,9750.0
4373,2021/01/06 09:27:00,68.05,68.05,68.0,68.0,272.0
4374,2021/01/06 09:28:00,68.0,68.0,67.85,67.95,3016.0
4375,2021/01/06 09:29:00,67.95,68.0,67.9,68.0,5378.0
4376,2021/01/06 09:30:00,67.9,67.9,67.65,67.75,11448.0
4377,2021/01/06 09:31:00,67.8,67.9,67.6,67.8,3689.0
4378,2021/01/06 09:32:00,67.8,67.8,67.7,67.7,3109.0
4379,2021/01/06 09:33:00,67.7,67.7,67.65,67.7,2885.0
4380,2021/01/06 09:34:00,67.7,67.7,67.65,67.7,3919.0
4381,2021/01/06 09:35:00,67.7,67.7,67.6,67.65,1997.0
4382,2021/01/06 09:36:00,67.65,67.85,67.65,67.8,5625.0
4383,2021/01/06 09:37:00,67.85,67.85,67.85,67.85,1240.0
4384,2021/01/06 09:38:00,67.85,67.85,67.75,67.8,1200.0
4385,2021/01/06 09:39:00,67.8,67.85,67.8,67.85,414.0
4386,2021/01/06 09:40:00,67.85,67.9,67.75,67.75,4005.0
4387,2021/01/06 09:41:00,67.75,67.9,67.75,67.9,135.0
4388,2021/01/06 09:42:00,67.75,67.75,67.7,67.7,3508.0
4389,2021/01/06 09:43:00,67.7,67.75,67.7,67.7,1056.0
4390,2021/01/06 09:44:00,67.75,67.75,67.65,67.7,11680.0
4391,2021/01/06 09:45:00,67.75,67.75,67.75,67.75,4250.0
4392,2021/01/06 09:46:00,67.75,67.75,67.7,67.7,700.0
4393,2021/01/06 09:47:00,67.75,67.8,67.55,67.8,9135.0
4394,2021/01/06 09:48:00,67.8,67.8,67.7,67.8,1005.0
4395,2021/01/06 09:49:00,67.7,67.8,67.7,67.8,227.0
4396,2021/01/06 09:50:00,67.7,67.8,67.45,67.7,37991.0
4397,2021/01/06 09:51:00,67.7,67.7,67.6,67.6,1855.0
4398,2021/01/06 09:52:00,67.7,67.85,67.7,67.85,3550.0
4399,2021/01/06 09:53:00,67.75,67.85,67.75,67.8,1015.0
4400,2021/01/06 09:54:00,67.85,67.85,67.75,67.75,7101.0
4401,2021/01/06 09:55:00,67.75,67.85,67.7,67.75,4409.0
4402,2021/01/06 09:56:00,67.5,67.65,67.5,67.6,16753.0
4403,2021/01/06 09:57:00,67.7,67.8,67.65,67.65,6774.0
4404,2021/01/06 09:58:00,67.8,67.8,67.6,67.6,5536.0
4405,2021/01/06 09:59:00,67.6,67.75,67.6,67.75,402.0
4406,2021/01/06 10:00:00,67.85,67.85,67.85,67.85,5000.0
4407,2021/01/06 10:01:00,67.85,67.85,67.85,67.85,1050.0
4408,2021/01/06 10:02:00,67.8,67.95,67.7,67.95,5830.0
4409,2021/01/06 10:03:00,67.95,67.95,67.75,67.75,765.0
4410,2021/01/06 10:04:00,67.85,67.9,67.7,67.7,12070.0
4411,2021/01/06 10:05:00,67.8,67.9,67.7,67.9,1396.0
4412,2021/01/06 10:06:00,67.75,67.9,67.75,67.8,163.0
4413,2021/01/06 10:07:00,67.8,67.8,67.8,67.8,857.0
4414,2021/01/06 10:08:00,67.85,67.9,67.85,67.9,941.0
4415,2021/01/06 10:09:00,67.9,67.9,67.8,67.8,1967.0
4416,2021/01/06 10:10:00,67.7,67.7,67.65,67.7,6436.0
4417,2021/01/06 10:11:00,67.7,67.7,67.7,67.7,1020.0
4418,2021/01/06 10:12:00,67.7,67.7,67.7,67.7,2004.0
4419,2021/01/06 10:13:00,67.7,67.75,67.65,67.75,1880.0
4420,2021/01/06 10:14:00,67.75,67.75,67.7,67.75,1758.0
4421,2021/01/06 10:15:00,67.75,67.75,67.75,67.75,525.0
4422,2021/01/06 10:16:00,67.7,67.75,67.7,67.7,504.0
4423,2021/01/06 10:17:00,67.7,67.8,67.7,67.8,1171.0
4424,2021/01/06 10:18:00,67.75,67.8,67.75,67.75,4026.0
4425,2021/01/06 10:19:00,67.75,67.75,67.75,67.75,330.0
4426,2021/01/06 10:20:00,67.7,67.7,67.7,67.7,50.0
4427,2021/01/06 10:21:00,67.7,67.8,67.7,67.8,1766.0
4428,2021/01/06 10:22:00,67.8,67.8,67.65,67.8,6263.0
4429,2021/01/06 10:23:00,67.8,67.8,67.8,67.8,706.0
4430,2021/01/06 10:24:00,67.8,67.8,67.8,67.8,2151.0
4431,2021/01/06 10:25:00,67.8,67.8,67.75,67.75,210.0
4432,2021/01/06 10:26:00,67.75,67.8,67.75,67.8,587.0
4433,2021/01/06 10:27:00,67.8,67.8,67.75,67.75,28.0
4434,2021/01/06 10:28:00,67.8,67.8,67.75,67.75,120.0
4435,2021/01/06 10:29:00,67.75,67.75,67.7,67.7,1558.0
4436,2021/01/06 10:30:00,67.8,67.8,67.65,67.8,2114.0
4437,2021/01/06 10:31:00,67.8,67.8,67.75,67.75,102.0
4438,2021/01/06 10:32:00,67.7,67.75,67.65,67.65,6928.0
4439,2021/01/06 10:33:00,67.7,67.7,67.6,67.6,2650.0
4440,2021/01/06 10:34:00,67.6,67.7,67.6,67.7,103.0
4441,2021/01/06 10:35:00,67.7,67.7,67.6,67.6,1453.0
4442,2021/01/06 10:36:00,67.65,67.65,67.6,67.6,199.0
4443,2021/01/06 10:37:00,67.65,67.65,67.55,67.55,13525.0
4444,2021/01/06 10:38:00,67.6,67.6,67.5,67.55,548.0
4445,2021/01/06 10:39:00,67.45,67.5,67.4,67.45,8290.0
4446,2021/01/06 10:40:00,67.5,67.55,67.45,67.55,4340.0
4447,2021/01/06 10:41:00,67.6,67.6,67.45,67.5,3436.0
4448,2021/01/06 10:42:00,67.45,67.6,67.45,67.5,2044.0
4449,2021/01/06 10:43:00,67.45,67.6,67.45,67.45,407.0
4450,2021/01/06 10:44:00,67.55,67.55,67.5,67.5,507.0
4451,2021/01/06 10:45:00,67.5,67.5,67.5,67.5,370.0
4452,2021/01/06 10:46:00,67.5,67.5,67.5,67.5,1321.0
4453,2021/01/06 10:47:00,67.5,67.55,67.5,67.5,288.0
4454,2021/01/06 10:48:00,67.55,67.55,67.55,67.55,25.0
4455,2021/01/06 10:49:00,67.6,67.6,67.6,67.6,650.0
4456,2021/01/06 10:50:00,67.6,67.6,67.5,67.5,1900.0
4457,2021/01/06 10:51:00,67.55,67.6,67.55,67.6,255.0
4458,2021/01/06 10:52:00,67.6,67.6,67.55,67.6,710.0
4459,2021/01/06 10:53:00,67.6,67.6,67.6,67.6,50.0
4460,2021/01/06 10:54:00,67.65,67.65,67.6,67.65,2212.0
4461,2021/01/06 10:55:00,67.65,67.7,67.6,67.65,3328.0
4462,2021/01/06 10:56:00,67.6,67.6,67.55,67.6,1155.0
4463,2021/01/06 10:57:00,67.55,67.55,67.5,67.5,3279.0
4464,2021/01/06 10:58:00,67.6,67.65,67.5,67.65,710.0
4465,2021/01/06 10:59:00,67.6,67.65,67.6,67.65,1581.0
4466,2021/01/06 11:00:00,67.65,67.65,67.6,67.65,3488.0
4467,2021/01/06 11:01:00,67.65,67.65,67.65,67.65,1060.0
4468,2021/01/06 11:02:00,67.55,67.65,67.55,67.65,351.0
4469,2021/01/06 11:03:00,67.65,67.65,67.65,67.65,68.0
4470,2021/01/06 11:04:00,67.65,67.65,67.65,67.65,1227.0
4471,2021/01/06 11:05:00,67.65,67.65,67.6,67.65,315.0
4472,2021/01/06 11:06:00,67.65,67.7,67.65,67.7,701.0
4473,2021/01/06 11:07:00,67.6,67.7,67.55,67.55,3419.0
4474,2021/01/06 11:08:00,67.7,67.7,67.5,67.65,2682.0
4475,2021/01/06 11:09:00,67.5,67.65,67.5,67.5,71.0
4476,2021/01/06 11:10:00,67.5,67.65,67.5,67.55,1040.0
4477,2021/01/06 11:11:00,67.5,67.6,67.5,67.6,6625.0
4478,2021/01/06 11:12:00,67.5,67.5,67.45,67.5,2778.0
4479,2021/01/06 11:13:00,67.5,67.5,67.4,67.4,5421.0
4480,2021/01/06 11:14:00,67.4,67.45,67.4,67.45,778.0
4481,2021/01/06 11:15:00,67.4,67.45,67.4,67.45,1357.0
4482,2021/01/06 11:16:00,67.45,67.45,67.45,67.45,1465.0
4483,2021/01/06 11:17:00,67.45,67.45,67.4,67.45,4709.0
4484,2021/01/06 11:18:00,67.5,67.5,67.4,67.5,1846.0
4485,2021/01/06 11:19:00,67.4,67.45,67.4,67.45,4929.0
4486,2021/01/06 11:20:00,67.45,67.45,67.45,67.45,453.0
4487,2021/01/06 11:21:00,67.5,67.5,67.5,67.5,349.0
4488,2021/01/06 11:22:00,67.5,67.55,67.5,67.55,3356.0
4489,2021/01/06 11:23:00,67.45,67.55,67.4,67.5,6160.0
4490,2021/01/06 11:24:00,67.5,67.5,67.35,67.35,526.0
4491,2021/01/06 11:25:00,67.5,67.5,67.5,67.5,100.0
4492,2021/01/06 11:26:00,67.5,67.55,67.5,67.55,2249.0
4493,2021/01/06 11:27:00,67.5,67.55,67.5,67.55,2445.0
4494,2021/01/06 11:28:00,67.55,67.55,67.5,67.5,289.0
4495,2021/01/06 11:29:00,67.55,67.55,67.55,67.55,399.0
4496,2021/01/06 11:30:00,67.55,67.6,67.55,67.6,810.0
4497,2021/01/06 11:31:00,67.45,67.6,67.45,67.6,257.0
4498,2021/01/06 11:32:00,67.5,67.55,67.4,67.4,5061.0
4499,2021/01/06 11:33:00,67.6,67.6,67.6,67.6,1000.0
4500,2021/01/06 11:34:00,67.4,67.45,67.4,67.45,1630.0
4501,2021/01/06 11:35:00,67.55,67.55,67.35,67.35,1513.0
4502,2021/01/06 11:36:00,67.45,67.5,67.45,67.5,34431.0
4503,2021/01/06 11:37:00,67.5,67.5,67.4,67.5,34175.0
4504,2021/01/06 11:38:00,67.5,67.5,67.5,67.5,20600.0
4505,2021/01/06 11:39:00,67.5,67.5,67.5,67.5,90.0
4506,2021/01/06 11:40:00,67.5,67.5,67.4,67.4,380.0
4507,2021/01/06 11:41:00,67.5,67.5,67.4,67.4,1501.0
4508,2021/01/06 11:42:00,67.5,67.5,67.4,67.5,52.0
4509,2021/01/06 11:43:00,67.5,67.5,67.5,67.5,600.0
4510,2021/01/06 11:44:00,67.5,67.5,67.4,67.4,402.0
4511,2021/01/06 11:45:00,67.4,67.4,67.4,67.4,266.0
4512,2021/01/06 11:46:00,67.4,67.4,67.4,67.4,636.0
4513,2021/01/06 11:47:00,67.35,67.35,67.35,67.35,5077.0
4514,2021/01/06 11:48:00,67.3,67.35,67.2,67.25,9390.0
4515,2021/01/06 11:49:00,67.35,67.35,67.25,67.35,5240.0
4516,2021/01/06 11:50:00,67.4,67.4,67.4,67.4,2050.0
4517,2021/01/06 11:51:00,67.3,67.3,67.3,67.3,50.0
4518,2021/01/06 11:52:00,67.4,67.4,67.4,67.4,1065.0
4519,2021/01/06 11:53:00,67.45,67.45,67.3,67.3,574.0
4520,2021/01/06 11:54:00,67.3,67.4,67.3,67.4,173.0
4521,2021/01/06 11:55:00,67.35,67.4,67.35,67.4,399.0
4522,2021/01/06 11:56:00,67.4,67.45,67.4,67.45,26009.0
4523,2021/01/06 11:57:00,67.5,67.5,67.5,67.5,450.0
4524,2021/01/06 11:59:00,67.45,67.5,67.45,67.5,515.0
4525,2021/01/06 12:01:00,67.45,67.5,67.45,67.45,830.0
4526,2021/01/06 12:02:00,67.45,67.45,67.45,67.45,530.0
4527,2021/01/06 12:03:00,67.4,67.4,67.4,67.4,15.0
4528,2021/01/06 12:04:00,67.35,67.45,67.35,67.45,10021.0
4529,2021/01/06 12:05:00,67.45,67.45,67.4,67.4,150.0
4530,2021/01/06 12:06:00,67.4,67.4,67.4,67.4,25.0
4531,2021/01/06 12:07:00,67.35,67.35,67.35,67.35,100.0
4532,2021/01/06 12:08:00,67.4,67.4,67.35,67.35,70.0
4533,2021/01/06 12:09:00,67.4,67.4,67.35,67.4,2201.0
4534,2021/01/06 12:10:00,67.35,67.4,67.35,67.4,3102.0
4535,2021/01/06 12:11:00,67.45,67.45,67.45,67.45,1222.0
4536,2021/01/06 12:12:00,67.4,67.4,67.4,67.4,71.0
4537,2021/01/06 12:13:00,67.4,67.5,67.4,67.4,297.0
4538,2021/01/06 12:14:00,67.5,67.5,67.4,67.5,1010.0
4539,2021/01/06 12:15:00,67.4,67.45,67.4,67.45,2996.0
4540,2021/01/06 12:16:00,67.45,67.45,67.35,67.35,1841.0
4541,2021/01/06 12:17:00,67.35,67.5,67.35,67.5,917.0
4542,2021/01/06 12:18:00,67.35,67.5,67.35,67.5,282.0
4543,2021/01/06 12:19:00,67.7,67.75,67.5,67.5,116992.0
4544,2021/01/06 12:20:00,67.45,67.6,67.45,67.5,249881.0
4545,2021/01/06 12:21:00,67.5,67.55,67.5,67.5,209888.0
4546,2021/01/06 12:22:00,67.65,67.75,67.6,67.65,4674.0
4547,2021/01/06 12:23:00,67.7,67.8,67.4,67.8,112924.0
4548,2021/01/06 12:24:00,67.75,67.95,67.75,67.9,10944.0
4549,2021/01/06 12:25:00,67.9,67.95,67.9,67.95,6465.0
4550,2021/01/06 12:26:00,67.95,68.0,67.95,67.95,10138.0
4551,2021/01/06 12:27:00,68.05,68.2,68.0,68.15,27506.0
4552,2021/01/06 12:28:00,68.2,68.3,68.15,68.3,12308.0
4553,2021/01/06 12:29:00,68.25,68.5,68.25,68.4,106678.0
4554,2021/01/06 12:30:00,68.4,68.4,68.2,68.25,6105.0
4555,2021/01/06 12:31:00,68.25,68.25,68.15,68.2,6052.0
4556,2021/01/06 12:32:00,68.15,68.2,68.1,68.1,4875.0
4557,2021/01/06 12:33:00,68.2,68.25,68.1,68.25,5800.0
4558,2021/01/06 12:34:00,68.15,68.25,68.15,68.25,1704.0
4559,2021/01/06 12:35:00,68.3,68.4,68.25,68.35,7415.0
4560,2021/01/06 12:36:00,68.3,68.4,68.3,68.35,10345.0
4561,2021/01/06 12:37:00,68.4,68.45,68.3,68.45,14923.0
4562,2021/01/06 12:38:00,68.35,68.35,68.35,68.35,1250.0
4563,2021/01/06 12:39:00,68.25,68.3,68.25,68.3,2750.0
4564,2021/01/06 12:40:00,68.3,68.4,68.3,68.4,3988.0
4565,2021/01/06 12:41:00,68.3,68.3,68.25,68.25,2376.0
4566,2021/01/06 12:42:00,68.3,68.3,68.25,68.25,2556.0
4567,2021/01/06 12:43:00,68.2,68.2,68.0,68.05,9937.0
4568,2021/01/06 12:44:00,68.05,68.05,68.0,68.0,1578.0
4569,2021/01/06 12:45:00,68.05,68.05,67.9,67.95,6257.0
4570,2021/01/06 12:46:00,67.85,67.85,67.85,67.85,500.0
4571,2021/01/06 12:47:00,67.75,67.85,67.7,67.85,4119.0
4572,2021/01/06 12:48:00,67.8,67.8,67.8,67.8,450.0
4573,2021/01/06 12:49:00,67.8,67.8,67.7,67.7,3114.0
4574,2021/01/06 12:50:00,67.75,67.8,67.75,67.8,250.0
4575,2021/01/06 12:51:00,68.0,68.0,67.85,67.95,9707.0
4576,2021/01/06 12:52:00,67.95,67.95,67.95,67.95,522.0
4577,2021/01/06 12:53:00,67.95,67.95,67.85,67.85,996.0
4578,2021/01/06 12:54:00,67.95,67.95,67.95,67.95,25.0
4579,2021/01/06 12:55:00,67.9,68.0,67.85,67.85,2264.0
4580,2021/01/06 12:56:00,68.0,68.0,67.75,67.95,2204.0
4581,2021/01/06 12:57:00,67.9,67.9,67.9,67.9,7.0
4582,2021/01/06 12:58:00,67.9,68.0,67.9,68.0,1062.0
4583,2021/01/06 12:59:00,67.85,67.95,67.85,67.95,1307.0
4584,2021/01/06 13:00:00,68.0,68.0,67.9,67.9,4170.0
4585,2021/01/06 13:01:00,67.9,68.0,67.9,67.95,376.0
4586,2021/01/06 13:02:00,67.9,67.9,67.9,67.9,12.0
4587,2021/01/06 13:03:00,67.9,67.9,67.85,67.85,1723.0
4588,2021/01/06 13:04:00,67.85,67.9,67.85,67.9,2722.0
4589,2021/01/06 13:05:00,67.9,67.9,67.9,67.9,101.0
4590,2021/01/06 13:06:00,67.95,67.95,67.95,67.95,562.0
4591,2021/01/06 13:07:00,67.9,68.0,67.9,67.9,3213.0
4592,2021/01/06 13:08:00,67.95,68.0,67.9,67.9,14685.0
4593,2021/01/06 13:09:00,67.9,67.95,67.9,67.9,378.0
4594,2021/01/06 13:10:00,67.9,68.0,67.9,67.95,1055.0
4595,2021/01/06 13:11:00,67.9,68.0,67.85,67.85,3128.0
4596,2021/01/06 13:12:00,67.85,67.95,67.85,67.95,3531.0
4597,2021/01/06 13:13:00,67.95,67.95,67.85,67.85,649.0
4598,2021/01/06 13:14:00,67.85,67.9,67.85,67.9,1784.0
4599,2021/01/06 13:15:00,67.9,67.9,67.75,67.75,8447.0
4600,2021/01/06 13:16:00,67.7,67.7,67.5,67.5,22858.0
4601,2021/01/06 13:17:00,67.5,67.55,67.5,67.5,7400.0
4602,2021/01/06 13:18:00,67.6,67.6,67.55,67.55,2864.0
4603,2021/01/06 13:19:00,67.6,67.6,67.6,67.6,471.0
4604,2021/01/06 13:20:00,67.65,67.75,67.65,67.75,3619.0
4605,2021/01/06 13:22:00,67.75,67.75,67.75,67.75,2.0
4606,2021/01/06 13:23:00,67.6,67.6,67.6,67.6,1400.0
4607,2021/01/06 13:24:00,67.6,67.75,67.6,67.6,575.0
4608,2021/01/06 13:25:00,67.75,67.75,67.65,67.65,6.0
4609,2021/01/06 13:26:00,67.8,67.8,67.8,67.8,1000.0
4610,2021/01/06 13:27:00,67.8,67.8,67.7,67.7,93.0
4611,2021/01/06 13:28:00,67.75,67.75,67.75,67.75,200.0
4612,2021/01/06 13:29:00,67.65,67.75,67.65,67.75,18.0
4613,2021/01/06 13:30:00,67.65,67.8,67.65,67.8,254.0
4614,2021/01/06 13:31:00,67.8,67.8,67.65,67.65,440.0
4615,2021/01/06 13:32:00,67.8,67.8,67.65,67.65,15.0
4616,2021/01/06 13:33:00,67.65,67.65,67.6,67.6,2730.0
4617,2021/01/06 13:34:00,67.7,67.7,67.6,67.6,700.0
4618,2021/01/06 13:35:00,67.65,67.65,67.65,67.65,500.0
4619,2021/01/06 13:36:00,67.6,67.6,67.6,67.6,4215.0
4620,2021/01/06 13:37:00,67.6,67.6,67.6,67.6,100.0
4621,2021/01/06 13:38:00,67.65,67.65,67.6,67.6,1900.0
4622,2021/01/06 13:39:00,67.65,67.65,67.6,67.6,3138.0
4623,2021/01/06 13:40:00,67.55,67.55,67.4,67.45,16632.0
4624,2021/01/06 13:41:00,67.5,67.55,67.5,67.55,730.0
4625,2021/01/06 13:42:00,67.45,67.65,67.4,67.55,11219.0
4626,2021/01/06 13:43:00,67.5,67.6,67.5,67.5,1570.0
4627,2021/01/06 13:44:00,67.55,67.55,67.4,67.4,8795.0
4628,2021/01/06 13:45:00,67.35,67.45,67.35,67.35,2236.0
4629,2021/01/06 13:46:00,67.4,67.45,67.35,67.4,585.0
4630,2021/01/06 13:47:00,67.3,67.35,67.25,67.25,26642.0
4631,2021/01/06 13:48:00,67.25,67.3,67.25,67.3,535.0
4632,2021/01/06 13:49:00,67.25,67.3,67.2,67.2,3103.0
4633,2021/01/06 13:50:00,67.2,67.25,67.15,67.15,10851.0
4634,2021/01/06 13:51:00,67.05,67.1,67.0,67.05,33832.0
4635,2021/01/06 13:52:00,67.05,67.1,66.85,66.85,14897.0
4636,2021/01/06 13:53:00,66.85,67.0,66.85,67.0,20327.0
4637,2021/01/06 13:54:00,67.0,67.0,66.95,66.95,6354.0
4638,2021/01/06 13:55:00,67.0,67.25,67.0,67.25,18770.0
4639,2021/01/06 13:56:00,67.4,67.4,67.25,67.25,2974.0
4640,2021/01/06 13:57:00,67.3,67.5,67.3,67.5,25404.0
4641,2021/01/06 13:58:00,67.5,67.55,67.5,67.5,1230.0
4642,2021/01/06 13:59:00,67.5,67.55,67.5,67.55,8041.0
4643,2021/01/06 14:00:00,67.5,67.5,67.4,67.4,8762.0
4644,2021/01/06 14:01:00,67.3,67.4,67.3,67.3,1398.0
4645,2021/01/06 14:02:00,67.3,67.6,67.3,67.6,9525.0
4646,2021/01/06 14:03:00,67.6,67.6,67.5,67.5,3823.0
4647,2021/01/06 14:04:00,67.5,67.55,67.5,67.5,314.0
4648,2021/01/06 14:05:00,67.5,67.5,67.5,67.5,7208.0
4649,2021/01/06 14:06:00,67.55,67.55,67.5,67.5,1718.0
4650,2021/01/06 14:07:00,67.5,67.5,67.4,67.5,5689.0
4651,2021/01/06 14:08:00,67.45,67.5,67.45,67.5,4072.0
4652,2021/01/06 14:09:00,67.45,67.45,67.35,67.35,14499.0
4653,2021/01/06 14:10:00,67.3,67.3,67.25,67.25,10127.0
4654,2021/01/06 14:11:00,67.25,67.3,67.25,67.3,6960.0
4655,2021/01/06 14:12:00,67.3,67.3,67.15,67.15,4591.0
4656,2021/01/06 14:13:00,67.15,67.15,67.1,67.1,4377.0
4657,2021/01/06 14:14:00,67.2,67.3,67.1,67.1,9274.0
4658,2021/01/06 14:15:00,67.1,67.25,67.0,67.05,11354.0
4659,2021/01/06 14:16:00,66.95,67.25,66.95,67.25,3031.0
4660,2021/01/06 14:17:00,67.25,67.3,67.1,67.3,327.0
4661,2021/01/06 14:18:00,67.25,67.3,67.25,67.3,158.0
4662,2021/01/06 14:19:00,67.15,67.25,67.15,67.25,1294.0
4663,2021/01/06 14:20:00,67.3,67.45,67.25,67.45,5973.0
4664,2021/01/06 14:21:00,67.45,67.45,67.4,67.4,602.0
4665,2021/01/06 14:22:00,67.45,67.45,67.45,67.45,1532.0
4666,2021/01/06 14:23:00,67.4,67.4,67.35,67.35,1105.0
4667,2021/01/06 14:24:00,67.35,67.35,66.8,66.8,58223.0
4668,2021/01/06 14:25:00,67.0,67.0,67.0,67.0,1531.0
4669,2021/01/06 14:26:00,67.0,67.0,66.9,66.95,3051.0
4670,2021/01/06 14:27:00,66.95,67.25,66.9,67.0,221320.0
4671,2021/01/06 14:28:00,67.0,67.25,67.0,67.25,38264.0
4672,2021/01/06 14:29:00,67.05,67.2,67.0,67.15,5088.0
4673,2021/01/06 14:30:00,67.2,67.2,67.05,67.1,2475.0
4674,2021/01/06 14:31:00,67.1,67.1,67.05,67.1,533.0
4675,2021/01/06 14:32:00,67.15,67.2,67.0,67.05,2135.0
4676,2021/01/06 14:33:00,67.15,67.15,67.15,67.15,35.0
4677,2021/01/06 14:34:00,67.0,67.15,67.0,67.15,1035.0
4678,2021/01/06 14:35:00,67.15,67.15,67.05,67.05,306.0
4679,2021/01/06 14:36:00,67.0,67.05,67.0,67.0,3607.0
4680,2021/01/06 14:37:00,67.15,67.15,67.15,67.15,40.0
4681,2021/01/06 14:38:00,67.15,67.15,67.15,67.15,520.0
4682,2021/01/06 14:39:00,67.0,67.15,67.0,67.15,4224.0
4683,2021/01/06 14:40:00,67.0,67.15,67.0,67.15,1055.0
4684,2021/01/06 14:41:00,67.15,67.15,67.05,67.05,2501.0
4685,2021/01/06 14:42:00,67.0,67.15,67.0,67.15,5505.0
4686,2021/01/06 14:43:00,67.15,67.15,67.15,67.15,215.0
4687,2021/01/06 14:44:00,67.0,67.0,67.0,67.0,861.0
4688,2021/01/06 14:45:00,67.15,67.2,67.05,67.2,2116.0
4689,2021/01/06 14:46:00,67.2,67.2,67.1,67.15,3323.0
4690,2021/01/06 14:47:00,67.15,67.15,67.1,67.1,2977.0
4691,2021/01/06 14:48:00,67.1,67.25,67.1,67.1,2223.0
4692,2021/01/06 14:49:00,67.2,67.25,67.2,67.25,131.0
4693,2021/01/06 14:50:00,67.15,67.15,67.15,67.15,1010.0
4694,2021/01/06 14:51:00,67.15,67.2,67.1,67.2,1598.0
4695,2021/01/06 14:52:00,67.2,67.2,67.1,67.1,102.0
4696,2021/01/06 14:53:00,67.2,67.2,67.1,67.2,110.0
4697,2021/01/06 14:54:00,67.2,67.2,67.2,67.2,200.0
4698,2021/01/06 14:55:00,67.2,67.2,67.2,67.2,700.0
4699,2021/01/06 14:56:00,67.15,67.2,67.1,67.2,602.0
4700,2021/01/06 14:57:00,67.2,67.2,67.2,67.2,11.0
4701,2021/01/06 14:58:00,67.15,67.2,67.1,67.2,965.0
4702,2021/01/06 14:59:00,67.15,67.2,67.15,67.2,5862.0
4703,2021/01/06 15:00:00,67.15,67.25,67.1,67.25,8765.0
4704,2021/01/06 15:01:00,67.3,67.35,67.3,67.35,325.0
4705,2021/01/06 15:02:00,67.4,67.4,67.35,67.4,384.0
4706,2021/01/06 15:03:00,67.4,67.45,67.35,67.45,2680.0
4707,2021/01/06 15:04:00,67.4,67.45,67.4,67.4,2165.0
4708,2021/01/06 15:05:00,67.5,67.5,67.45,67.5,4958.0
4709,2021/01/06 15:06:00,67.5,67.5,67.45,67.45,1344.0
4710,2021/01/06 15:07:00,67.45,67.5,67.4,67.4,5152.0
4711,2021/01/06 15:08:00,67.4,67.4,67.35,67.35,8910.0
4712,2021/01/06 15:09:00,67.35,67.45,67.35,67.45,1720.0
4713,2021/01/06 15:10:00,67.4,67.45,67.2,67.2,20827.0
4714,2021/01/06 15:11:00,67.15,67.25,67.15,67.25,7910.0
4715,2021/01/06 15:12:00,67.15,67.35,67.05,67.1,20692.0
4716,2021/01/06 15:13:00,67.25,67.25,67.15,67.15,924.0
4717,2021/01/06 15:14:00,67.15,67.25,67.15,67.2,5063.0
4718,2021/01/06 15:15:00,67.2,67.25,67.2,67.2,3197.0
4719,2021/01/06 15:16:00,67.2,67.25,67.2,67.25,5762.0
4720,2021/01/06 15:17:00,67.25,67.25,67.2,67.25,7177.0
4721,2021/01/06 15:18:00,67.2,67.25,67.2,67.25,1065.0
4722,2021/01/06 15:19:00,67.25,67.25,67.1,67.1,3955.0
4723,2021/01/06 15:20:00,67.25,67.25,67.0,67.05,33748.0
4724,2021/01/06 15:21:00,67.1,67.4,67.05,67.25,34766.0
4725,2021/01/06 15:22:00,67.35,67.35,67.25,67.3,1218.0
4726,2021/01/06 15:23:00,67.3,67.35,67.25,67.25,20884.0
4727,2021/01/06 15:24:00,67.25,67.35,67.25,67.25,2083.0
4728,2021/01/06 15:25:00,67.1,67.5,67.1,67.4,52321.0
4729,2021/01/06 15:26:00,67.5,67.6,67.5,67.6,21374.0
4730,2021/01/06 15:27:00,67.5,67.6,67.5,67.55,3341.0
4731,2021/01/06 15:28:00,67.55,67.6,67.5,67.55,9710.0
4732,2021/01/06 15:29:00,67.5,67.55,67.2,67.55,20556.0
4733,2021/01/06 15:30:00,67.5,67.5,67.5,67.5,500.0
4734,2021/01/06 15:41:00,67.3,67.5,67.3,67.3,7600.0
4735,2021/01/06 15:43:00,67.3,67.3,67.3,67.3,100.0
4736,2021/01/06 15:45:00,67.3,67.3,67.3,67.3,1.0
4737,2021/01/06 15:47:00,67.3,67.3,67.3,67.3,4.0
4738,2021/01/06 15:48:00,67.3,67.3,67.3,67.3,300.0
4739,2021/01/06 15:50:00,67.3,67.3,67.3,67.3,448.0
4740,2021/01/06 15:54:00,67.3,67.3,67.3,67.3,689.0
4741,2021/01/06 15:56:00,67.3,67.5,67.3,67.3,558.0
4742,2021/01/06 15:57:00,67.3,67.3,67.3,67.3,500.0
4743,2021/01/06 15:58:00,67.3,67.3,67.3,67.3,452.0
4744,2021/01/06 15:59:00,67.3,67.3,67.3,67.3,366.0
4745,2021/01/07 09:07:00,68.3,68.3,68.3,68.3,2105.0
4746,2021/01/07 09:15:00,68.0,68.25,67.8,68.0,3129.0
4747,2021/01/07 09:16:00,68.0,68.2,68.0,68.2,6184.0
4748,2021/01/07 09:17:00,68.15,68.2,68.05,68.15,16083.0
4749,2021/01/07 09:18:00,68.2,68.2,68.0,68.0,14699.0
4750,2021/01/07 09:19:00,67.95,68.0,67.85,68.0,9211.0
4751,2021/01/07 09:20:00,68.0,68.0,67.9,67.9,1735.0
4752,2021/01/07 09:21:00,67.8,67.9,67.75,67.75,3234.0
4753,2021/01/07 09:22:00,67.8,67.85,67.7,67.7,1626.0
4754,2021/01/07 09:23:00,67.8,67.8,67.7,67.8,10610.0
4755,2021/01/07 09:24:00,67.8,67.8,67.7,67.8,4674.0
4756,2021/01/07 09:25:00,67.75,67.8,67.75,67.8,4998.0
4757,2021/01/07 09:26:00,67.75,67.8,67.75,67.75,1856.0
4758,2021/01/07 09:27:00,67.6,67.6,67.55,67.6,21479.0
4759,2021/01/07 09:28:00,67.6,67.8,67.6,67.8,15592.0
4760,2021/01/07 09:29:00,67.8,67.8,67.65,67.75,3720.0
4761,2021/01/07 09:30:00,67.75,67.75,67.6,67.6,1233.0
4762,2021/01/07 09:31:00,67.65,67.9,67.65,67.9,8326.0
4763,2021/01/07 09:32:00,67.7,67.9,67.7,67.9,2138.0
4764,2021/01/07 09:33:00,67.8,67.95,67.8,67.95,6186.0
4765,2021/01/07 09:34:00,68.0,68.0,67.85,67.85,3371.0
4766,2021/01/07 09:35:00,67.95,67.95,67.85,67.85,3557.0
4767,2021/01/07 09:36:00,67.8,67.85,67.75,67.75,5440.0
4768,2021/01/07 09:37:00,67.75,67.85,67.75,67.85,4857.0
4769,2021/01/07 09:38:00,67.85,67.9,67.85,67.9,1026.0
4770,2021/01/07 09:39:00,67.9,67.9,67.85,67.85,634.0
4771,2021/01/07 09:40:00,67.85,67.9,67.8,67.8,4748.0
4772,2021/01/07 09:41:00,67.8,67.85,67.75,67.85,1681.0
4773,2021/01/07 09:42:00,67.7,67.9,67.7,67.9,3620.0
4774,2021/01/07 09:43:00,67.7,67.9,67.7,67.9,213.0
4775,2021/01/07 09:44:00,67.8,67.8,67.8,67.8,2500.0
4776,2021/01/07 09:45:00,67.85,67.9,67.85,67.9,901.0
4777,2021/01/07 09:46:00,67.75,67.9,67.75,67.9,1169.0
4778,2021/01/07 09:47:00,67.8,67.9,67.8,67.9,214.0
4779,2021/01/07 09:48:00,67.9,67.9,67.8,67.9,37.0
4780,2021/01/07 09:49:00,67.9,67.9,67.75,67.75,2466.0
4781,2021/01/07 09:50:00,67.7,67.8,67.7,67.7,3912.0
4782,2021/01/07 09:51:00,67.8,67.8,67.8,67.8,1005.0
4783,2021/01/07 09:52:00,67.8,67.8,67.75,67.75,1430.0
4784,2021/01/07 09:53:00,67.85,67.85,67.85,67.85,1254.0
4785,2021/01/07 09:54:00,67.85,67.85,67.85,67.85,35.0
4786,2021/01/07 09:55:00,67.9,67.9,67.9,67.9,883.0
4787,2021/01/07 09:56:00,67.9,67.95,67.9,67.9,3081.0
4788,2021/01/07 09:57:00,67.85,67.95,67.85,67.85,856.0
4789,2021/01/07 09:58:00,67.85,67.85,67.75,67.75,260.0
4790,2021/01/07 09:59:00,67.75,67.85,67.75,67.85,1145.0
4791,2021/01/07 10:00:00,67.75,67.75,67.7,67.75,1510.0
4792,2021/01/07 10:01:00,67.9,67.9,67.75,67.9,452.0
4793,2021/01/07 10:02:00,67.9,67.9,67.75,67.9,2561.0
4794,2021/01/07 10:03:00,67.9,67.9,67.75,67.8,766.0
4795,2021/01/07 10:04:00,67.8,67.8,67.75,67.75,1414.0
4796,2021/01/07 10:05:00,67.8,67.8,67.75,67.75,933.0
4797,2021/01/07 10:06:00,67.75,67.75,67.7,67.7,1223.0
4798,2021/01/07 10:07:00,67.7,67.7,67.7,67.7,50.0
4799,2021/01/07 10:08:00,67.8,67.8,67.8,67.8,164.0
4800,2021/01/07 10:09:00,67.8,67.8,67.7,67.8,577.0
4801,2021/01/07 10:10:00,67.7,67.85,67.7,67.85,3720.0
4802,2021/01/07 10:11:00,67.85,67.85,67.85,67.85,100.0
4803,2021/01/07 10:12:00,67.7,67.8,67.7,67.7,1272.0
4804,2021/01/07 10:13:00,67.7,67.7,67.65,67.7,2342.0
4805,2021/01/07 10:14:00,67.65,67.8,67.65,67.8,890.0
4806,2021/01/07 10:15:00,67.8,67.8,67.7,67.7,574.0
4807,2021/01/07 10:16:00,67.7,67.75,67.6,67.75,10703.0
4808,2021/01/07 10:17:00,67.65,67.7,67.65,67.7,574.0
4809,2021/01/07 10:18:00,67.7,67.7,67.6,67.65,1854.0
4810,2021/01/07 10:19:00,67.65,67.7,67.65,67.7,545.0
4811,2021/01/07 10:20:00,67.65,67.7,67.65,67.7,90.0
4812,2021/01/07 10:21:00,67.65,67.7,67.65,67.7,11729.0
4813,2021/01/07 10:22:00,67.7,67.7,67.65,67.65,2025.0
4814,2021/01/07 10:23:00,67.75,67.75,67.65,67.65,455.0
4815,2021/01/07 10:24:00,67.7,67.7,67.6,67.6,8212.0
4816,2021/01/07 10:25:00,67.55,67.55,67.55,67.55,4485.0
4817,2021/01/07 10:26:00,67.55,67.65,67.55,67.65,1466.0
4818,2021/01/07 10:27:00,67.55,67.6,67.5,67.6,4906.0
4819,2021/01/07 10:28:00,67.55,67.55,67.55,67.55,831.0
4820,2021/01/07 10:29:00,67.55,67.55,67.5,67.5,4424.0
4821,2021/01/07 10:30:00,67.45,67.45,67.4,67.4,2195.0
4822,2021/01/07 10:31:00,67.35,67.45,67.35,67.45,1346.0
4823,2021/01/07 10:32:00,67.4,67.45,67.4,67.45,42.0
4824,2021/01/07 10:33:00,67.45,67.5,67.45,67.5,3520.0
4825,2021/01/07 10:34:00,67.6,67.6,67.6,67.6,100.0
4826,2021/01/07 10:35:00,67.6,67.6,67.55,67.55,748.0
4827,2021/01/07 10:36:00,67.5,67.5,67.4,67.4,7042.0
4828,2021/01/07 10:37:00,67.4,67.4,67.4,67.4,362.0
4829,2021/01/07 10:38:00,67.4,67.55,67.4,67.55,165.0
4830,2021/01/07 10:39:00,67.6,67.6,67.6,67.6,90.0
4831,2021/01/07 10:40:00,67.5,67.6,67.5,67.6,372.0
4832,2021/01/07 10:41:00,67.6,67.6,67.5,67.6,325.0
4833,2021/01/07 10:42:00,67.55,67.6,67.5,67.6,8295.0
4834,2021/01/07 10:43:00,67.6,67.6,67.6,67.6,353.0
4835,2021/01/07 10:44:00,67.55,67.55,67.5,67.55,6167.0
4836,2021/01/07 10:45:00,67.55,67.6,67.45,67.45,1033.0
4837,2021/01/07 10:46:00,67.55,67.65,67.5,67.55,2074.0
4838,2021/01/07 10:47:00,67.7,67.7,67.55,67.55,335.0
4839,2021/01/07 10:48:00,67.6,67.6,67.6,67.6,308.0
4840,2021/01/07 10:49:00,67.7,67.7,67.6,67.6,2001.0
4841,2021/01/07 10:50:00,67.55,67.55,67.55,67.55,50.0
4842,2021/01/07 10:52:00,67.7,67.7,67.5,67.5,5110.0
4843,2021/01/07 10:53:00,67.65,67.65,67.65,67.65,100.0
4844,2021/01/07 10:54:00,67.6,67.65,67.6,67.6,750.0
4845,2021/01/07 10:55:00,67.6,67.7,67.6,67.7,110.0
4846,2021/01/07 10:56:00,67.7,67.7,67.5,67.5,2824.0
4847,2021/01/07 10:57:00,67.5,67.6,67.5,67.6,2206.0
4848,2021/01/07 10:58:00,67.65,67.65,67.65,67.65,25.0
4849,2021/01/07 11:00:00,67.55,67.6,67.5,67.5,676.0
4850,2021/01/07 11:01:00,67.6,67.6,67.6,67.6,250.0
4851,2021/01/07 11:02:00,67.6,67.6,67.3,67.35,9232.0
4852,2021/01/07 11:03:00,67.4,67.5,67.35,67.5,602.0
4853,2021/01/07 11:04:00,67.45,67.5,67.45,67.5,4692.0
4854,2021/01/07 11:06:00,67.6,67.65,67.6,67.65,876.0
4855,2021/01/07 11:07:00,67.65,67.65,67.65,67.65,90.0
4856,2021/01/07 11:08:00,67.6,67.6,67.6,67.6,55.0
4857,2021/01/07 11:09:00,67.6,67.65,67.55,67.65,1416.0
4858,2021/01/07 11:10:00,67.65,67.65,67.55,67.65,676.0
4859,2021/01/07 11:11:00,67.55,67.65,67.55,67.65,260.0
4860,2021/01/07 11:12:00,67.6,67.6,67.6,67.6,600.0
4861,2021/01/07 11:13:00,67.65,67.65,67.6,67.6,26.0
4862,2021/01/07 11:14:00,67.6,67.65,67.55,67.65,2312.0
4863,2021/01/07 11:15:00,67.55,67.95,67.55,67.8,31086.0
4864,2021/01/07 11:16:00,67.7,67.8,67.7,67.8,502.0
4865,2021/01/07 11:18:00,67.8,67.8,67.8,67.8,1600.0
4866,2021/01/07 11:19:00,67.8,67.9,67.75,67.9,2923.0
4867,2021/01/07 11:20:00,67.85,67.85,67.85,67.85,125.0
4868,2021/01/07 11:21:00,67.85,67.85,67.8,67.8,1290.0
4869,2021/01/07 11:22:00,67.9,67.9,67.8,67.8,1141.0
4870,2021/01/07 11:23:00,67.9,67.9,67.8,67.9,1254.0
4871,2021/01/07 11:24:00,67.75,67.75,67.75,67.75,63.0
4872,2021/01/07 11:25:00,67.85,67.85,67.75,67.75,600.0
4873,2021/01/07 11:26:00,67.8,67.8,67.8,67.8,15.0
4874,2021/01/07 11:27:00,67.75,67.75,67.75,67.75,985.0
4875,2021/01/07 11:28:00,67.75,67.8,67.7,67.7,1003.0
4876,2021/01/07 11:29:00,67.7,67.7,67.7,67.7,500.0
4877,2021/01/07 11:30:00,67.7,67.8,67.7,67.8,116.0
4878,2021/01/07 11:31:00,67.8,67.8,67.7,67.8,3092.0
4879,2021/01/07 11:32:00,67.85,67.85,67.85,67.85,2000.0
4880,2021/01/07 11:33:00,67.75,67.85,67.75,67.85,121.0
4881,2021/01/07 11:34:00,67.85,67.85,67.8,67.8,1563.0
4882,2021/01/07 11:36:00,67.7,67.7,67.7,67.7,2500.0
4883,2021/01/07 11:37:00,67.7,67.7,67.7,67.7,59.0
4884,2021/01/07 11:38:00,67.75,67.75,67.75,67.75,210.0
4885,2021/01/07 11:39:00,67.75,67.75,67.75,67.75,51.0
4886,2021/01/07 11:40:00,67.7,67.7,67.7,67.7,250.0
4887,2021/01/07 11:41:00,67.7,67.75,67.7,67.75,932.0
4888,2021/01/07 11:42:00,67.8,67.8,67.75,67.75,990.0
4889,2021/01/07 11:43:00,67.75,67.75,67.75,67.75,1430.0
4890,2021/01/07 11:44:00,67.7,67.7,67.7,67.7,5000.0
4891,2021/01/07 11:45:00,67.8,67.8,67.65,67.75,1399.0
4892,2021/01/07 11:46:00,67.7,67.75,67.7,67.7,200.0
4893,2021/01/07 11:47:00,67.7,67.7,67.7,67.7,269.0
4894,2021/01/07 11:48:00,67.7,67.75,67.7,67.7,731.0
4895,2021/01/07 11:49:00,67.7,67.8,67.7,67.8,1370.0
4896,2021/01/07 11:50:00,67.8,67.8,67.75,67.75,51.0
4897,2021/01/07 11:51:00,67.75,67.8,67.75,67.75,2503.0
4898,2021/01/07 11:52:00,67.7,67.8,67.7,67.8,1672.0
4899,2021/01/07 11:53:00,67.75,67.75,67.75,67.75,290.0
4900,2021/01/07 11:54:00,67.75,67.75,67.75,67.75,100.0
4901,2021/01/07 11:55:00,67.75,67.8,67.75,67.8,258.0
4902,2021/01/07 11:56:00,67.8,67.8,67.75,67.8,152.0
4903,2021/01/07 11:57:00,67.8,67.8,67.8,67.8,119.0
4904,2021/01/07 11:58:00,67.8,67.8,67.55,67.55,9156.0
4905,2021/01/07 11:59:00,67.55,67.6,67.5,67.5,1519.0
4906,2021/01/07 12:00:00,67.6,67.65,67.5,67.5,604.0
4907,2021/01/07 12:01:00,67.55,67.65,67.55,67.65,77.0
4908,2021/01/07 12:02:00,67.65,67.65,67.65,67.65,3.0
4909,2021/01/07 12:03:00,67.65,67.75,67.65,67.75,1046.0
4910,2021/01/07 12:04:00,67.7,67.7,67.6,67.6,771.0
4911,2021/01/07 12:05:00,67.6,67.65,67.6,67.65,210.0
4912,2021/01/07 12:06:00,67.6,67.65,67.6,67.65,13.0
4913,2021/01/07 12:07:00,67.75,67.75,67.75,67.75,4.0
4914,2021/01/07 12:08:00,67.65,67.7,67.65,67.7,2050.0
4915,2021/01/07 12:09:00,67.6,67.7,67.6,67.6,372.0
4916,2021/01/07 12:11:00,67.7,67.7,67.6,67.7,909.0
4917,2021/01/07 12:12:00,67.6,67.6,67.6,67.6,350.0
4918,2021/01/07 12:13:00,67.7,67.7,67.6,67.6,527.0
4919,2021/01/07 12:14:00,67.7,67.7,67.7,67.7,676.0
4920,2021/01/07 12:16:00,67.75,67.8,67.7,67.8,2796.0
4921,2021/01/07 12:17:00,67.8,67.8,67.8,67.8,518.0
4922,2021/01/07 12:18:00,67.7,67.7,67.7,67.7,6.0
4923,2021/01/07 12:19:00,67.7,67.7,67.7,67.7,455.0
4924,2021/01/07 12:20:00,67.7,67.7,67.7,67.7,65.0
4925,2021/01/07 12:21:00,67.75,67.75,67.7,67.7,678.0
4926,2021/01/07 12:23:00,67.7,67.7,67.6,67.6,76.0
4927,2021/01/07 12:24:00,67.7,67.7,67.6,67.6,2109.0
4928,2021/01/07 12:25:00,67.6,67.6,67.6,67.6,20.0
4929,2021/01/07 12:26:00,67.7,67.7,67.7,67.7,2.0
4930,2021/01/07 12:27:00,67.6,67.6,67.6,67.6,500.0
4931,2021/01/07 12:28:00,67.6,67.65,67.6,67.65,1200.0
4932,2021/01/07 12:29:00,67.65,67.65,67.6,67.6,335.0
4933,2021/01/07 12:30:00,67.7,67.75,67.6,67.75,5668.0
4934,2021/01/07 12:31:00,67.75,67.75,67.7,67.7,2326.0
4935,2021/01/07 12:32:00,67.7,67.8,67.7,67.8,201.0
4936,2021/01/07 12:33:00,67.75,67.8,67.75,67.75,5890.0
4937,2021/01/07 12:34:00,67.8,67.8,67.8,67.8,5286.0
4938,2021/01/07 12:35:00,67.8,67.8,67.8,67.8,85.0
4939,2021/01/07 12:37:00,67.8,67.8,67.75,67.8,31.0
4940,2021/01/07 12:38:00,67.75,67.75,67.75,67.75,714.0
4941,2021/01/07 12:39:00,67.8,67.8,67.8,67.8,1015.0
4942,2021/01/07 12:40:00,67.85,67.85,67.8,67.85,8200.0
4943,2021/01/07 12:41:00,67.8,67.8,67.8,67.8,3455.0
4944,2021/01/07 12:42:00,67.8,67.85,67.8,67.85,2059.0
4945,2021/01/07 12:43:00,67.85,67.85,67.8,67.8,115.0
4946,2021/01/07 12:44:00,67.85,67.85,67.75,67.75,3168.0
4947,2021/01/07 12:45:00,67.75,67.8,67.75,67.75,315.0
4948,2021/01/07 12:46:00,67.75,67.75,67.7,67.7,275.0
4949,2021/01/07 12:47:00,67.65,67.65,67.65,67.65,2050.0
4950,2021/01/07 12:48:00,67.7,67.75,67.7,67.75,2429.0
4951,2021/01/07 12:49:00,67.8,67.8,67.8,67.8,50.0
4952,2021/01/07 12:50:00,67.75,67.8,67.75,67.8,1023.0
4953,2021/01/07 12:51:00,67.8,67.8,67.8,67.8,600.0
4954,2021/01/07 12:52:00,67.75,67.8,67.75,67.75,2280.0
4955,2021/01/07 12:53:00,67.75,67.8,67.75,67.8,1104.0
4956,2021/01/07 12:54:00,67.75,67.8,67.75,67.8,107.0
4957,2021/01/07 12:55:00,67.8,67.8,67.75,67.8,1067.0
4958,2021/01/07 12:56:00,67.75,67.75,67.75,67.75,1189.0
4959,2021/01/07 12:57:00,67.8,67.8,67.75,67.75,800.0
4960,2021/01/07 12:58:00,67.75,67.8,67.7,67.7,3962.0
4961,2021/01/07 12:59:00,67.7,67.75,67.7,67.75,525.0
4962,2021/01/07 13:00:00,67.8,67.8,67.7,67.8,234.0
4963,2021/01/07 13:01:00,67.75,67.75,67.7,67.7,2149.0
4964,2021/01/07 13:02:00,67.7,67.7,67.7,67.7,440.0
4965,2021/01/07 13:03:00,67.65,67.7,67.65,67.7,31.0
4966,2021/01/07 13:04:00,67.65,67.7,67.65,67.7,464.0
4967,2021/01/07 13:05:00,67.8,67.8,67.8,67.8,200.0
4968,2021/01/07 13:06:00,67.8,67.8,67.8,67.8,104.0
4969,2021/01/07 13:07:00,67.8,67.8,67.7,67.8,376.0
4970,2021/01/07 13:09:00,67.7,67.7,67.7,67.7,50.0
4971,2021/01/07 13:10:00,67.8,67.8,67.8,67.8,120.0
4972,2021/01/07 13:11:00,67.75,67.75,67.75,67.75,66.0
4973,2021/01/07 13:12:00,67.75,67.75,67.75,67.75,137.0
4974,2021/01/07 13:13:00,67.75,67.8,67.7,67.8,181.0
4975,2021/01/07 13:14:00,67.7,67.8,67.7,67.8,1574.0
4976,2021/01/07 13:15:00,67.8,67.8,67.7,67.7,63.0
4977,2021/01/07 13:16:00,67.75,67.8,67.75,67.8,1049.0
4978,2021/01/07 13:17:00,67.8,67.8,67.75,67.75,2828.0
4979,2021/01/07 13:18:00,67.75,67.8,67.7,67.7,618.0
4980,2021/01/07 13:19:00,67.7,67.7,67.7,67.7,1295.0
4981,2021/01/07 13:20:00,67.7,67.7,67.7,67.7,4.0
4982,2021/01/07 13:21:00,67.7,67.7,67.65,67.7,596.0
4983,2021/01/07 13:22:00,67.65,67.7,67.65,67.7,115.0
4984,2021/01/07 13:23:00,67.65,67.65,67.65,67.65,56.0
4985,2021/01/07 13:24:00,67.7,67.7,67.7,67.7,13.0
4986,2021/01/07 13:25:00,67.7,67.7,67.7,67.7,727.0
4987,2021/01/07 13:26:00,67.75,67.8,67.75,67.75,3510.0
4988,2021/01/07 13:27:00,67.7,67.7,67.7,67.7,2.0
4989,2021/01/07 13:28:00,67.8,67.8,67.7,67.7,1419.0
4990,2021/01/07 13:29:00,67.7,67.7,67.7,67.7,200.0
4991,2021/01/07 13:30:00,67.7,67.75,67.7,67.75,1511.0
4992,2021/01/07 13:31:00,67.7,67.7,67.7,67.7,3346.0
4993,2021/01/07 13:33:00,67.65,67.7,67.65,67.7,330.0
4994,2021/01/07 13:34:00,67.65,67.65,67.65,67.65,22.0
4995,2021/01/07 13:35:00,67.65,67.65,67.55,67.6,6763.0
4996,2021/01/07 13:36:00,67.6,67.6,67.55,67.6,451.0
4997,2021/01/07 13:37:00,67.6,67.6,67.6,67.6,105.0
4998,2021/01/07 13:38:00,67.6,67.6,67.6,67.6,15.0
4999,2021/01/07 13:39:00,67.55,67.55,67.5,67.5,4453.0
